{
    "bestSolution": [
        8,
        4,
        2,
        4,
        1,
        4,
        12,
        4,
        16,
        0,
        3,
        4,
        13,
        0,
        7,
        0,
        13,
        0,
        14,
        0,
        10,
        4,
        0,
        4,
        17,
        0,
        14,
        4,
        18,
        0,
        7,
        4,
        8,
        4,
        19,
        0,
        15,
        0,
        19,
        4,
        6,
        0,
        8,
        0,
        9,
        0,
        18,
        0,
        15,
        0,
        13,
        0,
        7,
        4,
        8,
        0,
        4,
        1,
        4,
        4,
        5,
        0,
        14,
        1,
        12,
        0,
        11,
        4,
        1,
        0,
        16,
        0,
        10,
        4,
        12,
        4,
        19,
        0,
        3,
        0,
        6,
        0,
        8,
        4,
        12,
        3,
        9,
        0,
        11,
        0,
        19,
        0,
        9,
        4,
        2,
        2,
        0,
        0,
        17,
        4,
        16,
        0,
        15,
        4,
        11,
        0,
        3,
        2,
        1,
        0,
        3,
        0,
        2,
        0,
        16,
        0,
        18,
        0,
        17,
        0,
        9,
        4,
        11,
        0,
        5,
        0,
        7,
        4,
        19,
        0,
        18,
        4,
        4,
        4,
        5,
        4,
        6,
        0,
        17,
        0,
        18,
        0,
        11,
        0,
        5,
        0,
        10,
        4,
        0,
        0,
        9,
        0,
        2,
        0,
        4,
        4,
        14,
        0,
        13,
        0,
        4,
        0,
        7,
        0,
        10,
        4,
        6,
        0,
        15,
        4,
        16,
        0,
        6,
        0,
        15,
        0,
        1,
        0,
        3,
        4,
        14,
        0,
        17,
        0,
        1,
        4,
        10,
        2,
        5,
        4,
        13,
        4,
        0,
        0,
        2,
        4,
        0,
        4,
        12,
        4
    ],
    "makespan": 393,
    "normalized_makespan": 0.1588235294117647,
    "energy": 8664,
    "normalized_energy": 0.36856010568031705,
    "tardiness": 0,
    "normalized_tardiness": 0,
    "bestObjectiveFunction": 0.5273836350920817,
    "tiempo_por_iteracion": 1.964073581515618
}