{
    "bestSolution": [
        16,
        2,
        6,
        2,
        7,
        2,
        3,
        0,
        8,
        2,
        18,
        1,
        17,
        2,
        11,
        1,
        15,
        2,
        19,
        1,
        18,
        1,
        7,
        1,
        5,
        2,
        4,
        1,
        16,
        1,
        14,
        1,
        11,
        2,
        11,
        1,
        14,
        2,
        3,
        1,
        15,
        2,
        6,
        2,
        10,
        1,
        2,
        0,
        2,
        2,
        8,
        1,
        18,
        2,
        16,
        2,
        19,
        2,
        1,
        2,
        11,
        1,
        4,
        2,
        18,
        0,
        0,
        1,
        13,
        0,
        9,
        1,
        15,
        1,
        7,
        2,
        16,
        0,
        9,
        0,
        1,
        1,
        6,
        2,
        8,
        2,
        13,
        0,
        6,
        0,
        17,
        1,
        7,
        2,
        0,
        2,
        16,
        1,
        8,
        2,
        0,
        1,
        14,
        0,
        9,
        2,
        11,
        1,
        4,
        2,
        7,
        2,
        5,
        1,
        12,
        2,
        5,
        2,
        13,
        2,
        19,
        0,
        14,
        1,
        8,
        1,
        3,
        2,
        9,
        0,
        10,
        2,
        10,
        1,
        1,
        1,
        12,
        0,
        18,
        1,
        1,
        2,
        15,
        0,
        3,
        0,
        2,
        2,
        4,
        2,
        17,
        1,
        19,
        2,
        2,
        1,
        19,
        1,
        10,
        1,
        5,
        2,
        2,
        0,
        0,
        2,
        3,
        0,
        1,
        1,
        5,
        2,
        13,
        2,
        12,
        0,
        9,
        2,
        13,
        2,
        6,
        0,
        12,
        1,
        0,
        2,
        4,
        2,
        12,
        1,
        15,
        2,
        14,
        2,
        17,
        0,
        10,
        2,
        17,
        1
    ],
    "makespan": 1117,
    "normalized_makespan": 0.0672,
    "energy": 6840,
    "normalized_energy": 0.7898520084566596,
    "tardiness": 3193,
    "normalized_tardiness": 0.22900380119056157,
    "bestObjectiveFunction": 1.0860558096472213,
    "tiempo_por_iteracion": 1.87055572782244
}