{
    "bestSolution": [
        7,
        2,
        9,
        0,
        5,
        0,
        18,
        1,
        18,
        2,
        10,
        1,
        19,
        2,
        15,
        2,
        15,
        1,
        11,
        0,
        14,
        2,
        8,
        2,
        3,
        2,
        13,
        2,
        6,
        1,
        7,
        1,
        9,
        1,
        10,
        2,
        13,
        2,
        1,
        2,
        12,
        2,
        17,
        2,
        12,
        1,
        6,
        1,
        12,
        2,
        0,
        1,
        14,
        2,
        2,
        1,
        17,
        1,
        14,
        0,
        11,
        0,
        6,
        1,
        3,
        1,
        5,
        0,
        13,
        1,
        4,
        2,
        10,
        2,
        3,
        2,
        19,
        2,
        4,
        1,
        9,
        2,
        3,
        2,
        16,
        2,
        15,
        2,
        5,
        2,
        16,
        2,
        7,
        2,
        2,
        2,
        16,
        1,
        8,
        2,
        18,
        1,
        12,
        2,
        2,
        2,
        1,
        2,
        0,
        1,
        2,
        2,
        19,
        2,
        17,
        2,
        5,
        2,
        1,
        1,
        17,
        0,
        7,
        2,
        18,
        0,
        12,
        1,
        1,
        2,
        17,
        2,
        15,
        1,
        11,
        2,
        4,
        1,
        5,
        2,
        4,
        2,
        0,
        1,
        19,
        1,
        11,
        2,
        13,
        1,
        1,
        1,
        15,
        1,
        4,
        2,
        9,
        0,
        6,
        1,
        14,
        1,
        7,
        2,
        8,
        2,
        2,
        2,
        3,
        2,
        9,
        1,
        14,
        2,
        18,
        1,
        8,
        0,
        13,
        2,
        16,
        1,
        16,
        1,
        10,
        0,
        11,
        2,
        19,
        1,
        8,
        1,
        10,
        1,
        6,
        1,
        0,
        1,
        0,
        2
    ],
    "makespan": 213,
    "normalized_makespan": 0.07737556561085973,
    "energy": 9411,
    "normalized_energy": 0.8619550858652576,
    "tardiness": 463,
    "normalized_tardiness": 0.205595026642984,
    "bestObjectiveFunction": 1.1449256781191013,
    "tiempo_por_iteracion": 3.2069824863882626
}