{
    "bestSolution": [
        2,
        0,
        4,
        2,
        0,
        2,
        3,
        2,
        2,
        1,
        0,
        0,
        3,
        0,
        4,
        0,
        2,
        2,
        0,
        2,
        1,
        0,
        1,
        2,
        4,
        0,
        1,
        0,
        0,
        0,
        4,
        0,
        0,
        0,
        1,
        2,
        3,
        0,
        3,
        0,
        2,
        0,
        2,
        2,
        0,
        2,
        4,
        0,
        4,
        0,
        4,
        0,
        0,
        2,
        1,
        2,
        2,
        2,
        0,
        0,
        2,
        0,
        3,
        0,
        3,
        2,
        1,
        0,
        1,
        0,
        4,
        0,
        4,
        0,
        2,
        0,
        0,
        0,
        1,
        0,
        4,
        1,
        2,
        2,
        3,
        0,
        1,
        2,
        0,
        0,
        2,
        0,
        3,
        0,
        3,
        2,
        1,
        1,
        3,
        0
    ],
    "makespan": 218,
    "normalized_makespan": 0.17116182572614108,
    "energy": 4327,
    "normalized_energy": 0.2857142857142857,
    "tardiness": 0,
    "normalized_tardiness": 0,
    "bestObjectiveFunction": 0.4568761114404268,
    "tiempo_por_iteracion": 1.2521257400512695
}