{
    "bestSolution": [
        1,
        0,
        2,
        0,
        3,
        0,
        2,
        0,
        2,
        0,
        2,
        0,
        1,
        0,
        4,
        0,
        2,
        0,
        4,
        0,
        0,
        0,
        3,
        0,
        4,
        0,
        2,
        0,
        2,
        0,
        4,
        0,
        1,
        0,
        1,
        0,
        4,
        0,
        4,
        0,
        1,
        0,
        3,
        0,
        3,
        0,
        0,
        0,
        2,
        0,
        0,
        0,
        3,
        0,
        3,
        0,
        2,
        0,
        3,
        0,
        4,
        0,
        0,
        0,
        1,
        0,
        4,
        0,
        0,
        0,
        1,
        0,
        1,
        0,
        3,
        0,
        0,
        0,
        0,
        0,
        4,
        0,
        1,
        0,
        1,
        0,
        0,
        0,
        3,
        0,
        0,
        0,
        3,
        0,
        4,
        0,
        2,
        0,
        0,
        0
    ],
    "makespan": 375,
    "normalized_makespan": 0.046918123275068994,
    "energy": 3780,
    "normalized_energy": 0,
    "tardiness": 0,
    "normalized_tardiness": 0,
    "bestObjectiveFunction": 0.046918123275068994,
    "tiempo_por_iteracion": 2.5881927013397217
}