{
    "bestSolution": [
        0,
        0,
        2,
        0,
        0,
        0,
        1,
        0,
        3,
        0,
        0,
        0,
        4,
        0,
        2,
        0,
        3,
        0,
        3,
        0,
        0,
        0,
        0,
        0,
        2,
        0,
        1,
        0,
        4,
        0,
        2,
        0,
        1,
        0,
        3,
        0,
        3,
        0,
        4,
        0,
        0,
        0,
        0,
        0,
        3,
        0,
        2,
        0,
        3,
        0,
        2,
        0,
        4,
        0,
        0,
        0,
        2,
        0,
        3,
        0,
        3,
        0,
        1,
        0,
        1,
        0,
        1,
        0,
        1,
        0,
        0,
        0,
        4,
        0,
        1,
        0,
        4,
        0,
        0,
        0,
        4,
        0,
        3,
        0,
        4,
        0,
        0,
        0,
        4,
        0,
        1,
        0,
        2,
        0,
        0,
        0,
        1,
        0,
        2,
        0,
        3,
        0,
        4,
        0,
        0,
        0,
        3,
        0,
        1,
        0,
        3,
        0,
        0,
        0,
        2,
        0,
        4,
        0,
        1,
        0,
        0,
        0,
        2,
        0,
        2,
        0,
        1,
        0,
        3,
        0,
        2,
        0,
        4,
        0,
        4,
        0,
        1,
        0,
        2,
        0,
        2,
        0,
        0,
        0,
        4,
        0,
        0,
        0,
        3,
        0,
        1,
        0,
        2,
        0,
        1,
        0,
        3,
        0,
        1,
        0,
        2,
        0,
        2,
        0,
        0,
        0,
        4,
        0,
        1,
        0,
        3,
        0,
        1,
        0,
        0,
        0,
        0,
        0,
        4,
        0,
        2,
        0,
        4,
        0,
        1,
        0,
        4,
        0,
        4,
        0,
        4,
        0,
        3,
        0,
        3,
        0,
        2,
        0,
        3,
        0
    ],
    "makespan": 868,
    "normalized_makespan": 0.04881050041017227,
    "energy": 7288,
    "normalized_energy": 0,
    "tardiness": 0,
    "normalized_tardiness": 0.0,
    "bestObjectiveFunction": 0.04881050041017227,
    "tiempo_por_iteracion": 3.559578835964203
}