{
    "bestSolution": [
        6,
        0,
        1,
        0,
        16,
        0,
        13,
        0,
        8,
        0,
        3,
        0,
        10,
        0,
        13,
        0,
        14,
        0,
        19,
        0,
        5,
        0,
        15,
        0,
        11,
        0,
        18,
        0,
        10,
        0,
        14,
        0,
        14,
        0,
        4,
        0,
        12,
        0,
        12,
        0,
        9,
        0,
        18,
        0,
        5,
        0,
        7,
        0,
        16,
        0,
        10,
        0,
        19,
        0,
        3,
        0,
        18,
        0,
        1,
        0,
        12,
        0,
        15,
        0,
        1,
        0,
        13,
        0,
        4,
        0,
        15,
        0,
        7,
        0,
        0,
        0,
        2,
        0,
        6,
        0,
        19,
        0,
        17,
        0,
        6,
        0,
        17,
        0,
        9,
        0,
        1,
        0,
        11,
        0,
        0,
        0,
        11,
        0,
        9,
        0,
        5,
        0,
        3,
        0,
        18,
        0,
        3,
        0,
        4,
        0,
        12,
        0,
        7,
        0,
        10,
        0,
        14,
        0,
        6,
        0,
        8,
        0,
        7,
        0,
        19,
        0,
        13,
        0,
        16,
        0,
        8,
        0,
        11,
        0,
        9,
        0,
        18,
        0,
        5,
        0,
        2,
        0,
        2,
        0,
        0,
        0,
        17,
        0,
        19,
        0,
        2,
        0,
        8,
        0,
        17,
        0,
        7,
        0,
        16,
        0,
        9,
        0,
        0,
        0,
        1,
        0,
        3,
        0,
        16,
        0,
        5,
        0,
        13,
        0,
        6,
        0,
        17,
        0,
        12,
        0,
        8,
        0,
        11,
        0,
        10,
        0,
        15,
        0,
        0,
        0,
        14,
        0,
        15,
        0,
        2,
        0,
        4,
        0,
        4,
        0
    ],
    "makespan": 827,
    "normalized_makespan": 0.1913844130220322,
    "energy": 7249,
    "normalized_energy": 0,
    "tardiness": 2336,
    "normalized_tardiness": 0.7108947048082775,
    "bestObjectiveFunction": 0.9022791178303098,
    "tiempo_por_iteracion": 2.3499798612161116
}