{
    "bestSolution": [
        10,
        0,
        17,
        0,
        13,
        0,
        3,
        0,
        15,
        0,
        17,
        0,
        6,
        0,
        11,
        0,
        11,
        0,
        3,
        0,
        0,
        0,
        4,
        0,
        12,
        0,
        16,
        0,
        3,
        0,
        4,
        0,
        10,
        0,
        5,
        0,
        19,
        0,
        11,
        0,
        10,
        0,
        2,
        0,
        14,
        0,
        5,
        0,
        12,
        0,
        2,
        0,
        9,
        0,
        2,
        0,
        9,
        0,
        0,
        0,
        18,
        0,
        7,
        0,
        11,
        0,
        10,
        0,
        5,
        0,
        17,
        0,
        3,
        0,
        8,
        0,
        18,
        0,
        15,
        0,
        3,
        0,
        0,
        0,
        7,
        0,
        12,
        0,
        16,
        0,
        8,
        0,
        6,
        0,
        4,
        0,
        18,
        0,
        8,
        0,
        16,
        0,
        11,
        0,
        18,
        0,
        14,
        0,
        8,
        0,
        9,
        0,
        6,
        0,
        6,
        0,
        19,
        0,
        1,
        0,
        16,
        0,
        18,
        0,
        15,
        0,
        8,
        0,
        13,
        0,
        16,
        0,
        14,
        0,
        19,
        0,
        13,
        0,
        9,
        0,
        4,
        0,
        6,
        0,
        19,
        0,
        0,
        0,
        15,
        0,
        1,
        0,
        5,
        0,
        5,
        0,
        7,
        0,
        15,
        0,
        0,
        0,
        19,
        0,
        1,
        0,
        1,
        0,
        7,
        0,
        2,
        0,
        12,
        0,
        14,
        0,
        17,
        0,
        4,
        0,
        17,
        0,
        2,
        0,
        9,
        0,
        14,
        0,
        13,
        0,
        10,
        0,
        13,
        0,
        1,
        0,
        7,
        0,
        12,
        0
    ],
    "makespan": 226,
    "normalized_makespan": 0.30324909747292417,
    "energy": 9407,
    "normalized_energy": 0,
    "tardiness": 530,
    "normalized_tardiness": 0.8660130718954249,
    "bestObjectiveFunction": 1.169262169368349,
    "tiempo_por_iteracion": 3.557019352912903
}