{
    "bestSolution": [
        11,
        0,
        4,
        0,
        8,
        0,
        7,
        0,
        19,
        0,
        6,
        0,
        19,
        0,
        2,
        0,
        19,
        0,
        2,
        0,
        11,
        0,
        11,
        0,
        10,
        0,
        11,
        0,
        3,
        0,
        4,
        0,
        18,
        0,
        19,
        0,
        19,
        0,
        13,
        0,
        16,
        0,
        7,
        0,
        13,
        0,
        7,
        0,
        1,
        0,
        1,
        0,
        4,
        0,
        14,
        0,
        11,
        0,
        3,
        0,
        13,
        0,
        16,
        0,
        7,
        0,
        4,
        0,
        7,
        0,
        16,
        0,
        9,
        0,
        17,
        0,
        5,
        0,
        15,
        0,
        12,
        0,
        0,
        0,
        18,
        0,
        1,
        0,
        16,
        0,
        12,
        0,
        14,
        0,
        5,
        0,
        1,
        0,
        17,
        0,
        9,
        0,
        12,
        0,
        18,
        0,
        16,
        0,
        8,
        0,
        15,
        0,
        6,
        0,
        8,
        0,
        10,
        0,
        10,
        0,
        12,
        0,
        5,
        0,
        9,
        0,
        2,
        0,
        9,
        0,
        10,
        0,
        17,
        0,
        15,
        0,
        14,
        0,
        4,
        0,
        3,
        0,
        18,
        0,
        13,
        0,
        14,
        0,
        15,
        0,
        6,
        0,
        3,
        0,
        13,
        0,
        3,
        0,
        12,
        0,
        1,
        0,
        18,
        0,
        6,
        0,
        2,
        0,
        0,
        0,
        8,
        0,
        0,
        0,
        10,
        0,
        15,
        0,
        0,
        0,
        8,
        0,
        17,
        0,
        14,
        0,
        9,
        0,
        6,
        0,
        2,
        0,
        5,
        0,
        0,
        0,
        17,
        0,
        5,
        0
    ],
    "makespan": 234,
    "normalized_makespan": 0.3176895306859206,
    "energy": 9407,
    "normalized_energy": 0,
    "tardiness": 447,
    "normalized_tardiness": 0.7303921568627451,
    "bestObjectiveFunction": 1.0480816875486656,
    "tiempo_por_iteracion": 0.8836155073983328
}