{
    "status": "OPTIMAL_SOLUTION",
    "solution": {
        "objective": 0.2821326562995823,
        "start_time": [
            [
                633,
                538,
                300,
                810,
                468
            ],
            [
                682,
                0,
                531,
                253,
                399
            ],
            [
                0,
                147,
                682,
                430,
                891
            ],
            [
                381,
                824,
                0,
                956,
                137
            ],
            [
                873,
                244,
                460,
                596,
                538
            ]
        ],
        "SpeedScaling": [
            [
                1,
                1,
                1,
                1,
                1
            ],
            [
                1,
                1,
                1,
                1,
                1
            ],
            [
                1,
                1,
                1,
                1,
                1
            ],
            [
                1,
                1,
                1,
                1,
                1
            ],
            [
                1,
                1,
                1,
                1,
                1
            ]
        ],
        "_output_item": "Objective function: 0.2821326562995824 + -4.163336342344337e-17 = 0.2821326562995823 \nObjective function : M-1022.0 + E-753.0 = 0.2821326562995823 \nStart Times: [633, 538, 300, 810, 468, 682, 0, 531, 253, 399, 0, 147, 682, 430, 891, 381, 824, 0, 956, 137, 873, 244, 460, 596, 538]\nSpeed Scaling; [1, 1, 1, 1, 1, 1, 1, 1, 1, 1, 1, 1, 1, 1, 1, 1, 1, 1, 1, 1, 1, 1, 1, 1, 1]\n",
        "_checker": ""
    },
    "statistics": {
        "paths": 0,
        "flatIntVars": 351,
        "flatFloatVars": 29,
        "flatIntConstraints": 351,
        "flatFloatConstraints": 29,
        "evaluatedHalfReifiedConstraints": 100,
        "method": "minimize",
        "flatTime": 89.202,
        "objective": 0.2821326563,
        "objectiveBound": 0.2821326563,
        "nodes": 1068,
        "openNodes": 219,
        "solveTime": 150.0,
        "time": 216.0,
        "nSolutions": 7
    }
}