{
    "bestSolution": [
        1,
        0,
        4,
        0,
        0,
        0,
        3,
        4,
        1,
        0,
        2,
        0,
        0,
        0,
        2,
        4,
        4,
        0,
        0,
        0,
        3,
        0,
        2,
        0,
        4,
        1,
        1,
        0,
        3,
        0,
        2,
        4,
        4,
        4,
        0,
        0,
        1,
        0,
        3,
        0,
        4,
        0,
        0,
        0,
        3,
        4,
        2,
        0,
        1,
        1
    ],
    "makespan": 803,
    "normalized_makespan": 0.21263091082196128,
    "energy": 1068,
    "normalized_energy": 0.2567237163814181,
    "tardiness": 0,
    "normalized_tardiness": 0,
    "bestObjectiveFunction": 0.4693546272033794,
    "tiempo_por_iteracion": 0.5208641229216585
}