{
    "bestSolution": [
        0,
        2,
        3,
        3,
        4,
        2,
        1,
        2,
        4,
        2,
        1,
        2,
        0,
        2,
        1,
        1,
        1,
        3,
        2,
        1,
        4,
        3,
        4,
        0,
        1,
        1,
        2,
        3,
        3,
        4,
        0,
        2,
        1,
        1,
        1,
        2,
        2,
        3,
        0,
        3,
        0,
        2,
        0,
        1,
        3,
        4,
        2,
        3,
        0,
        2,
        0,
        2,
        3,
        1,
        4,
        2,
        2,
        4,
        1,
        1,
        4,
        2,
        3,
        1,
        2,
        2,
        3,
        2,
        4,
        3,
        0,
        3,
        4,
        1,
        3,
        4,
        4,
        1,
        3,
        3,
        3,
        2,
        0,
        3,
        2,
        1,
        1,
        0,
        3,
        0,
        2,
        1,
        2,
        3,
        4,
        0,
        2,
        4,
        1,
        4
    ],
    "makespan": 779,
    "normalized_makespan": 0.08581124757595346,
    "energy": 3502,
    "normalized_energy": 0.8074255405956753,
    "tardiness": 271,
    "normalized_tardiness": 0.042106898694841514,
    "bestObjectiveFunction": 0.9353436868664703,
    "tiempo_por_iteracion": 1.4416005268371364
}