{
    "bestSolution": [
        2,
        0,
        2,
        0,
        4,
        0,
        1,
        0,
        0,
        0,
        3,
        0,
        1,
        0,
        0,
        0,
        0,
        0,
        3,
        0,
        4,
        0,
        2,
        0,
        0,
        0,
        1,
        0,
        1,
        0,
        3,
        0,
        2,
        0,
        4,
        0,
        3,
        0,
        1,
        0,
        3,
        0,
        4,
        0,
        4,
        0,
        2,
        0,
        0,
        0
    ],
    "makespan": 429,
    "normalized_makespan": 0.3348909657320872,
    "energy": 1786,
    "normalized_energy": 0,
    "tardiness": 21,
    "normalized_tardiness": 0.02453271028037383,
    "bestObjectiveFunction": 0.35942367601246106,
    "tiempo_por_iteracion": 0.6597387335802379
}