{
    "bestSolution": [
        12,
        0,
        12,
        0,
        7,
        0,
        11,
        0,
        16,
        0,
        3,
        0,
        18,
        0,
        2,
        0,
        1,
        0,
        11,
        0,
        13,
        0,
        5,
        0,
        6,
        0,
        11,
        0,
        6,
        0,
        10,
        0,
        16,
        0,
        4,
        0,
        10,
        0,
        7,
        0,
        17,
        0,
        2,
        0,
        5,
        0,
        10,
        0,
        3,
        0,
        2,
        0,
        17,
        0,
        16,
        0,
        6,
        0,
        6,
        0,
        3,
        0,
        1,
        0,
        4,
        0,
        7,
        0,
        2,
        0,
        3,
        0,
        15,
        0,
        8,
        0,
        12,
        0,
        13,
        0,
        19,
        0,
        16,
        0,
        2,
        0,
        19,
        0,
        18,
        0,
        8,
        0,
        13,
        0,
        4,
        0,
        7,
        0,
        17,
        0,
        0,
        0,
        18,
        0,
        1,
        0,
        19,
        0,
        5,
        0,
        4,
        0,
        11,
        0,
        8,
        0,
        10,
        0,
        12,
        0,
        10,
        0,
        9,
        0,
        18,
        0,
        9,
        0,
        15,
        0,
        19,
        0,
        4,
        0,
        13,
        0,
        3,
        0,
        14,
        0,
        15,
        0,
        12,
        0,
        14,
        0,
        17,
        0,
        6,
        0,
        5,
        0,
        0,
        0,
        14,
        0,
        9,
        0,
        0,
        0,
        8,
        0,
        15,
        0,
        1,
        0,
        9,
        0,
        1,
        0,
        19,
        0,
        11,
        0,
        8,
        0,
        15,
        0,
        0,
        0,
        13,
        0,
        16,
        0,
        7,
        0,
        5,
        0,
        17,
        0,
        14,
        0,
        9,
        0,
        18,
        0,
        14,
        0,
        0,
        0
    ],
    "makespan": 174,
    "normalized_makespan": 0.2389558232931727,
    "energy": 9457,
    "normalized_energy": 0,
    "tardiness": 273,
    "normalized_tardiness": 0.4936708860759494,
    "bestObjectiveFunction": 0.7326267093691221,
    "tiempo_por_iteracion": 1.027510212916954
}