{
    "bestSolution": [
        5,
        0,
        4,
        0,
        7,
        0,
        4,
        0,
        8,
        0,
        5,
        0,
        1,
        0,
        7,
        0,
        0,
        0,
        6,
        0,
        9,
        0,
        0,
        0,
        2,
        0,
        2,
        0,
        9,
        0,
        8,
        0,
        1,
        0,
        3,
        0,
        7,
        0,
        8,
        0,
        2,
        0,
        3,
        0,
        5,
        0,
        0,
        0,
        9,
        0,
        1,
        0,
        3,
        0,
        3,
        0,
        9,
        0,
        8,
        0,
        7,
        0,
        8,
        0,
        2,
        0,
        7,
        0,
        7,
        0,
        9,
        0,
        1,
        0,
        3,
        0,
        6,
        0,
        5,
        0,
        6,
        0,
        5,
        0,
        8,
        0,
        1,
        0,
        5,
        0,
        0,
        0,
        4,
        0,
        2,
        0,
        6,
        0,
        8,
        0,
        4,
        0,
        4,
        0,
        2,
        0,
        7,
        0,
        2,
        0,
        4,
        0,
        9,
        0,
        2,
        0,
        6,
        0,
        1,
        0,
        3,
        0,
        5,
        0,
        0,
        0,
        4,
        0,
        6,
        0,
        8,
        0,
        8,
        0,
        6,
        0,
        3,
        0,
        1,
        0,
        4,
        0,
        7,
        0,
        4,
        0,
        0,
        0,
        6,
        0,
        0,
        0,
        7,
        0,
        2,
        0,
        3,
        0,
        9,
        0,
        3,
        0,
        1,
        0,
        8,
        0,
        5,
        0,
        6,
        0,
        9,
        0,
        9,
        0,
        3,
        0,
        7,
        0,
        4,
        0,
        0,
        0,
        1,
        0,
        5,
        0,
        6,
        0,
        1,
        0,
        9,
        0,
        0,
        0,
        2,
        0,
        0,
        0,
        5,
        0
    ],
    "makespan": 680,
    "normalized_makespan": 0.10902777777777778,
    "energy": 7232,
    "normalized_energy": 0,
    "tardiness": 135,
    "normalized_tardiness": 0.041589648798521256,
    "bestObjectiveFunction": 0.15061742657629903,
    "tiempo_por_iteracion": 2.9758191638522677
}