{
    "bestSolution": [
        0,
        1,
        3,
        3,
        0,
        2,
        3,
        1,
        4,
        1,
        0,
        3,
        1,
        1,
        2,
        0,
        1,
        2,
        2,
        3,
        2,
        1,
        4,
        0,
        3,
        4,
        4,
        1,
        2,
        3,
        3,
        1,
        2,
        4,
        1,
        2,
        3,
        0,
        0,
        2,
        3,
        2,
        1,
        2,
        3,
        1,
        0,
        0,
        0,
        2,
        2,
        1,
        1,
        3,
        0,
        0,
        1,
        4,
        4,
        3,
        4,
        1,
        0,
        0,
        1,
        4,
        3,
        4,
        4,
        4,
        4,
        2,
        0,
        1,
        1,
        4,
        2,
        2,
        4,
        1,
        4,
        0,
        4,
        2,
        3,
        1,
        2,
        4,
        0,
        1,
        2,
        2,
        2,
        1,
        1,
        0,
        1,
        1,
        3,
        3
    ],
    "makespan": 157,
    "normalized_makespan": 0.1078838174273859,
    "energy": 4675,
    "normalized_energy": 0.7779349363507779,
    "tardiness": 169,
    "normalized_tardiness": 0.16617502458210423,
    "bestObjectiveFunction": 1.0519937783602682,
    "tiempo_por_iteracion": 1.0642617619226848
}