{
    "bestSolution": [
        8,
        4,
        6,
        0,
        2,
        3,
        9,
        4,
        0,
        2,
        1,
        0,
        8,
        4,
        0,
        0,
        9,
        0,
        5,
        0,
        4,
        2,
        6,
        2,
        7,
        0,
        4,
        1,
        5,
        0,
        8,
        0,
        8,
        0,
        1,
        4,
        2,
        0,
        7,
        0,
        7,
        0,
        5,
        4,
        1,
        0,
        7,
        1,
        6,
        0,
        2,
        0,
        2,
        0,
        5,
        0,
        3,
        0,
        7,
        0,
        9,
        0,
        3,
        0,
        6,
        4,
        3,
        4,
        3,
        1,
        5,
        0,
        2,
        0,
        4,
        0,
        0,
        4,
        6,
        4,
        1,
        0,
        8,
        0,
        4,
        4,
        0,
        0,
        9,
        4,
        3,
        0,
        1,
        4,
        0,
        0,
        4,
        4,
        9,
        4
    ],
    "makespan": 1454,
    "normalized_makespan": 0.17068007409367558,
    "energy": 2279,
    "normalized_energy": 0.3844292053247277,
    "tardiness": 0,
    "normalized_tardiness": 0,
    "bestObjectiveFunction": 0.5551092794184033,
    "tiempo_por_iteracion": 0.9431696205495674
}