{
    "bestSolution": [
        3,
        2,
        0,
        0,
        2,
        2,
        2,
        1,
        1,
        0,
        3,
        0,
        3,
        0,
        4,
        2,
        2,
        0,
        2,
        2,
        4,
        2,
        1,
        0,
        4,
        0,
        4,
        2,
        1,
        2,
        4,
        0,
        0,
        0,
        2,
        2,
        2,
        2,
        2,
        2,
        4,
        2,
        2,
        0,
        2,
        0,
        0,
        0,
        3,
        0,
        3,
        2,
        1,
        0,
        2,
        0,
        4,
        2,
        0,
        2,
        2,
        0,
        0,
        0,
        0,
        0,
        2,
        2,
        1,
        0,
        2,
        0,
        2,
        1,
        4,
        2,
        4,
        0,
        3,
        0,
        4,
        0,
        1,
        2,
        1,
        0,
        2,
        0,
        3,
        0,
        4,
        0,
        0,
        2,
        0,
        0,
        3,
        0,
        1,
        0,
        4,
        2,
        3,
        0,
        2,
        2,
        1,
        0,
        3,
        2,
        3,
        2,
        3,
        2,
        3,
        0,
        4,
        2,
        0,
        0,
        1,
        0,
        1,
        0,
        3,
        0,
        4,
        0,
        0,
        0,
        3,
        2,
        0,
        0,
        1,
        2,
        2,
        0,
        0,
        2,
        0,
        0,
        4,
        0,
        1,
        0,
        2,
        2,
        3,
        2,
        3,
        1,
        2,
        0,
        1,
        0,
        1,
        0,
        0,
        0,
        0,
        2,
        1,
        0,
        1,
        2,
        0,
        2,
        4,
        0,
        4,
        0,
        3,
        0,
        0,
        2,
        3,
        2,
        0,
        0,
        4,
        0,
        3,
        2,
        2,
        1,
        1,
        0,
        0,
        2,
        0,
        2,
        4,
        2,
        4,
        0,
        1,
        0,
        1,
        2
    ],
    "makespan": 2264,
    "normalized_makespan": 0.13608950960165053,
    "energy": 5136,
    "normalized_energy": 0.42939126870260297,
    "tardiness": 0,
    "normalized_tardiness": 0,
    "bestObjectiveFunction": 0.5654807783042535,
    "tiempo_por_iteracion": 3.290353430642022
}