{
    "bestSolution": [
        3,
        0,
        3,
        0,
        4,
        0,
        4,
        0,
        3,
        0,
        3,
        0,
        3,
        0,
        3,
        0,
        3,
        0,
        4,
        0,
        3,
        0,
        4,
        0,
        4,
        0,
        2,
        0,
        3,
        0,
        2,
        0,
        4,
        0,
        3,
        0,
        4,
        0,
        4,
        0,
        1,
        0,
        1,
        0,
        1,
        0,
        1,
        0,
        4,
        0,
        4,
        0,
        3,
        0,
        3,
        0,
        1,
        0,
        3,
        0,
        3,
        0,
        0,
        0,
        3,
        0,
        3,
        0,
        2,
        0,
        2,
        0,
        1,
        0,
        1,
        0,
        4,
        0,
        2,
        0,
        3,
        0,
        1,
        0,
        2,
        0,
        4,
        0,
        4,
        0,
        0,
        0,
        1,
        0,
        2,
        0,
        1,
        0,
        1,
        0,
        2,
        0,
        0,
        0,
        2,
        0,
        2,
        0,
        1,
        0,
        3,
        0,
        2,
        0,
        3,
        0,
        4,
        0,
        2,
        0,
        0,
        0,
        1,
        0,
        0,
        0,
        0,
        0,
        2,
        0,
        2,
        0,
        3,
        0,
        4,
        0,
        0,
        0,
        0,
        0,
        4,
        0,
        4,
        0,
        2,
        0,
        1,
        0,
        2,
        0,
        1,
        0,
        2,
        0,
        1,
        0,
        1,
        0,
        2,
        0,
        1,
        0,
        4,
        0,
        1,
        0,
        0,
        0,
        0,
        0,
        1,
        0,
        0,
        0,
        0,
        0,
        2,
        0,
        4,
        0,
        2,
        0,
        0,
        0,
        0,
        0,
        0,
        0,
        0,
        0,
        0,
        0,
        4,
        0,
        0,
        0,
        0,
        0,
        0,
        0
    ],
    "makespan": 295,
    "normalized_makespan": 0.36341463414634145,
    "energy": 9458,
    "normalized_energy": 0,
    "tardiness": 21,
    "normalized_tardiness": 0.03776978417266187,
    "bestObjectiveFunction": 0.4011844183190033,
    "tiempo_por_iteracion": 0.856547230579814
}