{
    "bestSolution": [
        0,
        0,
        4,
        0,
        2,
        0,
        1,
        0,
        2,
        2,
        3,
        0,
        2,
        0,
        0,
        2,
        4,
        0,
        4,
        0,
        0,
        0,
        0,
        0,
        3,
        0,
        1,
        0,
        1,
        0,
        3,
        0,
        2,
        1,
        1,
        0,
        4,
        0,
        3,
        0,
        2,
        0,
        0,
        0,
        1,
        0,
        4,
        0,
        3,
        0
    ],
    "makespan": 253,
    "normalized_makespan": 0.32142857142857145,
    "energy": 1956,
    "normalized_energy": 0.0,
    "tardiness": 0,
    "normalized_tardiness": 0,
    "bestObjectiveFunction": 0.32142857142857145,
    "tiempo_por_iteracion": 0.41078635418053827
}