{
    "bestSolution": [
        0,
        0,
        4,
        0,
        2,
        2,
        3,
        2,
        3,
        1,
        4,
        1,
        1,
        1,
        1,
        0,
        2,
        1,
        3,
        0,
        2,
        1,
        0,
        2,
        1,
        2,
        3,
        1,
        1,
        2,
        1,
        1,
        2,
        1,
        4,
        1,
        4,
        2,
        0,
        2,
        0,
        0,
        3,
        0,
        1,
        0,
        1,
        0,
        3,
        2,
        4,
        2,
        0,
        2,
        4,
        0,
        0,
        2,
        0,
        0,
        2,
        0,
        2,
        2,
        2,
        2,
        1,
        2,
        0,
        1,
        4,
        2,
        3,
        2,
        4,
        0,
        1,
        1,
        1,
        1,
        3,
        1,
        4,
        2,
        3,
        1,
        0,
        2,
        3,
        2,
        4,
        2,
        1,
        1,
        1,
        0,
        2,
        0,
        4,
        1,
        2,
        2,
        3,
        0,
        0,
        1,
        3,
        2,
        4,
        1,
        4,
        2,
        1,
        1,
        2,
        0,
        0,
        0,
        3,
        1,
        0,
        2,
        0,
        1,
        3,
        1,
        0,
        1,
        4,
        0,
        4,
        2,
        1,
        0,
        3,
        1,
        4,
        2,
        2,
        0,
        0,
        1,
        4,
        1,
        1,
        1,
        0,
        2,
        1,
        2,
        1,
        0,
        1,
        2,
        2,
        1,
        3,
        0,
        1,
        2,
        3,
        2,
        4,
        1,
        2,
        0,
        0,
        1,
        1,
        1,
        2,
        0,
        4,
        1,
        3,
        1,
        2,
        2,
        0,
        2,
        4,
        0,
        3,
        2,
        2,
        0,
        2,
        1,
        3,
        0,
        0,
        0,
        2,
        0,
        2,
        1,
        0,
        1,
        2,
        1
    ],
    "makespan": 1689,
    "normalized_makespan": 0.07879977565900169,
    "energy": 6215,
    "normalized_energy": 0.6914498141263941,
    "tardiness": 2644,
    "normalized_tardiness": 0.17829927844089286,
    "bestObjectiveFunction": 0.9485488682262886,
    "tiempo_por_iteracion": 1.2190641265049158
}