{
    "bestSolution": [
        1,
        2,
        4,
        4,
        1,
        3,
        1,
        1,
        1,
        1,
        3,
        0,
        3,
        2,
        1,
        3,
        3,
        0,
        0,
        3,
        2,
        4,
        3,
        2,
        4,
        1,
        4,
        0,
        3,
        2,
        1,
        2,
        0,
        2,
        2,
        4,
        2,
        0,
        0,
        2,
        2,
        1,
        3,
        2,
        1,
        2,
        2,
        0,
        0,
        4,
        4,
        0,
        2,
        2,
        2,
        1,
        4,
        0,
        0,
        2,
        0,
        2,
        3,
        3,
        4,
        1,
        3,
        0,
        1,
        2,
        2,
        1,
        4,
        1,
        1,
        4,
        3,
        0,
        3,
        3,
        1,
        0,
        0,
        2,
        0,
        1,
        4,
        0,
        2,
        1,
        4,
        2,
        0,
        1,
        0,
        0,
        2,
        1,
        4,
        4
    ],
    "makespan": 221,
    "normalized_makespan": 0.10400562192550948,
    "energy": 4483,
    "normalized_energy": 0.7229299363057324,
    "tardiness": 284,
    "normalized_tardiness": 0.18983957219251338,
    "bestObjectiveFunction": 1.0167751304237553,
    "tiempo_por_iteracion": 0.5314083401320163
}