{
    "status": "OPTIMAL_SOLUTION",
    "solution": {
        "objective": 0.7978514784800795,
        "start_time": [
            [
                87,
                198,
                118,
                229,
                261
            ],
            [
                70,
                257,
                87,
                114,
                229
            ],
            [
                215,
                137,
                269,
                306,
                165
            ],
            [
                269,
                0,
                160,
                343,
                321
            ],
            [
                157,
                231,
                306,
                261,
                50
            ]
        ],
        "SpeedScaling": [
            [
                2,
                2,
                1,
                3,
                2
            ],
            [
                3,
                1,
                3,
                1,
                2
            ],
            [
                1,
                3,
                2,
                2,
                1
            ],
            [
                2,
                1,
                1,
                3,
                3
            ],
            [
                1,
                2,
                1,
                2,
                1
            ]
        ],
        "_output_item": "Objective function normalized: M-0.08179959100204504 + E-0.6179680940386235 + T-0.098083793439411 = 0.7978514784800795 \nObjective function : M-385.0 + E-1554.0 + T-301.9999999999465 = 0.7978514784800795 \nStart Times: [87, 198, 118, 229, 261, 70, 257, 87, 114, 229, 215, 137, 269, 306, 165, 269, 0, 160, 343, 321, 157, 231, 306, 261, 50]\nSpeed Scaling; [2, 2, 1, 3, 2, 3, 1, 3, 1, 2, 1, 3, 2, 2, 1, 2, 1, 1, 3, 3, 1, 2, 1, 2, 1]\n",
        "_checker": ""
    },
    "statistics": {
        "paths": 0,
        "flatIntVars": 362,
        "flatFloatVars": 35,
        "flatIntConstraints": 452,
        "flatFloatConstraints": 35,
        "evaluatedHalfReifiedConstraints": 100,
        "method": "minimize",
        "flatTime": 105.188,
        "objective": 0.79785147848,
        "objectiveBound": 0.79785147848,
        "nodes": 15111,
        "solveTime": 9072.1,
        "time": 8973.0,
        "openNodes": 245,
        "nSolutions": 33
    }
}