{
    "bestSolution": [
        1,
        1,
        3,
        0,
        0,
        2,
        1,
        1,
        4,
        0,
        2,
        2,
        2,
        0,
        4,
        0,
        2,
        0,
        4,
        1,
        1,
        0,
        0,
        0,
        3,
        0,
        1,
        1,
        0,
        1,
        3,
        1,
        4,
        2,
        0,
        1,
        4,
        0,
        3,
        2,
        1,
        0,
        2,
        2,
        0,
        1,
        2,
        2,
        3,
        1
    ],
    "makespan": 410,
    "normalized_makespan": 0.09032038173142468,
    "energy": 1552,
    "normalized_energy": 0.6162888329135181,
    "tardiness": 105,
    "normalized_tardiness": 0.034101981162715164,
    "bestObjectiveFunction": 0.7407111958076579,
    "tiempo_por_iteracion": 0.23168564775715703
}