{
    "bestSolution": [
        15,
        2,
        12,
        2,
        17,
        0,
        2,
        0,
        1,
        2,
        12,
        2,
        5,
        2,
        19,
        0,
        10,
        0,
        13,
        0,
        14,
        0,
        8,
        0,
        1,
        0,
        9,
        0,
        6,
        0,
        15,
        0,
        1,
        1,
        14,
        2,
        0,
        2,
        14,
        2,
        5,
        0,
        13,
        0,
        12,
        2,
        19,
        2,
        15,
        0,
        9,
        0,
        6,
        2,
        14,
        2,
        3,
        0,
        6,
        2,
        18,
        0,
        12,
        0,
        8,
        2,
        8,
        0,
        7,
        2,
        11,
        2,
        2,
        0,
        11,
        0,
        13,
        0,
        18,
        1,
        11,
        0,
        10,
        0,
        17,
        2,
        4,
        0,
        5,
        0,
        3,
        1,
        7,
        2,
        17,
        0,
        1,
        0,
        3,
        1,
        9,
        0,
        4,
        0,
        11,
        0,
        4,
        0,
        5,
        2,
        4,
        0,
        15,
        0,
        3,
        0,
        16,
        0,
        8,
        0,
        7,
        0,
        19,
        2,
        10,
        0,
        0,
        0,
        11,
        0,
        0,
        1,
        12,
        0,
        2,
        0,
        5,
        0,
        17,
        0,
        15,
        0,
        0,
        2,
        4,
        2,
        16,
        0,
        10,
        0,
        2,
        2,
        10,
        0,
        16,
        0,
        1,
        2,
        2,
        1,
        13,
        2,
        7,
        0,
        8,
        0,
        18,
        2,
        18,
        2,
        19,
        0,
        17,
        0,
        16,
        0,
        19,
        0,
        13,
        0,
        16,
        2,
        7,
        2,
        6,
        0,
        0,
        2,
        6,
        2,
        18,
        1,
        3,
        2,
        9,
        0,
        9,
        1,
        14,
        2
    ],
    "makespan": 2528,
    "normalized_makespan": 0.16609215617305664,
    "energy": 4737,
    "normalized_energy": 0.3927851672712616,
    "tardiness": 0,
    "normalized_tardiness": 0,
    "bestObjectiveFunction": 0.5588773234443183,
    "tiempo_por_iteracion": 3.3178874121771917
}