{
    "bestSolution": [
        2,
        0,
        2,
        0,
        2,
        0,
        1,
        0,
        1,
        0,
        0,
        0,
        2,
        0,
        2,
        0,
        0,
        0,
        3,
        0,
        1,
        0,
        1,
        0,
        4,
        0,
        2,
        0,
        4,
        0,
        1,
        0,
        2,
        0,
        0,
        0,
        3,
        0,
        3,
        0,
        0,
        0,
        4,
        0,
        4,
        0,
        0,
        0,
        0,
        0,
        4,
        0,
        4,
        0,
        1,
        0,
        3,
        0,
        4,
        0,
        2,
        0,
        3,
        0,
        3,
        0,
        2,
        0,
        0,
        0,
        1,
        0,
        3,
        0,
        2,
        0,
        4,
        0,
        2,
        0,
        4,
        0,
        1,
        0,
        3,
        0,
        1,
        0,
        0,
        0,
        0,
        0,
        4,
        0,
        3,
        0,
        1,
        0,
        0,
        0,
        3,
        0,
        2,
        0,
        2,
        0,
        1,
        0,
        3,
        0,
        0,
        0,
        3,
        0,
        1,
        0,
        4,
        0,
        4,
        0,
        2,
        0,
        0,
        0,
        1,
        0,
        3,
        0,
        4,
        0,
        1,
        0,
        4,
        0,
        0,
        0,
        1,
        0,
        3,
        0,
        0,
        0,
        1,
        0,
        1,
        0,
        4,
        0,
        2,
        0,
        3,
        0,
        4,
        0,
        1,
        0,
        0,
        0,
        2,
        0,
        3,
        0,
        4,
        0,
        0,
        0,
        4,
        0,
        2,
        0,
        3,
        0,
        1,
        0,
        4,
        0,
        0,
        0,
        0,
        0,
        2,
        0,
        3,
        0,
        2,
        0,
        4,
        0,
        0,
        0,
        2,
        0,
        3,
        0,
        1,
        0,
        0,
        0,
        3,
        0
    ],
    "makespan": 828,
    "normalized_makespan": 0.05046055266319584,
    "energy": 7275,
    "normalized_energy": 0,
    "tardiness": 0,
    "normalized_tardiness": 0.0,
    "bestObjectiveFunction": 0.05046055266319584,
    "tiempo_por_iteracion": 0.4305926064650218
}