{
    "bestSolution": [
        0,
        3,
        0,
        0,
        4,
        0,
        3,
        0,
        3,
        4,
        0,
        3,
        0,
        4,
        1,
        0,
        0,
        4,
        3,
        4,
        2,
        0,
        3,
        4,
        3,
        0,
        0,
        0,
        4,
        2,
        4,
        4,
        1,
        0,
        2,
        3,
        2,
        4,
        3,
        4,
        4,
        0,
        3,
        0,
        1,
        0,
        1,
        4,
        4,
        2,
        1,
        0,
        2,
        0,
        2,
        0,
        1,
        0,
        0,
        0,
        4,
        4,
        3,
        0,
        0,
        0,
        3,
        4,
        2,
        0,
        2,
        0,
        3,
        4,
        4,
        4,
        4,
        0,
        2,
        0,
        0,
        4,
        1,
        0,
        2,
        4,
        1,
        2,
        4,
        0,
        1,
        4,
        1,
        0,
        4,
        0,
        2,
        0,
        0,
        0
    ],
    "makespan": 1307,
    "normalized_makespan": 0.1711376858435682,
    "energy": 2534,
    "normalized_energy": 0.412484700122399,
    "tardiness": 0,
    "normalized_tardiness": 0,
    "bestObjectiveFunction": 0.5836223859659673,
    "tiempo_por_iteracion": 1.3331456780433655
}