{
    "bestSolution": [
        2,
        4,
        9,
        3,
        4,
        1,
        6,
        4,
        2,
        1,
        7,
        2,
        9,
        3,
        0,
        2,
        8,
        3,
        1,
        2,
        0,
        2,
        0,
        3,
        2,
        2,
        7,
        2,
        5,
        3,
        3,
        2,
        5,
        2,
        1,
        1,
        1,
        1,
        6,
        1,
        7,
        4,
        3,
        1,
        5,
        4,
        5,
        2,
        3,
        2,
        3,
        2,
        8,
        3,
        0,
        0,
        8,
        0,
        9,
        0,
        4,
        2,
        7,
        3,
        8,
        4,
        1,
        1,
        6,
        2,
        2,
        1,
        9,
        3,
        4,
        4,
        0,
        1,
        3,
        1,
        4,
        3,
        2,
        3,
        6,
        3,
        5,
        1,
        7,
        0,
        8,
        2,
        1,
        3,
        4,
        4,
        6,
        1,
        9,
        0
    ],
    "makespan": 587,
    "normalized_makespan": 0.07190069321296147,
    "energy": 3471,
    "normalized_energy": 0.7840861997513469,
    "tardiness": 1000,
    "normalized_tardiness": 0.15762925598991173,
    "bestObjectiveFunction": 1.01361614895422,
    "tiempo_por_iteracion": 0.9745768470671571
}