{
    "bestSolution": [
        7,
        0,
        6,
        2,
        3,
        2,
        0,
        0,
        2,
        1,
        5,
        0,
        7,
        3,
        6,
        0,
        3,
        2,
        7,
        0,
        4,
        1,
        1,
        0,
        4,
        0,
        1,
        1,
        3,
        1,
        0,
        0,
        8,
        0,
        6,
        1,
        5,
        1,
        2,
        0,
        6,
        3,
        4,
        0,
        3,
        0,
        1,
        2,
        4,
        0,
        5,
        0,
        9,
        1,
        7,
        0,
        1,
        0,
        6,
        0,
        8,
        1,
        4,
        2,
        1,
        0,
        3,
        0,
        9,
        2,
        2,
        0,
        0,
        1,
        4,
        2,
        3,
        0,
        8,
        0,
        8,
        1,
        9,
        4,
        0,
        0,
        5,
        0,
        9,
        0,
        9,
        0,
        7,
        0,
        7,
        1,
        2,
        1,
        6,
        0,
        6,
        0,
        0,
        2,
        9,
        2,
        2,
        0,
        2,
        1,
        2,
        1,
        1,
        2,
        9,
        1,
        0,
        1,
        0,
        1,
        5,
        0,
        7,
        0,
        5,
        2,
        3,
        2,
        9,
        0,
        1,
        1,
        6,
        0,
        8,
        0,
        5,
        1,
        0,
        2,
        6,
        0,
        2,
        3,
        3,
        0,
        1,
        0,
        0,
        0,
        7,
        1,
        8,
        3,
        4,
        0,
        9,
        2,
        5,
        3,
        3,
        0,
        7,
        4,
        5,
        4,
        8,
        1,
        6,
        0,
        2,
        0,
        5,
        0,
        1,
        3,
        4,
        2,
        2,
        2,
        8,
        0,
        7,
        1,
        0,
        0,
        1,
        0,
        9,
        0,
        3,
        0,
        8,
        1,
        8,
        2,
        4,
        0,
        4,
        1
    ],
    "makespan": 1639,
    "normalized_makespan": 0.09550439392838986,
    "energy": 4852,
    "normalized_energy": 0.391439205955335,
    "tardiness": 0,
    "normalized_tardiness": 0,
    "bestObjectiveFunction": 0.4869435998837248,
    "tiempo_por_iteracion": 0.8704107777547028
}