{
    "bestSolution": [
        8,
        0,
        4,
        0,
        1,
        0,
        2,
        0,
        1,
        0,
        1,
        0,
        1,
        0,
        1,
        0,
        2,
        0,
        9,
        0,
        8,
        0,
        8,
        0,
        4,
        0,
        7,
        0,
        9,
        0,
        6,
        0,
        7,
        0,
        3,
        0,
        6,
        0,
        6,
        0,
        4,
        0,
        3,
        0,
        9,
        0,
        3,
        0,
        0,
        0,
        2,
        0,
        0,
        0,
        8,
        0,
        6,
        0,
        7,
        0,
        8,
        0,
        2,
        0,
        6,
        0,
        4,
        0,
        5,
        0,
        0,
        0,
        5,
        0,
        7,
        0,
        0,
        0,
        3,
        0,
        7,
        0,
        4,
        0,
        5,
        0,
        0,
        0,
        9,
        0,
        9,
        0,
        5,
        0,
        3,
        0,
        5,
        0,
        2,
        0
    ],
    "makespan": 112,
    "normalized_makespan": 0.3544973544973545,
    "energy": 4769,
    "normalized_energy": 0,
    "tardiness": 99,
    "normalized_tardiness": 0.4230769230769231,
    "bestObjectiveFunction": 0.7775742775742776,
    "tiempo_por_iteracion": 1.153429279724757
}