{
    "bestSolution": [
        3,
        4,
        1,
        4,
        4,
        0,
        4,
        0,
        4,
        3,
        2,
        1,
        1,
        1,
        2,
        4,
        2,
        0,
        3,
        4,
        3,
        0,
        0,
        0,
        1,
        0,
        2,
        0,
        3,
        0,
        1,
        4,
        0,
        0,
        0,
        2,
        0,
        4,
        1,
        0,
        2,
        4,
        0,
        0,
        4,
        0,
        3,
        0,
        1,
        2,
        2,
        0,
        2,
        0,
        3,
        3,
        4,
        0,
        0,
        0,
        2,
        0,
        4,
        0,
        1,
        0,
        4,
        4,
        4,
        0,
        4,
        0,
        3,
        4,
        1,
        3,
        0,
        2,
        1,
        4,
        3,
        3,
        1,
        0,
        0,
        0,
        2,
        4,
        4,
        0,
        2,
        0,
        3,
        4,
        3,
        4,
        0,
        0,
        0,
        0
    ],
    "makespan": 1411,
    "normalized_makespan": 0.14553487749364039,
    "energy": 2315,
    "normalized_energy": 0.4026602176541717,
    "tardiness": 0,
    "normalized_tardiness": 0,
    "bestObjectiveFunction": 0.5481950951478121,
    "tiempo_por_iteracion": 1.5374745708523374
}