{
    "bestSolution": [
        9,
        2,
        5,
        2,
        2,
        0,
        3,
        3,
        1,
        3,
        8,
        1,
        9,
        1,
        6,
        1,
        4,
        1,
        2,
        2,
        0,
        3,
        1,
        3,
        6,
        1,
        3,
        1,
        5,
        0,
        7,
        0,
        4,
        1,
        5,
        1,
        2,
        4,
        8,
        1,
        2,
        4,
        1,
        1,
        6,
        1,
        8,
        1,
        9,
        0,
        3,
        3,
        0,
        2,
        8,
        3,
        1,
        1,
        4,
        1,
        9,
        1,
        6,
        0,
        5,
        4,
        0,
        3,
        3,
        0,
        4,
        4,
        7,
        1,
        1,
        0,
        3,
        0,
        0,
        0,
        2,
        0,
        8,
        3,
        9,
        1,
        6,
        4,
        7,
        0,
        4,
        1,
        0,
        0,
        7,
        1,
        7,
        4,
        5,
        0
    ],
    "makespan": 697,
    "normalized_makespan": 0.08349992311240965,
    "energy": 3079,
    "normalized_energy": 0.628486897717667,
    "tardiness": 1332,
    "normalized_tardiness": 0.20009013068949977,
    "bestObjectiveFunction": 0.9120769515195764,
    "tiempo_por_iteracion": 0.5969734121147179
}