{
    "bestSolution": [
        0,
        2,
        1,
        1,
        3,
        4,
        1,
        2,
        0,
        2,
        3,
        4,
        3,
        3,
        0,
        1,
        2,
        1,
        2,
        4,
        4,
        2,
        2,
        2,
        3,
        2,
        4,
        1,
        0,
        1,
        2,
        1,
        2,
        1,
        3,
        1,
        1,
        4,
        2,
        2,
        0,
        1,
        3,
        4,
        4,
        2,
        4,
        1,
        3,
        1,
        3,
        1,
        0,
        3,
        4,
        3,
        2,
        2,
        1,
        3,
        4,
        1,
        2,
        4,
        3,
        0,
        0,
        3,
        4,
        0,
        2,
        3,
        0,
        1,
        1,
        3,
        2,
        4,
        0,
        4,
        1,
        3,
        4,
        1,
        0,
        2,
        1,
        3,
        1,
        4,
        1,
        0,
        4,
        4,
        1,
        0,
        3,
        3,
        4,
        3
    ],
    "makespan": 781,
    "normalized_makespan": 0.08351648351648351,
    "energy": 3477,
    "normalized_energy": 0.8079416531604539,
    "tardiness": 307,
    "normalized_tardiness": 0.046381628644810394,
    "bestObjectiveFunction": 0.9378397653217478,
    "tiempo_por_iteracion": 1.2961909217219199
}