{
    "bestSolution": [
        10,
        0,
        10,
        4,
        9,
        4,
        15,
        2,
        3,
        0,
        11,
        0,
        16,
        0,
        1,
        0,
        12,
        3,
        12,
        1,
        1,
        0,
        6,
        0,
        9,
        4,
        3,
        2,
        2,
        4,
        16,
        0,
        2,
        0,
        3,
        4,
        19,
        0,
        11,
        0,
        13,
        0,
        1,
        4,
        3,
        0,
        19,
        4,
        0,
        4,
        5,
        0,
        4,
        0,
        9,
        0,
        16,
        1,
        8,
        1,
        7,
        4,
        17,
        4,
        0,
        4,
        13,
        0,
        1,
        3,
        11,
        0,
        9,
        4,
        8,
        4,
        14,
        0,
        0,
        4,
        18,
        0,
        6,
        4,
        4,
        4,
        6,
        0,
        10,
        0,
        4,
        0,
        14,
        4,
        8,
        3,
        17,
        4,
        2,
        4,
        18,
        0,
        6,
        0,
        2,
        0,
        13,
        2,
        13,
        4,
        8,
        0,
        9,
        3,
        8,
        4,
        12,
        0,
        5,
        0,
        13,
        4,
        3,
        0,
        16,
        2,
        11,
        4,
        14,
        4,
        5,
        0,
        7,
        0,
        18,
        2,
        4,
        0,
        7,
        4,
        10,
        0,
        0,
        2,
        18,
        4,
        19,
        4,
        10,
        0,
        14,
        0,
        5,
        0,
        12,
        0,
        7,
        4,
        4,
        0,
        17,
        0,
        16,
        0,
        0,
        2,
        18,
        0,
        15,
        0,
        15,
        0,
        2,
        4,
        17,
        0,
        7,
        0,
        11,
        0,
        15,
        0,
        15,
        4,
        19,
        0,
        6,
        4,
        17,
        0,
        19,
        2,
        14,
        0,
        1,
        0,
        5,
        0,
        12,
        4
    ],
    "makespan": 436,
    "normalized_makespan": 0.17573595004460305,
    "energy": 8679,
    "normalized_energy": 0.37633689839572193,
    "tardiness": 0,
    "normalized_tardiness": 0,
    "bestObjectiveFunction": 0.552072848440325,
    "tiempo_por_iteracion": 2.574719262123108
}