{
    "bestSolution": [
        9,
        0,
        8,
        0,
        0,
        0,
        2,
        0,
        4,
        0,
        9,
        0,
        2,
        0,
        7,
        0,
        6,
        0,
        4,
        0,
        9,
        0,
        6,
        0,
        5,
        0,
        1,
        0,
        3,
        0,
        2,
        0,
        8,
        0,
        7,
        0,
        5,
        0,
        1,
        0,
        1,
        0,
        0,
        0,
        5,
        0,
        2,
        0,
        6,
        0,
        9,
        0,
        0,
        0,
        4,
        0,
        5,
        0,
        8,
        0,
        3,
        0,
        9,
        0,
        6,
        0,
        9,
        0,
        7,
        0,
        3,
        0,
        0,
        0,
        5,
        0,
        7,
        0,
        6,
        0,
        6,
        0,
        4,
        0,
        8,
        0,
        5,
        0,
        2,
        0,
        1,
        0,
        1,
        0,
        3,
        0,
        0,
        0,
        7,
        0,
        4,
        0,
        2,
        0,
        5,
        0,
        5,
        0,
        2,
        0,
        6,
        0,
        8,
        0,
        4,
        0,
        2,
        0,
        0,
        0,
        1,
        0,
        8,
        0,
        3,
        0,
        7,
        0,
        1,
        0,
        8,
        0,
        8,
        0,
        4,
        0,
        9,
        0,
        8,
        0,
        6,
        0,
        0,
        0,
        4,
        0,
        9,
        0,
        1,
        0,
        1,
        0,
        5,
        0,
        7,
        0,
        9,
        0,
        6,
        0,
        0,
        0,
        4,
        0,
        5,
        0,
        1,
        0,
        2,
        0,
        7,
        0,
        9,
        0,
        8,
        0,
        3,
        0,
        6,
        0,
        0,
        0,
        3,
        0,
        3,
        0,
        7,
        0,
        2,
        0,
        7,
        0,
        4,
        0,
        3,
        0,
        0,
        0,
        3,
        0
    ],
    "makespan": 784,
    "normalized_makespan": 0.15129682997118155,
    "energy": 7321,
    "normalized_energy": 0,
    "tardiness": 237,
    "normalized_tardiness": 0.07547770700636942,
    "bestObjectiveFunction": 0.22677453697755096,
    "tiempo_por_iteracion": 0.8040103968672865
}