{
    "bestSolution": [
        7,
        0,
        9,
        0,
        1,
        0,
        6,
        0,
        4,
        0,
        5,
        0,
        4,
        0,
        3,
        0,
        6,
        0,
        9,
        0,
        0,
        0,
        3,
        0,
        0,
        0,
        1,
        0,
        3,
        0,
        6,
        0,
        9,
        0,
        5,
        0,
        8,
        0,
        0,
        0,
        4,
        0,
        0,
        0,
        1,
        0,
        3,
        0,
        8,
        0,
        4,
        0,
        8,
        0,
        2,
        0,
        2,
        0,
        5,
        0,
        5,
        0,
        9,
        0,
        2,
        0,
        0,
        0,
        1,
        0,
        9,
        0,
        2,
        0,
        7,
        0,
        6,
        0,
        6,
        0,
        4,
        0,
        7,
        0,
        8,
        0,
        1,
        0,
        3,
        0,
        7,
        0,
        2,
        0,
        5,
        0,
        8,
        0,
        7,
        0
    ],
    "makespan": 401,
    "normalized_makespan": 0.11701363962670495,
    "energy": 3640,
    "normalized_energy": 0,
    "tardiness": 0,
    "normalized_tardiness": 0,
    "bestObjectiveFunction": 0.11701363962670495,
    "tiempo_por_iteracion": 0.1979755295647515
}