{
    "bestSolution": [
        6,
        3,
        5,
        0,
        11,
        3,
        15,
        4,
        7,
        3,
        8,
        4,
        15,
        4,
        18,
        0,
        8,
        3,
        10,
        3,
        17,
        4,
        19,
        4,
        2,
        3,
        5,
        1,
        13,
        0,
        6,
        2,
        9,
        4,
        13,
        4,
        3,
        4,
        0,
        4,
        18,
        1,
        14,
        4,
        17,
        0,
        0,
        2,
        15,
        1,
        1,
        4,
        10,
        1,
        0,
        0,
        13,
        1,
        4,
        4,
        5,
        3,
        9,
        0,
        3,
        1,
        18,
        0,
        3,
        4,
        10,
        3,
        11,
        1,
        12,
        0,
        7,
        4,
        6,
        3,
        16,
        4,
        1,
        1,
        13,
        4,
        8,
        4,
        11,
        2,
        4,
        0,
        5,
        1,
        3,
        4,
        6,
        4,
        12,
        2,
        14,
        4,
        11,
        4,
        7,
        4,
        17,
        1,
        19,
        3,
        17,
        4,
        2,
        4,
        3,
        1,
        14,
        2,
        15,
        1,
        18,
        4,
        5,
        4,
        2,
        4,
        1,
        1,
        14,
        3,
        16,
        2,
        4,
        4,
        17,
        4,
        18,
        3,
        7,
        4,
        15,
        4,
        9,
        0,
        2,
        4,
        12,
        1,
        4,
        4,
        2,
        4,
        0,
        4,
        19,
        1,
        19,
        4,
        13,
        4,
        16,
        1,
        9,
        4,
        12,
        4,
        8,
        2,
        1,
        4,
        4,
        1,
        10,
        1,
        0,
        0,
        8,
        0,
        7,
        4,
        12,
        0,
        16,
        3,
        14,
        3,
        19,
        1,
        16,
        0,
        9,
        1,
        10,
        0,
        1,
        4,
        11,
        0,
        6,
        4
    ],
    "makespan": 241,
    "normalized_makespan": 0.09004524886877828,
    "energy": 9324,
    "normalized_energy": 0.8044914134742405,
    "tardiness": 578,
    "normalized_tardiness": 0.2566607460035524,
    "bestObjectiveFunction": 1.151197408346571,
    "tiempo_por_iteracion": 3.006120986716692
}