{
    "bestSolution": [
        4,
        0,
        7,
        0,
        3,
        0,
        7,
        0,
        7,
        0,
        4,
        0,
        6,
        0,
        2,
        0,
        2,
        0,
        3,
        0,
        5,
        0,
        0,
        0,
        5,
        0,
        7,
        0,
        8,
        0,
        0,
        0,
        9,
        0,
        6,
        0,
        7,
        0,
        3,
        0,
        1,
        0,
        2,
        0,
        4,
        0,
        8,
        0,
        5,
        0,
        2,
        0,
        4,
        0,
        2,
        0,
        8,
        0,
        0,
        0,
        9,
        0,
        7,
        0,
        9,
        0,
        2,
        0,
        0,
        0,
        0,
        0,
        3,
        0,
        7,
        0,
        3,
        0,
        6,
        0,
        7,
        0,
        1,
        0,
        6,
        0,
        3,
        0,
        5,
        0,
        8,
        0,
        4,
        0,
        9,
        0,
        3,
        0,
        1,
        0,
        5,
        0,
        3,
        0,
        0,
        0,
        1,
        0,
        8,
        0,
        9,
        0,
        0,
        0,
        8,
        0,
        8,
        0,
        4,
        0,
        3,
        0,
        0,
        0,
        8,
        0,
        1,
        0,
        6,
        0,
        3,
        0,
        1,
        0,
        5,
        0,
        9,
        0,
        0,
        0,
        6,
        0,
        6,
        0,
        2,
        0,
        5,
        0,
        1,
        0,
        7,
        0,
        8,
        0,
        5,
        0,
        5,
        0,
        6,
        0,
        4,
        0,
        2,
        0,
        2,
        0,
        0,
        0,
        8,
        0,
        2,
        0,
        7,
        0,
        9,
        0,
        6,
        0,
        9,
        0,
        9,
        0,
        1,
        0,
        4,
        0,
        9,
        0,
        1,
        0,
        5,
        0,
        4,
        0,
        1,
        0,
        6,
        0,
        4,
        0
    ],
    "makespan": 742,
    "normalized_makespan": 0.13830168398423504,
    "energy": 7311,
    "normalized_energy": 0,
    "tardiness": 170,
    "normalized_tardiness": 0.05401970130282809,
    "bestObjectiveFunction": 0.19232138528706313,
    "tiempo_por_iteracion": 3.0279290941026478
}