{
    "bestSolution": [
        2,
        0,
        0,
        0,
        1,
        1,
        1,
        0,
        2,
        0,
        1,
        0,
        1,
        0,
        1,
        0,
        4,
        1,
        0,
        2,
        4,
        0,
        1,
        0,
        2,
        1,
        3,
        1,
        2,
        0,
        0,
        0,
        4,
        0,
        3,
        0,
        3,
        0,
        1,
        0,
        4,
        2,
        3,
        0,
        2,
        1,
        4,
        1,
        1,
        0,
        1,
        2,
        3,
        1,
        3,
        2,
        3,
        2,
        3,
        0,
        2,
        0,
        1,
        0,
        1,
        2,
        0,
        2,
        4,
        0,
        1,
        0,
        3,
        1,
        0,
        2,
        4,
        1,
        3,
        0,
        2,
        0,
        2,
        2,
        0,
        0,
        3,
        1,
        4,
        1,
        0,
        1,
        0,
        2,
        1,
        1,
        1,
        2,
        3,
        0,
        2,
        0,
        2,
        1,
        2,
        2,
        0,
        1,
        2,
        2,
        4,
        0,
        1,
        2,
        3,
        1,
        2,
        0,
        0,
        2,
        1,
        0,
        4,
        2,
        4,
        2,
        3,
        0,
        2,
        0,
        3,
        0,
        4,
        2,
        0,
        1,
        1,
        2,
        2,
        2,
        4,
        2,
        1,
        2,
        0,
        2,
        0,
        1,
        1,
        0,
        4,
        0,
        2,
        0,
        3,
        1,
        0,
        2,
        3,
        0,
        4,
        0,
        2,
        2,
        3,
        1,
        0,
        1,
        3,
        2,
        1,
        2,
        0,
        0,
        2,
        2,
        4,
        1,
        4,
        2,
        4,
        2,
        0,
        2,
        4,
        1,
        2,
        1,
        0,
        1,
        4,
        1,
        3,
        1,
        0,
        2,
        2,
        0,
        0,
        2
    ],
    "makespan": 297,
    "normalized_makespan": 0.07211961301671065,
    "energy": 9029,
    "normalized_energy": 0.6444866920152091,
    "tardiness": 410,
    "normalized_tardiness": 0.1703365184877441,
    "bestObjectiveFunction": 0.8869428235196639,
    "tiempo_por_iteracion": 0.9315624471570625
}