{
    "bestSolution": [
        1,
        0,
        1,
        0,
        2,
        0,
        0,
        0,
        2,
        0,
        4,
        0,
        1,
        0,
        3,
        0,
        1,
        0,
        3,
        0,
        0,
        0,
        4,
        0,
        2,
        0,
        1,
        0,
        3,
        0,
        3,
        0,
        4,
        0,
        0,
        0,
        0,
        0,
        2,
        0,
        0,
        0,
        4,
        0,
        2,
        0,
        3,
        0,
        4,
        0
    ],
    "makespan": 365,
    "normalized_makespan": 0.19104084321475626,
    "energy": 1702,
    "normalized_energy": 0,
    "tardiness": 0,
    "normalized_tardiness": 0,
    "bestObjectiveFunction": 0.19104084321475626,
    "tiempo_por_iteracion": 0.20333093404769897
}