{
    "bestSolution": [
        8,
        0,
        15,
        0,
        11,
        0,
        4,
        0,
        6,
        0,
        7,
        0,
        9,
        0,
        17,
        0,
        11,
        0,
        15,
        0,
        2,
        0,
        18,
        0,
        13,
        0,
        7,
        0,
        5,
        0,
        10,
        0,
        1,
        0,
        3,
        0,
        6,
        0,
        4,
        0,
        3,
        0,
        13,
        0,
        18,
        0,
        19,
        0,
        11,
        0,
        17,
        0,
        12,
        0,
        7,
        0,
        11,
        0,
        0,
        0,
        8,
        0,
        14,
        0,
        10,
        0,
        17,
        0,
        9,
        0,
        18,
        0,
        0,
        0,
        19,
        0,
        12,
        0,
        3,
        0,
        5,
        0,
        10,
        0,
        16,
        0,
        13,
        0,
        14,
        0,
        19,
        0,
        16,
        0,
        16,
        0,
        0,
        0,
        19,
        0,
        17,
        0,
        5,
        0,
        15,
        0,
        6,
        0,
        12,
        0,
        13,
        0,
        18,
        0,
        4,
        0,
        8,
        0,
        2,
        0,
        12,
        0,
        14,
        0,
        2,
        0,
        3,
        0,
        15,
        0,
        5,
        0,
        19,
        0,
        4,
        0,
        6,
        0,
        14,
        0,
        2,
        0,
        14,
        0,
        1,
        0,
        10,
        0,
        16,
        0,
        9,
        0,
        0,
        0,
        1,
        0,
        12,
        0,
        1,
        0,
        13,
        0,
        18,
        0,
        3,
        0,
        17,
        0,
        7,
        0,
        5,
        0,
        2,
        0,
        9,
        0,
        6,
        0,
        16,
        0,
        15,
        0,
        8,
        0,
        4,
        0,
        10,
        0,
        7,
        0,
        1,
        0,
        11,
        0,
        0,
        0,
        8,
        0,
        9,
        0
    ],
    "makespan": 208,
    "normalized_makespan": 0.32119914346895073,
    "energy": 9485,
    "normalized_energy": 0,
    "tardiness": 334,
    "normalized_tardiness": 0.6361904761904762,
    "bestObjectiveFunction": 0.9573896196594269,
    "tiempo_por_iteracion": 3.025617985164418
}