{
    "bestSolution": [
        7,
        0,
        1,
        0,
        4,
        0,
        1,
        4,
        0,
        3,
        5,
        0,
        6,
        0,
        3,
        0,
        9,
        1,
        7,
        0,
        5,
        2,
        1,
        0,
        2,
        0,
        4,
        0,
        7,
        3,
        9,
        0,
        2,
        2,
        2,
        0,
        0,
        0,
        8,
        0,
        3,
        0,
        1,
        1,
        7,
        0,
        6,
        1,
        4,
        0,
        8,
        0,
        6,
        4,
        3,
        3,
        0,
        2,
        1,
        0,
        5,
        0,
        2,
        2,
        4,
        0,
        9,
        0,
        0,
        0,
        8,
        0,
        2,
        0,
        5,
        0,
        6,
        0,
        3,
        0,
        8,
        0,
        4,
        3,
        0,
        0,
        9,
        0,
        6,
        0,
        8,
        2,
        7,
        0,
        5,
        0,
        3,
        0,
        9,
        0
    ],
    "makespan": 1235,
    "normalized_makespan": 0.1833304750471617,
    "energy": 2216,
    "normalized_energy": 0.22744599745870395,
    "tardiness": 0,
    "normalized_tardiness": 0,
    "bestObjectiveFunction": 0.4107764725058657,
    "tiempo_por_iteracion": 0.7548978471044284
}