{
    "bestSolution": [
        3,
        4,
        8,
        0,
        0,
        4,
        9,
        0,
        1,
        0,
        2,
        0,
        7,
        4,
        2,
        4,
        9,
        1,
        1,
        1,
        0,
        0,
        5,
        0,
        5,
        0,
        2,
        4,
        8,
        3,
        4,
        0,
        6,
        2,
        9,
        0,
        4,
        0,
        7,
        0,
        6,
        2,
        3,
        0,
        4,
        3,
        0,
        0,
        5,
        0,
        9,
        0,
        3,
        0,
        8,
        0,
        0,
        0,
        1,
        0,
        7,
        4,
        7,
        0,
        5,
        4,
        5,
        0,
        3,
        2,
        1,
        1,
        6,
        4,
        7,
        0,
        2,
        4,
        0,
        0,
        9,
        0,
        1,
        0,
        8,
        0,
        6,
        0,
        3,
        0,
        2,
        4,
        4,
        2,
        8,
        3,
        6,
        4,
        4,
        0
    ],
    "makespan": 1154,
    "normalized_makespan": 0.16943920425312983,
    "energy": 2537,
    "normalized_energy": 0.3634053367217281,
    "tardiness": 0,
    "normalized_tardiness": 0,
    "bestObjectiveFunction": 0.5328445409748579,
    "tiempo_por_iteracion": 0.8991092580609616
}