{
    "bestSolution": [
        6,
        0,
        5,
        2,
        2,
        2,
        19,
        0,
        7,
        0,
        3,
        2,
        9,
        1,
        19,
        0,
        10,
        0,
        0,
        2,
        19,
        1,
        4,
        0,
        1,
        2,
        18,
        1,
        17,
        0,
        4,
        0,
        14,
        2,
        15,
        0,
        11,
        0,
        13,
        0,
        9,
        0,
        6,
        0,
        14,
        2,
        13,
        0,
        7,
        0,
        16,
        0,
        0,
        0,
        13,
        1,
        4,
        2,
        18,
        2,
        13,
        2,
        5,
        0,
        7,
        2,
        3,
        0,
        6,
        2,
        15,
        1,
        1,
        2,
        18,
        2,
        6,
        0,
        10,
        2,
        14,
        1,
        1,
        2,
        7,
        0,
        9,
        1,
        13,
        0,
        8,
        2,
        10,
        0,
        2,
        0,
        8,
        0,
        8,
        0,
        3,
        0,
        19,
        0,
        10,
        2,
        12,
        0,
        18,
        0,
        1,
        2,
        15,
        2,
        3,
        2,
        5,
        2,
        6,
        0,
        0,
        2,
        17,
        0,
        14,
        1,
        16,
        0,
        11,
        0,
        9,
        0,
        11,
        2,
        2,
        0,
        12,
        0,
        5,
        0,
        7,
        2,
        17,
        0,
        0,
        0,
        16,
        0,
        4,
        0,
        4,
        1,
        14,
        0,
        0,
        0,
        8,
        0,
        2,
        2,
        17,
        2,
        19,
        0,
        15,
        0,
        3,
        2,
        1,
        0,
        15,
        2,
        17,
        2,
        16,
        0,
        12,
        2,
        10,
        2,
        12,
        2,
        2,
        0,
        18,
        0,
        12,
        0,
        16,
        1,
        11,
        2,
        9,
        2,
        5,
        0,
        11,
        0,
        8,
        0
    ],
    "makespan": 497,
    "normalized_makespan": 0.1973287376130978,
    "energy": 8503,
    "normalized_energy": 0.31159874608150473,
    "tardiness": 0,
    "normalized_tardiness": 0,
    "bestObjectiveFunction": 0.5089274836946025,
    "tiempo_por_iteracion": 2.610969673503529
}