{
    "bestSolution": [
        4,
        0,
        3,
        0,
        3,
        0,
        3,
        0,
        2,
        0,
        4,
        0,
        2,
        0,
        4,
        0,
        3,
        0,
        0,
        0,
        0,
        0,
        3,
        0,
        2,
        0,
        3,
        0,
        4,
        0,
        2,
        0,
        2,
        0,
        0,
        0,
        0,
        0,
        3,
        0,
        4,
        0,
        0,
        0,
        2,
        0,
        1,
        0,
        0,
        0,
        2,
        0,
        1,
        0,
        2,
        0,
        3,
        0,
        3,
        0,
        1,
        0,
        3,
        0,
        2,
        0,
        1,
        0,
        4,
        0,
        4,
        0,
        0,
        0,
        2,
        0,
        4,
        0,
        1,
        0,
        3,
        0,
        2,
        0,
        4,
        0,
        4,
        0,
        3,
        0,
        0,
        0,
        3,
        0,
        4,
        0,
        0,
        0,
        2,
        0,
        4,
        0,
        2,
        0,
        3,
        0,
        0,
        0,
        2,
        0,
        2,
        0,
        4,
        0,
        0,
        0,
        0,
        0,
        1,
        0,
        1,
        0,
        2,
        0,
        2,
        0,
        1,
        0,
        1,
        0,
        0,
        0,
        4,
        0,
        2,
        0,
        1,
        0,
        3,
        0,
        1,
        0,
        0,
        0,
        2,
        0,
        3,
        0,
        1,
        0,
        0,
        0,
        3,
        0,
        0,
        0,
        1,
        0,
        0,
        0,
        2,
        0,
        3,
        0,
        0,
        0,
        4,
        0,
        1,
        0,
        4,
        0,
        1,
        0,
        4,
        0,
        4,
        0,
        4,
        0,
        1,
        0,
        3,
        0,
        1,
        0,
        3,
        0,
        1,
        0,
        0,
        0,
        0,
        0,
        1,
        0,
        1,
        0,
        4,
        0
    ],
    "makespan": 232,
    "normalized_makespan": 0.17902813299232737,
    "energy": 9462,
    "normalized_energy": 0,
    "tardiness": 61,
    "normalized_tardiness": 0.11030741410488246,
    "bestObjectiveFunction": 0.2893355470972098,
    "tiempo_por_iteracion": 3.1542339854770236
}