{
    "bestSolution": [
        0,
        0,
        3,
        0,
        4,
        0,
        3,
        0,
        4,
        0,
        2,
        0,
        4,
        0,
        4,
        0,
        2,
        0,
        3,
        0,
        0,
        0,
        1,
        0,
        2,
        0,
        0,
        0,
        1,
        0,
        1,
        0,
        0,
        0,
        0,
        0,
        1,
        0,
        4,
        0,
        3,
        0,
        2,
        0,
        3,
        0,
        2,
        0,
        1,
        0
    ],
    "makespan": 279,
    "normalized_makespan": 0.03333333333333333,
    "energy": 1777,
    "normalized_energy": 0,
    "tardiness": 0,
    "normalized_tardiness": 0,
    "bestObjectiveFunction": 0.03333333333333333,
    "tiempo_por_iteracion": 1.4620177745819092
}