{
    "bestSolution": [
        3,
        0,
        1,
        0,
        1,
        0,
        0,
        0,
        4,
        0,
        4,
        0,
        4,
        0,
        4,
        0,
        3,
        0,
        1,
        0,
        3,
        0,
        0,
        0,
        2,
        0,
        1,
        0,
        3,
        0,
        4,
        0,
        3,
        0,
        2,
        0,
        1,
        0,
        0,
        0,
        4,
        0,
        4,
        0,
        2,
        0,
        1,
        0,
        0,
        0,
        1,
        0,
        4,
        0,
        2,
        0,
        4,
        0,
        0,
        0,
        3,
        0,
        2,
        0,
        3,
        0,
        2,
        0,
        3,
        0,
        0,
        0,
        4,
        0,
        1,
        0,
        1,
        0,
        3,
        0,
        0,
        0,
        3,
        0,
        2,
        0,
        0,
        0,
        1,
        0,
        2,
        0,
        2,
        0,
        0,
        0,
        2,
        0,
        0,
        0
    ],
    "makespan": 1001,
    "normalized_makespan": 0.38440303657694963,
    "energy": 3451,
    "normalized_energy": 0,
    "tardiness": 64,
    "normalized_tardiness": 0.03380876914949815,
    "bestObjectiveFunction": 0.4182118057264478,
    "tiempo_por_iteracion": 0.9533128963326508
}