{
    "bestSolution": [
        2,
        0,
        3,
        0,
        0,
        0,
        1,
        0,
        0,
        0,
        4,
        0,
        3,
        0,
        4,
        0,
        4,
        0,
        1,
        0,
        1,
        0,
        3,
        0,
        2,
        0,
        1,
        0,
        0,
        0,
        4,
        0,
        0,
        0,
        0,
        0,
        1,
        0,
        1,
        0,
        3,
        0,
        3,
        0,
        3,
        0,
        3,
        0,
        0,
        0,
        4,
        0,
        2,
        0,
        2,
        0,
        1,
        0,
        4,
        0,
        1,
        0,
        1,
        0,
        4,
        0,
        4,
        0,
        0,
        0,
        2,
        0,
        4,
        0,
        1,
        0,
        1,
        0,
        3,
        0,
        0,
        0,
        3,
        0,
        3,
        0,
        2,
        0,
        3,
        0,
        2,
        0,
        3,
        0,
        2,
        0,
        0,
        0,
        4,
        0,
        1,
        0,
        0,
        0,
        1,
        0,
        2,
        0,
        1,
        0,
        2,
        0,
        1,
        0,
        0,
        0,
        4,
        0,
        2,
        0,
        0,
        0,
        3,
        0,
        4,
        0,
        4,
        0,
        2,
        0,
        1,
        0,
        0,
        0,
        4,
        0,
        0,
        0,
        0,
        0,
        0,
        0,
        3,
        0,
        3,
        0,
        1,
        0,
        2,
        0,
        1,
        0,
        2,
        0,
        3,
        0,
        3,
        0,
        4,
        0,
        0,
        0,
        3,
        0,
        4,
        0,
        4,
        0,
        3,
        0,
        2,
        0,
        1,
        0,
        2,
        0,
        2,
        0,
        4,
        0,
        3,
        0,
        0,
        0,
        2,
        0,
        0,
        0,
        4,
        0,
        4,
        0,
        2,
        0,
        1,
        0,
        0,
        0,
        2,
        0
    ],
    "makespan": 1393,
    "normalized_makespan": 0.2664539289988033,
    "energy": 7245,
    "normalized_energy": 0,
    "tardiness": 22,
    "normalized_tardiness": 0.006806930693069307,
    "bestObjectiveFunction": 0.27326085969187264,
    "tiempo_por_iteracion": 0.5684721158898395
}