{
    "bestSolution": [
        3,
        0,
        3,
        0,
        1,
        0,
        3,
        0,
        0,
        0,
        1,
        0,
        4,
        0,
        1,
        0,
        0,
        0,
        0,
        0,
        2,
        0,
        1,
        0,
        2,
        0,
        3,
        0,
        0,
        0,
        4,
        0,
        4,
        0,
        0,
        0,
        0,
        0,
        3,
        0,
        2,
        0,
        2,
        0,
        3,
        0,
        2,
        0,
        0,
        0,
        2,
        0,
        3,
        0,
        0,
        0,
        0,
        0,
        3,
        0,
        4,
        0,
        4,
        0,
        1,
        0,
        3,
        0,
        1,
        0,
        4,
        0,
        3,
        0,
        1,
        0,
        1,
        0,
        4,
        0,
        4,
        0,
        1,
        0,
        4,
        0,
        1,
        0,
        2,
        0,
        4,
        0,
        0,
        0,
        1,
        0,
        0,
        0,
        3,
        0,
        2,
        0,
        1,
        0,
        2,
        0,
        2,
        0,
        4,
        0,
        4,
        0,
        3,
        0,
        3,
        0,
        1,
        0,
        1,
        0,
        2,
        0,
        0,
        0,
        3,
        0,
        4,
        0,
        1,
        0,
        2,
        0,
        3,
        0,
        0,
        0,
        0,
        0,
        4,
        0,
        2,
        0,
        4,
        0,
        3,
        0,
        2,
        0,
        1,
        0,
        3,
        0,
        0,
        0,
        4,
        0,
        3,
        0,
        3,
        0,
        0,
        0,
        1,
        0,
        2,
        0,
        0,
        0,
        2,
        0,
        4,
        0,
        4,
        0,
        2,
        0,
        2,
        0,
        2,
        0,
        3,
        0,
        0,
        0,
        0,
        0,
        0,
        0,
        4,
        0,
        1,
        0,
        2,
        0,
        4,
        0,
        1,
        0,
        1,
        0
    ],
    "makespan": 801,
    "normalized_makespan": 0.050867985466289865,
    "energy": 7300,
    "normalized_energy": 0,
    "tardiness": 0,
    "normalized_tardiness": 0.0,
    "bestObjectiveFunction": 0.050867985466289865,
    "tiempo_por_iteracion": 3.4258616235521107
}