{
    "bestSolution": [
        3,
        0,
        8,
        3,
        0,
        2,
        8,
        1,
        5,
        0,
        1,
        3,
        4,
        0,
        2,
        0,
        6,
        0,
        5,
        0,
        8,
        1,
        3,
        4,
        9,
        3,
        0,
        0,
        8,
        0,
        6,
        4,
        1,
        0,
        0,
        0,
        5,
        0,
        2,
        0,
        7,
        0,
        0,
        0,
        2,
        0,
        7,
        1,
        8,
        0,
        7,
        0,
        0,
        0,
        9,
        4,
        6,
        0,
        4,
        0,
        3,
        0,
        4,
        3,
        5,
        3,
        9,
        0,
        7,
        3,
        5,
        1,
        3,
        0,
        7,
        0,
        1,
        4,
        9,
        0,
        3,
        1,
        6,
        1,
        1,
        0,
        9,
        1,
        4,
        0,
        2,
        1,
        6,
        0,
        1,
        0,
        2,
        0,
        4,
        2
    ],
    "makespan": 293,
    "normalized_makespan": 0.22452504317789293,
    "energy": 4162,
    "normalized_energy": 0.1576158940397351,
    "tardiness": 0,
    "normalized_tardiness": 0,
    "bestObjectiveFunction": 0.38214093721762804,
    "tiempo_por_iteracion": 0.5752494917674498
}