{
    "bestSolution": [
        15,
        1,
        14,
        1,
        18,
        2,
        6,
        2,
        16,
        2,
        13,
        2,
        19,
        1,
        11,
        1,
        8,
        1,
        18,
        1,
        10,
        0,
        4,
        2,
        15,
        1,
        12,
        2,
        5,
        2,
        1,
        1,
        14,
        2,
        9,
        1,
        14,
        1,
        1,
        1,
        5,
        1,
        10,
        2,
        15,
        1,
        6,
        1,
        11,
        1,
        19,
        1,
        10,
        2,
        8,
        1,
        19,
        1,
        18,
        1,
        5,
        2,
        2,
        1,
        10,
        2,
        2,
        1,
        4,
        2,
        13,
        1,
        3,
        1,
        15,
        2,
        14,
        2,
        1,
        2,
        6,
        2,
        6,
        2,
        2,
        2,
        13,
        1,
        17,
        1,
        8,
        2,
        5,
        1,
        12,
        2,
        7,
        1,
        11,
        2,
        10,
        2,
        1,
        2,
        3,
        2,
        16,
        2,
        18,
        2,
        17,
        2,
        16,
        2,
        18,
        2,
        4,
        2,
        9,
        2,
        11,
        2,
        17,
        1,
        2,
        1,
        7,
        1,
        5,
        1,
        16,
        1,
        7,
        0,
        4,
        1,
        4,
        1,
        1,
        2,
        0,
        1,
        3,
        1,
        7,
        2,
        15,
        1,
        14,
        2,
        9,
        1,
        0,
        1,
        19,
        2,
        0,
        2,
        17,
        2,
        13,
        2,
        2,
        2,
        9,
        0,
        13,
        1,
        0,
        0,
        8,
        2,
        16,
        0,
        11,
        2,
        8,
        1,
        12,
        1,
        19,
        1,
        3,
        1,
        3,
        1,
        17,
        1,
        12,
        1,
        6,
        1,
        9,
        1,
        12,
        2,
        0,
        1,
        7,
        2
    ],
    "makespan": 843,
    "normalized_makespan": 0.04774479017984585,
    "energy": 7251,
    "normalized_energy": 0.8876871880199667,
    "tardiness": 2270,
    "normalized_tardiness": 0.16001691808825602,
    "bestObjectiveFunction": 1.0954488962880686,
    "tiempo_por_iteracion": 2.1296858044921376
}