{
    "bestSolution": [
        4,
        0,
        0,
        0,
        3,
        4,
        3,
        4,
        3,
        2,
        3,
        0,
        1,
        0,
        4,
        0,
        3,
        2,
        1,
        1,
        2,
        0,
        4,
        0,
        2,
        1,
        0,
        0,
        1,
        2,
        0,
        3,
        3,
        0,
        1,
        0,
        4,
        4,
        2,
        0,
        3,
        0,
        4,
        0,
        0,
        0,
        2,
        0,
        1,
        0,
        4,
        0,
        2,
        2,
        2,
        0,
        1,
        0,
        0,
        2,
        2,
        0,
        0,
        2,
        4,
        3,
        0,
        0,
        0,
        0,
        2,
        3,
        1,
        3,
        3,
        4,
        2,
        0,
        0,
        4,
        1,
        1,
        4,
        0,
        1,
        0,
        2,
        0,
        3,
        0,
        1,
        4,
        3,
        0,
        0,
        0,
        4,
        0,
        4,
        0
    ],
    "makespan": 287,
    "normalized_makespan": 0.1526243093922652,
    "energy": 4074,
    "normalized_energy": 0.285563751317176,
    "tardiness": 0,
    "normalized_tardiness": 0,
    "bestObjectiveFunction": 0.43818806070944116,
    "tiempo_por_iteracion": 0.6586915455855332
}