{
    "bestSolution": [
        0,
        0,
        4,
        0,
        2,
        0,
        4,
        0,
        3,
        0,
        1,
        0,
        1,
        0,
        0,
        1,
        0,
        0,
        2,
        0,
        2,
        0,
        4,
        0,
        3,
        0,
        3,
        0,
        4,
        4,
        0,
        0,
        3,
        0,
        1,
        0,
        2,
        0,
        1,
        0,
        4,
        0,
        0,
        0,
        3,
        0,
        2,
        1,
        1,
        1
    ],
    "makespan": 1160,
    "normalized_makespan": 0.2531185031185031,
    "energy": 729,
    "normalized_energy": 0.11674347158218126,
    "tardiness": 0,
    "normalized_tardiness": 0,
    "bestObjectiveFunction": 0.3698619747006844,
    "tiempo_por_iteracion": 0.3494262182050281
}