{
    "bestSolution": [
        6,
        1,
        1,
        2,
        7,
        0,
        6,
        1,
        1,
        2,
        5,
        2,
        8,
        1,
        4,
        2,
        7,
        2,
        7,
        1,
        3,
        2,
        5,
        2,
        9,
        2,
        4,
        1,
        7,
        1,
        5,
        2,
        8,
        2,
        4,
        1,
        3,
        2,
        3,
        2,
        5,
        1,
        4,
        2,
        7,
        1,
        1,
        0,
        3,
        2,
        0,
        1,
        0,
        2,
        6,
        2,
        9,
        2,
        8,
        0,
        5,
        1,
        2,
        0,
        0,
        2,
        7,
        2,
        4,
        2,
        6,
        2,
        9,
        1,
        6,
        2,
        2,
        2,
        0,
        0,
        5,
        2,
        4,
        2,
        9,
        2,
        8,
        2,
        9,
        2,
        9,
        2,
        3,
        0,
        4,
        0,
        0,
        1,
        7,
        1,
        7,
        1,
        6,
        2,
        6,
        1,
        3,
        2,
        2,
        2,
        5,
        0,
        0,
        0,
        1,
        2,
        8,
        1,
        2,
        2,
        1,
        2,
        8,
        2,
        9,
        1,
        2,
        2,
        8,
        2,
        1,
        1,
        2,
        2,
        5,
        2,
        3,
        1,
        6,
        1,
        2,
        2,
        9,
        1,
        3,
        0,
        4,
        0,
        7,
        1,
        4,
        2,
        2,
        2,
        0,
        1,
        3,
        2,
        1,
        1,
        9,
        2,
        1,
        1,
        8,
        2,
        5,
        1,
        2,
        2,
        9,
        2,
        6,
        2,
        0,
        1,
        0,
        1,
        2,
        2,
        8,
        2,
        3,
        1,
        1,
        2,
        7,
        0,
        6,
        1,
        0,
        2,
        4,
        1,
        1,
        2,
        5,
        2,
        8,
        1
    ],
    "makespan": 714,
    "normalized_makespan": 0.034006862371330535,
    "energy": 7147,
    "normalized_energy": 0.8543046357615894,
    "tardiness": 284,
    "normalized_tardiness": 0.021220951953971456,
    "bestObjectiveFunction": 0.9095324500868914,
    "tiempo_por_iteracion": 1.8201311349868774
}