{
    "bestSolution": [
        4,
        2,
        2,
        2,
        7,
        0,
        2,
        0,
        0,
        0,
        1,
        0,
        5,
        1,
        7,
        0,
        6,
        0,
        8,
        0,
        4,
        1,
        5,
        2,
        1,
        1,
        7,
        0,
        5,
        2,
        3,
        0,
        1,
        2,
        0,
        1,
        5,
        2,
        0,
        0,
        3,
        1,
        9,
        0,
        9,
        2,
        3,
        0,
        4,
        1,
        7,
        0,
        2,
        1,
        5,
        0,
        8,
        0,
        9,
        2,
        8,
        0,
        6,
        0,
        2,
        1,
        4,
        2,
        5,
        0,
        0,
        1,
        8,
        2,
        8,
        1,
        7,
        1,
        3,
        2,
        3,
        2,
        8,
        1,
        5,
        0,
        2,
        1,
        1,
        2,
        7,
        1,
        6,
        0,
        3,
        2,
        6,
        1,
        8,
        2,
        4,
        2,
        8,
        0,
        2,
        2,
        1,
        1,
        7,
        0,
        4,
        1,
        0,
        0,
        1,
        0,
        2,
        1,
        6,
        1,
        1,
        1,
        6,
        2,
        9,
        0,
        2,
        2,
        0,
        2,
        2,
        2,
        7,
        1,
        4,
        2,
        7,
        0,
        9,
        1,
        1,
        1,
        3,
        0,
        9,
        1,
        0,
        1,
        5,
        0,
        6,
        1,
        0,
        1,
        9,
        1,
        6,
        1,
        6,
        1,
        3,
        0,
        8,
        1,
        8,
        1,
        4,
        0,
        3,
        2,
        1,
        0,
        1,
        1,
        2,
        0,
        6,
        1,
        7,
        2,
        0,
        1,
        0,
        2,
        3,
        2,
        5,
        2,
        4,
        1,
        9,
        1,
        5,
        0,
        9,
        2,
        4,
        2,
        9,
        0
    ],
    "makespan": 1126,
    "normalized_makespan": 0.06542127335112467,
    "energy": 6005,
    "normalized_energy": 0.6251254264499297,
    "tardiness": 2373,
    "normalized_tardiness": 0.17731450347455727,
    "bestObjectiveFunction": 0.8678612032756117,
    "tiempo_por_iteracion": 0.9553262570808674
}