{
    "bestSolution": [
        3,
        0,
        6,
        0,
        9,
        0,
        0,
        0,
        7,
        0,
        8,
        0,
        5,
        0,
        6,
        0,
        0,
        0,
        9,
        0,
        2,
        0,
        7,
        0,
        0,
        0,
        7,
        0,
        4,
        0,
        1,
        0,
        0,
        0,
        5,
        0,
        3,
        0,
        8,
        0,
        7,
        0,
        7,
        0,
        3,
        0,
        4,
        0,
        8,
        0,
        9,
        0,
        9,
        0,
        4,
        0,
        1,
        0,
        2,
        0,
        3,
        0,
        6,
        0,
        8,
        0,
        4,
        0,
        1,
        0,
        9,
        0,
        0,
        0,
        3,
        0,
        1,
        0,
        6,
        0,
        2,
        0,
        5,
        0,
        2,
        0,
        1,
        0,
        6,
        0,
        8,
        0,
        5,
        0,
        2,
        0,
        4,
        0,
        5,
        0
    ],
    "makespan": 494,
    "normalized_makespan": 0.19230769230769232,
    "energy": 3687,
    "normalized_energy": 0,
    "tardiness": 234,
    "normalized_tardiness": 0.15155440414507773,
    "bestObjectiveFunction": 0.34386209645277005,
    "tiempo_por_iteracion": 0.5996133561670427
}