{
    "bestSolution": [
        4,
        0,
        5,
        0,
        0,
        0,
        8,
        0,
        5,
        0,
        7,
        0,
        5,
        0,
        3,
        0,
        8,
        0,
        2,
        0,
        0,
        0,
        5,
        0,
        7,
        0,
        8,
        0,
        7,
        0,
        0,
        0,
        4,
        0,
        4,
        0,
        2,
        0,
        0,
        0,
        6,
        0,
        7,
        0,
        0,
        0,
        2,
        0,
        6,
        0,
        7,
        0,
        5,
        0,
        0,
        0,
        9,
        0,
        1,
        0,
        5,
        0,
        1,
        0,
        8,
        0,
        1,
        0,
        3,
        0,
        6,
        0,
        7,
        0,
        2,
        0,
        4,
        0,
        6,
        0,
        3,
        0,
        8,
        0,
        6,
        0,
        3,
        0,
        1,
        0,
        9,
        0,
        2,
        0,
        4,
        0,
        6,
        0,
        5,
        0,
        5,
        0,
        1,
        0,
        9,
        0,
        9,
        0,
        4,
        0,
        8,
        0,
        3,
        0,
        6,
        0,
        2,
        0,
        8,
        0,
        7,
        0,
        8,
        0,
        9,
        0,
        9,
        0,
        9,
        0,
        2,
        0,
        5,
        0,
        3,
        0,
        4,
        0,
        6,
        0,
        0,
        0,
        5,
        0,
        6,
        0,
        7,
        0,
        8,
        0,
        0,
        0,
        1,
        0,
        4,
        0,
        4,
        0,
        0,
        0,
        1,
        0,
        8,
        0,
        9,
        0,
        0,
        0,
        9,
        0,
        7,
        0,
        7,
        0,
        1,
        0,
        3,
        0,
        9,
        0,
        3,
        0,
        1,
        0,
        2,
        0,
        6,
        0,
        3,
        0,
        2,
        0,
        1,
        0,
        3,
        0,
        4,
        0,
        2,
        0
    ],
    "makespan": 710,
    "normalized_makespan": 0.08306810948440484,
    "energy": 7019,
    "normalized_energy": 0,
    "tardiness": 3,
    "normalized_tardiness": 0.000835421888053467,
    "bestObjectiveFunction": 0.0839035313724583,
    "tiempo_por_iteracion": 1.8128835042317708
}