{
    "bestSolution": [
        11,
        0,
        1,
        2,
        15,
        0,
        12,
        1,
        16,
        4,
        14,
        0,
        11,
        1,
        0,
        2,
        0,
        1,
        2,
        1,
        17,
        1,
        11,
        4,
        19,
        2,
        3,
        2,
        5,
        2,
        16,
        2,
        18,
        4,
        2,
        1,
        15,
        2,
        1,
        4,
        1,
        3,
        1,
        2,
        3,
        4,
        10,
        0,
        19,
        4,
        18,
        0,
        13,
        1,
        4,
        3,
        5,
        3,
        16,
        1,
        10,
        4,
        19,
        4,
        7,
        4,
        18,
        2,
        10,
        1,
        2,
        2,
        8,
        4,
        6,
        0,
        13,
        0,
        10,
        4,
        9,
        0,
        5,
        0,
        14,
        3,
        19,
        2,
        7,
        2,
        12,
        0,
        10,
        3,
        2,
        2,
        1,
        0,
        9,
        3,
        5,
        1,
        17,
        0,
        13,
        4,
        0,
        3,
        12,
        4,
        16,
        2,
        17,
        1,
        13,
        2,
        4,
        0,
        11,
        0,
        18,
        3,
        12,
        0,
        8,
        1,
        7,
        2,
        16,
        1,
        15,
        2,
        13,
        3,
        8,
        0,
        14,
        2,
        8,
        1,
        4,
        3,
        7,
        3,
        9,
        2,
        18,
        0,
        9,
        4,
        2,
        2,
        17,
        3,
        0,
        0,
        3,
        3,
        6,
        4,
        12,
        1,
        14,
        4,
        4,
        1,
        6,
        1,
        9,
        1,
        6,
        4,
        17,
        0,
        7,
        0,
        4,
        2,
        19,
        1,
        8,
        3,
        3,
        0,
        3,
        3,
        11,
        1,
        14,
        0,
        5,
        0,
        15,
        4,
        15,
        1,
        6,
        3,
        0,
        4
    ],
    "makespan": 234,
    "normalized_makespan": 0.08563782337198929,
    "energy": 9224,
    "normalized_energy": 0.7406417112299465,
    "tardiness": 574,
    "normalized_tardiness": 0.2513134851138354,
    "bestObjectiveFunction": 1.0775930197157713,
    "tiempo_por_iteracion": 1.1666093184189363
}