{
    "bestSolution": [
        2,
        0,
        1,
        0,
        3,
        0,
        1,
        0,
        4,
        0,
        1,
        0,
        0,
        0,
        3,
        0,
        4,
        0,
        3,
        0,
        4,
        0,
        3,
        0,
        1,
        0,
        2,
        0,
        2,
        0,
        1,
        0,
        2,
        0,
        0,
        0,
        4,
        0,
        3,
        0,
        0,
        0,
        2,
        0,
        0,
        0,
        4,
        0,
        0,
        0
    ],
    "makespan": 294,
    "normalized_makespan": 0.09911504424778761,
    "energy": 1831,
    "normalized_energy": 0,
    "tardiness": 15,
    "normalized_tardiness": 0.0186799501867995,
    "bestObjectiveFunction": 0.1177949944345871,
    "tiempo_por_iteracion": 0.28127580136060715
}