{
    "bestSolution": [
        3,
        2,
        1,
        0,
        0,
        2,
        0,
        2,
        4,
        0,
        2,
        0,
        2,
        0,
        1,
        0,
        2,
        0,
        2,
        2,
        1,
        2,
        2,
        0,
        1,
        0,
        0,
        0,
        2,
        0,
        3,
        0,
        1,
        0,
        3,
        2,
        4,
        0,
        3,
        2,
        0,
        1,
        1,
        0,
        3,
        0,
        4,
        0,
        4,
        2,
        1,
        2,
        3,
        0,
        4,
        0,
        1,
        2,
        4,
        0,
        0,
        2,
        0,
        0,
        0,
        0,
        4,
        0,
        1,
        0,
        3,
        2,
        2,
        2,
        1,
        2,
        4,
        0,
        3,
        0,
        1,
        1,
        3,
        0,
        4,
        2,
        1,
        0,
        1,
        0,
        2,
        2,
        4,
        0,
        1,
        2,
        2,
        0,
        2,
        2,
        2,
        0,
        2,
        0,
        0,
        0,
        0,
        2,
        4,
        0,
        0,
        0,
        2,
        1,
        4,
        0,
        3,
        2,
        0,
        0,
        4,
        2,
        3,
        0,
        3,
        0,
        2,
        0,
        4,
        0,
        0,
        0,
        0,
        0,
        4,
        0,
        3,
        0,
        1,
        0,
        4,
        0,
        3,
        0,
        3,
        0,
        2,
        2,
        0,
        0,
        1,
        0,
        1,
        0,
        0,
        2,
        4,
        2,
        4,
        0,
        2,
        1,
        3,
        2,
        3,
        0,
        2,
        2,
        3,
        2,
        3,
        0,
        1,
        2,
        3,
        2,
        1,
        0,
        4,
        1,
        0,
        2,
        2,
        2,
        0,
        0,
        1,
        2,
        2,
        0,
        2,
        0,
        0,
        0,
        0,
        0,
        0,
        2,
        4,
        2
    ],
    "makespan": 2532,
    "normalized_makespan": 0.16524687784302375,
    "energy": 4963,
    "normalized_energy": 0.3728497409326425,
    "tardiness": 0,
    "normalized_tardiness": 0,
    "bestObjectiveFunction": 0.5380966187756663,
    "tiempo_por_iteracion": 3.186496098836263
}