{
    "bestSolution": [
        1,
        0,
        3,
        0,
        0,
        1,
        3,
        0,
        4,
        2,
        4,
        0,
        2,
        1,
        2,
        1,
        4,
        1,
        2,
        0,
        1,
        0,
        0,
        0,
        3,
        2,
        4,
        2,
        1,
        0,
        0,
        1,
        4,
        1,
        4,
        0,
        3,
        0,
        3,
        1,
        2,
        0,
        2,
        0,
        3,
        0,
        0,
        0,
        0,
        0,
        3,
        2,
        4,
        0,
        4,
        0,
        1,
        0,
        3,
        2,
        4,
        0,
        3,
        1,
        2,
        1,
        1,
        0,
        1,
        1,
        2,
        0,
        1,
        1,
        1,
        0,
        2,
        0,
        2,
        0,
        1,
        0,
        4,
        0,
        1,
        0,
        4,
        0,
        0,
        0,
        3,
        2,
        2,
        2,
        4,
        2,
        3,
        1,
        3,
        0,
        3,
        0,
        3,
        2,
        0,
        0,
        4,
        2,
        4,
        0,
        1,
        0,
        0,
        0,
        4,
        0,
        3,
        2,
        0,
        0,
        2,
        0,
        1,
        2,
        1,
        1,
        0,
        2,
        2,
        2,
        0,
        0,
        0,
        2,
        0,
        0,
        2,
        0,
        2,
        1,
        4,
        1,
        1,
        1,
        0,
        0,
        1,
        1,
        2,
        0,
        1,
        1,
        3,
        0,
        1,
        0,
        3,
        0,
        0,
        0,
        0,
        0,
        2,
        0,
        2,
        2,
        3,
        0,
        2,
        1,
        4,
        0,
        1,
        0,
        4,
        0,
        2,
        0,
        0,
        2,
        4,
        0,
        2,
        0,
        4,
        0,
        1,
        0,
        3,
        0,
        1,
        0,
        0,
        0,
        0,
        2,
        3,
        0,
        0,
        1
    ],
    "makespan": 2367,
    "normalized_makespan": 0.1516003639070383,
    "energy": 4839,
    "normalized_energy": 0.3471502590673575,
    "tardiness": 0,
    "normalized_tardiness": 0,
    "bestObjectiveFunction": 0.4987506229743958,
    "tiempo_por_iteracion": 1.427265689486549
}