{
    "bestSolution": [
        4,
        0,
        4,
        0,
        1,
        0,
        0,
        0,
        4,
        0,
        4,
        0,
        2,
        0,
        3,
        0,
        1,
        0,
        1,
        0,
        1,
        0,
        2,
        0,
        3,
        0,
        3,
        0,
        2,
        0,
        2,
        0,
        3,
        0,
        1,
        0,
        4,
        0,
        4,
        0,
        3,
        0,
        4,
        0,
        1,
        0,
        0,
        0,
        0,
        0,
        0,
        0,
        4,
        0,
        1,
        0,
        4,
        0,
        2,
        0,
        0,
        0,
        0,
        0,
        3,
        0,
        3,
        0,
        1,
        0,
        2,
        0,
        4,
        0,
        3,
        0,
        2,
        0,
        0,
        0,
        4,
        0,
        1,
        0,
        0,
        0,
        3,
        0,
        0,
        0,
        3,
        0,
        0,
        0,
        3,
        0,
        1,
        0,
        1,
        0,
        4,
        0,
        1,
        0,
        4,
        0,
        1,
        0,
        4,
        0,
        2,
        0,
        1,
        0,
        3,
        0,
        2,
        0,
        2,
        0,
        1,
        0,
        2,
        0,
        0,
        0,
        0,
        0,
        4,
        0,
        0,
        0,
        2,
        0,
        1,
        0,
        1,
        0,
        4,
        0,
        1,
        0,
        4,
        0,
        1,
        0,
        4,
        0,
        1,
        0,
        2,
        0,
        2,
        0,
        3,
        0,
        0,
        0,
        2,
        0,
        0,
        0,
        3,
        0,
        4,
        0,
        0,
        0,
        2,
        0,
        2,
        0,
        0,
        0,
        3,
        0,
        2,
        0,
        0,
        0,
        4,
        0,
        3,
        0,
        2,
        0,
        2,
        0,
        3,
        0,
        3,
        0,
        3,
        0,
        3,
        0,
        0,
        0,
        0,
        0
    ],
    "makespan": 238,
    "normalized_makespan": 0.24299065420560748,
    "energy": 9447,
    "normalized_energy": 0,
    "tardiness": 73,
    "normalized_tardiness": 0.1298932384341637,
    "bestObjectiveFunction": 0.3728838926397712,
    "tiempo_por_iteracion": 0.7152625294618828
}