{
    "bestSolution": [
        1,
        0,
        2,
        2,
        1,
        2,
        3,
        2,
        4,
        2,
        2,
        1,
        0,
        2,
        4,
        2,
        4,
        2,
        3,
        0,
        3,
        1,
        4,
        1,
        0,
        0,
        2,
        0,
        3,
        2,
        1,
        1,
        0,
        1,
        1,
        2,
        2,
        2,
        3,
        2,
        1,
        0,
        0,
        1,
        4,
        0,
        0,
        2,
        2,
        0
    ],
    "makespan": 455,
    "normalized_makespan": 0.10815199740175381,
    "energy": 1663,
    "normalized_energy": 0.7219882055602359,
    "tardiness": 496,
    "normalized_tardiness": 0.15495157763199,
    "bestObjectiveFunction": 0.9850917805939797,
    "tiempo_por_iteracion": 0.5308767073324036
}