{
    "bestSolution": [
        8,
        1,
        0,
        4,
        8,
        4,
        1,
        2,
        6,
        2,
        8,
        1,
        2,
        4,
        4,
        0,
        9,
        3,
        0,
        0,
        6,
        3,
        7,
        4,
        4,
        2,
        3,
        2,
        6,
        1,
        5,
        4,
        3,
        1,
        8,
        3,
        9,
        1,
        6,
        2,
        3,
        3,
        1,
        2,
        2,
        0,
        7,
        1,
        2,
        3,
        1,
        4,
        8,
        0,
        1,
        1,
        6,
        0,
        5,
        0,
        0,
        1,
        9,
        1,
        2,
        2,
        3,
        1,
        4,
        3,
        2,
        3,
        9,
        4,
        7,
        3,
        3,
        0,
        9,
        4,
        0,
        1,
        1,
        1,
        5,
        3,
        7,
        0,
        0,
        3,
        7,
        2,
        5,
        2,
        4,
        3,
        5,
        0,
        4,
        0
    ],
    "makespan": 577,
    "normalized_makespan": 0.0701982450438739,
    "energy": 3338,
    "normalized_energy": 0.7219882055602359,
    "tardiness": 673,
    "normalized_tardiness": 0.10684235592951262,
    "bestObjectiveFunction": 0.8990288065336225,
    "tiempo_por_iteracion": 0.52216387768181
}