{
    "bestSolution": [
        9,
        2,
        3,
        4,
        4,
        4,
        0,
        2,
        8,
        2,
        2,
        1,
        3,
        4,
        5,
        1,
        3,
        1,
        2,
        1,
        9,
        4,
        3,
        3,
        1,
        1,
        1,
        4,
        2,
        0,
        3,
        1,
        6,
        4,
        3,
        3,
        6,
        3,
        0,
        2,
        9,
        3,
        4,
        4,
        8,
        2,
        1,
        3,
        0,
        4,
        0,
        2,
        9,
        4,
        6,
        3,
        4,
        3,
        1,
        4,
        1,
        2,
        5,
        3,
        8,
        1,
        2,
        3,
        7,
        3,
        7,
        1,
        0,
        3,
        4,
        2,
        8,
        2,
        3,
        1,
        2,
        3,
        7,
        2,
        0,
        4,
        2,
        3,
        6,
        1,
        3,
        2,
        6,
        3,
        9,
        3,
        4,
        0,
        1,
        1,
        1,
        4,
        3,
        1,
        6,
        1,
        6,
        4,
        1,
        3,
        2,
        3,
        9,
        3,
        0,
        1,
        8,
        2,
        8,
        2,
        2,
        1,
        9,
        2,
        6,
        1,
        5,
        4,
        7,
        1,
        4,
        2,
        5,
        2,
        0,
        4,
        1,
        3,
        6,
        3,
        7,
        2,
        8,
        3,
        3,
        0,
        7,
        3,
        4,
        2,
        1,
        3,
        5,
        3,
        7,
        3,
        9,
        2,
        8,
        2,
        8,
        2,
        0,
        2,
        2,
        1,
        5,
        3,
        7,
        2,
        4,
        4,
        7,
        3,
        0,
        2,
        9,
        0,
        4,
        1,
        6,
        2,
        5,
        1,
        5,
        2,
        7,
        2,
        8,
        4,
        2,
        1,
        9,
        3,
        5,
        3,
        5,
        2,
        4,
        3
    ],
    "makespan": 718,
    "normalized_makespan": 0.03230520729174679,
    "energy": 7160,
    "normalized_energy": 0.850579386054076,
    "tardiness": 221,
    "normalized_tardiness": 0.016617790811339198,
    "bestObjectiveFunction": 0.899502384157162,
    "tiempo_por_iteracion": 2.21513936026343
}