{
    "bestSolution": [
        4,
        0,
        5,
        0,
        8,
        0,
        2,
        0,
        7,
        0,
        0,
        0,
        1,
        0,
        9,
        0,
        7,
        0,
        1,
        0,
        6,
        0,
        1,
        0,
        9,
        0,
        5,
        0,
        7,
        0,
        8,
        0,
        4,
        0,
        3,
        0,
        1,
        0,
        0,
        0,
        5,
        0,
        7,
        0,
        2,
        0,
        3,
        0,
        0,
        0,
        9,
        0,
        6,
        0,
        2,
        0,
        3,
        0,
        4,
        0,
        8,
        0,
        0,
        0,
        1,
        0,
        6,
        0,
        8,
        0,
        9,
        0,
        3,
        0,
        2,
        0,
        6,
        0,
        7,
        0,
        9,
        0,
        1,
        0,
        9,
        0,
        4,
        0,
        5,
        0,
        2,
        0,
        8,
        0,
        5,
        0,
        8,
        0,
        6,
        0,
        2,
        0,
        1,
        0,
        5,
        0,
        3,
        0,
        0,
        0,
        7,
        0,
        9,
        0,
        8,
        0,
        7,
        0,
        4,
        0,
        8,
        0,
        9,
        0,
        6,
        0,
        0,
        0,
        4,
        0,
        8,
        0,
        2,
        0,
        5,
        0,
        7,
        0,
        3,
        0,
        4,
        0,
        6,
        0,
        0,
        0,
        2,
        0,
        9,
        0,
        1,
        0,
        5,
        0,
        3,
        0,
        0,
        0,
        0,
        0,
        3,
        0,
        5,
        0,
        8,
        0,
        1,
        0,
        7,
        0,
        2,
        0,
        3,
        0,
        6,
        0,
        1,
        0,
        9,
        0,
        4,
        0,
        3,
        0,
        6,
        0,
        4,
        0,
        0,
        0,
        2,
        0,
        6,
        0,
        4,
        0,
        7,
        0,
        5,
        0
    ],
    "makespan": 601,
    "normalized_makespan": 0.07662291592763391,
    "energy": 7260,
    "normalized_energy": 0,
    "tardiness": 0,
    "normalized_tardiness": 0.0,
    "bestObjectiveFunction": 0.07662291592763391,
    "tiempo_por_iteracion": 0.8623633745944861
}