{
    "bestSolution": [
        5,
        2,
        5,
        4,
        5,
        0,
        6,
        0,
        1,
        0,
        6,
        0,
        6,
        1,
        0,
        1,
        1,
        0,
        1,
        3,
        3,
        0,
        2,
        3,
        2,
        0,
        9,
        0,
        6,
        0,
        7,
        3,
        0,
        0,
        3,
        2,
        9,
        1,
        7,
        0,
        2,
        4,
        0,
        4,
        6,
        2,
        8,
        2,
        8,
        1,
        7,
        1,
        4,
        0,
        8,
        0,
        9,
        0,
        2,
        0,
        4,
        1,
        3,
        2,
        7,
        2,
        2,
        2,
        5,
        1,
        5,
        4,
        0,
        4,
        8,
        1,
        7,
        1,
        4,
        3,
        4,
        2,
        1,
        1,
        0,
        3,
        8,
        2,
        1,
        3,
        3,
        2,
        4,
        2,
        3,
        0,
        9,
        1,
        9,
        0
    ],
    "makespan": 171,
    "normalized_makespan": 0.11917098445595854,
    "energy": 4503,
    "normalized_energy": 0.609271523178808,
    "tardiness": 319,
    "normalized_tardiness": 0.2678421494542401,
    "bestObjectiveFunction": 0.9962846570890066,
    "tiempo_por_iteracion": 0.44328012069066364
}