{
    "bestSolution": [
        6,
        0,
        5,
        0,
        4,
        3,
        4,
        2,
        2,
        4,
        2,
        3,
        2,
        1,
        9,
        4,
        6,
        4,
        3,
        4,
        1,
        3,
        4,
        3,
        6,
        3,
        7,
        4,
        4,
        1,
        8,
        2,
        2,
        2,
        7,
        1,
        9,
        3,
        1,
        1,
        8,
        1,
        0,
        4,
        2,
        3,
        8,
        2,
        5,
        0,
        9,
        4,
        3,
        2,
        0,
        1,
        9,
        3,
        0,
        1,
        0,
        3,
        8,
        3,
        5,
        4,
        1,
        0,
        7,
        2,
        6,
        2,
        5,
        2,
        3,
        2,
        3,
        3,
        1,
        3,
        4,
        3,
        8,
        3,
        9,
        2,
        1,
        3,
        5,
        3,
        7,
        0,
        3,
        4,
        0,
        2,
        7,
        3,
        6,
        1
    ],
    "makespan": 154,
    "normalized_makespan": 0.10449050086355786,
    "energy": 4699,
    "normalized_energy": 0.8688741721854305,
    "tardiness": 172,
    "normalized_tardiness": 0.14441645675902604,
    "bestObjectiveFunction": 1.1177811298080145,
    "tiempo_por_iteracion": 0.9282038594684462
}