{
    "bestSolution": [
        15,
        2,
        14,
        0,
        6,
        2,
        1,
        1,
        5,
        2,
        11,
        0,
        13,
        1,
        18,
        1,
        13,
        1,
        4,
        2,
        11,
        1,
        10,
        2,
        15,
        2,
        0,
        1,
        1,
        0,
        7,
        0,
        15,
        0,
        10,
        2,
        17,
        2,
        7,
        2,
        6,
        1,
        18,
        2,
        19,
        1,
        11,
        1,
        3,
        0,
        12,
        2,
        9,
        2,
        1,
        2,
        18,
        1,
        4,
        1,
        16,
        1,
        17,
        1,
        9,
        0,
        14,
        2,
        19,
        1,
        4,
        2,
        3,
        1,
        14,
        0,
        15,
        1,
        19,
        2,
        17,
        1,
        19,
        0,
        13,
        2,
        13,
        0,
        4,
        0,
        17,
        1,
        7,
        0,
        4,
        2,
        17,
        2,
        6,
        0,
        14,
        2,
        16,
        1,
        10,
        1,
        9,
        0,
        9,
        2,
        8,
        0,
        1,
        2,
        18,
        0,
        0,
        0,
        8,
        0,
        3,
        0,
        2,
        1,
        5,
        2,
        11,
        1,
        12,
        0,
        16,
        1,
        8,
        2,
        7,
        2,
        1,
        1,
        10,
        1,
        0,
        0,
        2,
        0,
        8,
        0,
        6,
        0,
        13,
        1,
        0,
        2,
        5,
        2,
        10,
        1,
        19,
        2,
        7,
        0,
        16,
        2,
        18,
        1,
        12,
        1,
        11,
        1,
        3,
        2,
        2,
        1,
        12,
        1,
        5,
        1,
        3,
        2,
        9,
        1,
        8,
        0,
        2,
        2,
        0,
        1,
        15,
        0,
        16,
        1,
        5,
        0,
        14,
        0,
        12,
        0,
        2,
        0,
        6,
        1
    ],
    "makespan": 1229,
    "normalized_makespan": 0.07688927943760984,
    "energy": 6282,
    "normalized_energy": 0.6825364252000821,
    "tardiness": 3903,
    "normalized_tardiness": 0.28211058908565234,
    "bestObjectiveFunction": 1.041536293723344,
    "tiempo_por_iteracion": 0.935280248097011
}