{
    "bestSolution": [
        7,
        2,
        8,
        1,
        5,
        1,
        2,
        1,
        0,
        2,
        0,
        4,
        9,
        3,
        1,
        2,
        2,
        2,
        1,
        1,
        4,
        1,
        9,
        1,
        0,
        1,
        6,
        1,
        3,
        0,
        0,
        3,
        1,
        4,
        8,
        0,
        7,
        1,
        8,
        1,
        6,
        3,
        2,
        0,
        4,
        2,
        5,
        3,
        1,
        0,
        4,
        0,
        3,
        3,
        0,
        1,
        9,
        2,
        8,
        2,
        2,
        2,
        3,
        3,
        7,
        1,
        1,
        1,
        9,
        2,
        5,
        0,
        8,
        1,
        3,
        3,
        2,
        3,
        6,
        4,
        7,
        0,
        9,
        2,
        0,
        3,
        4,
        4,
        2,
        1,
        5,
        3,
        6,
        3,
        6,
        4,
        8,
        4,
        4,
        2,
        1,
        3,
        4,
        2,
        2,
        3,
        9,
        1,
        3,
        2,
        1,
        0,
        2,
        2,
        8,
        4,
        0,
        1,
        0,
        0,
        6,
        1,
        9,
        1,
        5,
        3,
        4,
        2,
        5,
        4,
        0,
        1,
        8,
        2,
        2,
        1,
        7,
        3,
        2,
        4,
        6,
        1,
        4,
        1,
        5,
        0,
        1,
        1,
        3,
        1,
        0,
        1,
        3,
        2,
        1,
        1,
        3,
        1,
        5,
        3,
        9,
        3,
        6,
        0,
        8,
        4,
        4,
        0,
        1,
        0,
        7,
        3,
        7,
        2,
        6,
        1,
        5,
        3,
        3,
        2,
        9,
        0,
        7,
        3,
        4,
        0,
        3,
        0,
        7,
        2,
        8,
        0,
        5,
        0,
        9,
        3,
        6,
        1,
        7,
        2
    ],
    "makespan": 948,
    "normalized_makespan": 0.05029204278237123,
    "energy": 6499,
    "normalized_energy": 0.7039864291772688,
    "tardiness": 2405,
    "normalized_tardiness": 0.17857142857142858,
    "bestObjectiveFunction": 0.9328499005310686,
    "tiempo_por_iteracion": 1.092673957670057
}