{
    "status": "OPTIMAL_SOLUTION",
    "solution": {
        "objective": 0.8832498427121084,
        "start_time": [
            [
                243,
                176,
                147,
                280,
                394
            ],
            [
                162,
                234,
                352,
                90,
                306
            ],
            [
                200,
                154,
                102,
                316,
                230
            ],
            [
                386,
                20,
                280,
                180,
                138
            ],
            [
                271,
                206,
                60,
                154,
                349
            ]
        ],
        "SpeedScaling": [
            [
                1,
                2,
                2,
                2,
                2
            ],
            [
                2,
                2,
                2,
                2,
                2
            ],
            [
                2,
                2,
                3,
                1,
                1
            ],
            [
                1,
                2,
                1,
                1,
                1
            ],
            [
                1,
                2,
                3,
                2,
                3
            ]
        ],
        "_output_item": "Objective function normalized: M-0.08517940717628705 + E-0.6783919597989949 + T-0.1196784757368264 = 0.8832498427121084 \nObjective function: M-427.0 + E-1590.0 + T-402.0 = 0.8832498427121084 \nStart Times: [243, 176, 147, 280, 394, 162, 234, 352, 90, 306, 200, 154, 102, 316, 230, 386, 20, 280, 180, 138, 271, 206, 60, 154, 349]\nSpeed Scaling; [1, 2, 2, 2, 2, 2, 2, 2, 2, 2, 2, 2, 3, 1, 1, 1, 2, 1, 1, 1, 1, 2, 3, 2, 3]\n",
        "_checker": ""
    },
    "statistics": {
        "paths": 0,
        "flatIntVars": 451,
        "flatFloatVars": 54,
        "flatIntConstraints": 576,
        "flatFloatConstraints": 54,
        "evaluatedHalfReifiedConstraints": 100,
        "method": "minimize",
        "flatTime": 103.852,
        "objective": 0.883249842712,
        "objectiveBound": 0.883249842712,
        "nodes": 31511,
        "openNodes": 3289,
        "solveTime": 30613.0,
        "time": 14335.0,
        "nSolutions": 10
    }
}