{
    "bestSolution": [
        4,
        2,
        3,
        1,
        2,
        2,
        1,
        0,
        1,
        2,
        2,
        1,
        3,
        0,
        0,
        1,
        0,
        2,
        3,
        1,
        3,
        0,
        1,
        1,
        2,
        2,
        4,
        1,
        0,
        0,
        2,
        1,
        0,
        1,
        4,
        1,
        1,
        2,
        2,
        0,
        4,
        0,
        1,
        1,
        0,
        1,
        3,
        0,
        4,
        1
    ],
    "makespan": 423,
    "normalized_makespan": 0.08393135725429017,
    "energy": 1638,
    "normalized_energy": 0.7185929648241206,
    "tardiness": 388,
    "normalized_tardiness": 0.11551056862161357,
    "bestObjectiveFunction": 0.9180348907000243,
    "tiempo_por_iteracion": 0.33214603356665967
}