{
    "bestSolution": [
        3,
        1,
        4,
        2,
        2,
        2,
        2,
        1,
        0,
        1,
        1,
        1,
        1,
        2,
        4,
        1,
        0,
        1,
        3,
        0,
        2,
        2,
        4,
        2,
        0,
        1,
        1,
        1,
        3,
        0,
        2,
        2,
        4,
        0,
        3,
        0,
        0,
        2,
        1,
        1,
        2,
        0,
        0,
        1,
        3,
        0,
        1,
        1,
        4,
        2
    ],
    "makespan": 409,
    "normalized_makespan": 0.07956318252730109,
    "energy": 1678,
    "normalized_energy": 0.7520938023450586,
    "tardiness": 294,
    "normalized_tardiness": 0.08752604941947008,
    "bestObjectiveFunction": 0.9191830342918298,
    "tiempo_por_iteracion": 0.5520901120227316
}