{
    "status": "OPTIMAL_SOLUTION",
    "solution": {
        "objective": 0.3009208103130753,
        "start_time": [
            [
                867,
                524,
                803,
                450,
                129
            ],
            [
                607,
                0,
                319,
                248,
                450
            ],
            [
                764,
                248,
                450,
                862,
                0
            ],
            [
                524,
                403,
                0,
                607,
                215
            ],
            [
                209,
                679,
                142,
                775,
                326
            ]
        ],
        "SpeedScaling": [
            [
                1,
                1,
                1,
                1,
                1
            ],
            [
                1,
                1,
                1,
                1,
                1
            ],
            [
                1,
                1,
                1,
                1,
                1
            ],
            [
                1,
                1,
                1,
                1,
                1
            ],
            [
                1,
                1,
                1,
                1,
                1
            ]
        ],
        "_output_item": "Objective function: 0.3009208103130755 + -1.665334536937735e-16 = 0.3009208103130753 \nObjective function : M-952.0 + E-853.0 = 0.3009208103130753 \nStart Times: [867, 524, 803, 450, 129, 607, 0, 319, 248, 450, 764, 248, 450, 862, 0, 524, 403, 0, 607, 215, 209, 679, 142, 775, 326]\nSpeed Scaling; [1, 1, 1, 1, 1, 1, 1, 1, 1, 1, 1, 1, 1, 1, 1, 1, 1, 1, 1, 1, 1, 1, 1, 1, 1]\n",
        "_checker": ""
    },
    "statistics": {
        "paths": 0,
        "flatIntVars": 301,
        "flatFloatVars": 29,
        "flatIntConstraints": 351,
        "flatFloatConstraints": 29,
        "evaluatedHalfReifiedConstraints": 100,
        "method": "minimize",
        "flatTime": 81.834,
        "objective": 0.300920810313,
        "objectiveBound": 0.300920810313,
        "nodes": 1124,
        "openNodes": 167,
        "solveTime": 152.0,
        "time": 211.0,
        "nSolutions": 7
    }
}