{
    "status": "SATISFIED",
    "solution": {
        "objective": 0.311233885819521,
        "start_time": [
            [
                738,
                497,
                652,
                335,
                253
            ],
            [
                823,
                0,
                319,
                248,
                450
            ],
            [
                640,
                248,
                450,
                879,
                0
            ],
            [
                497,
                376,
                0,
                580,
                142
            ],
            [
                209,
                728,
                142,
                824,
                607
            ]
        ],
        "SpeedScaling": [
            [
                1,
                1,
                1,
                1,
                1
            ],
            [
                1,
                1,
                1,
                1,
                1
            ],
            [
                1,
                1,
                1,
                1,
                1
            ],
            [
                1,
                1,
                1,
                1,
                1
            ],
            [
                1,
                1,
                1,
                1,
                1
            ]
        ],
        "_output_item": "Objective function: 0.311233885819521 + 0.0 = 0.311233885819521 \nObjective function : M-980.0 + E-853.0 = 0.311233885819521 \nStart Times: [738, 497, 652, 335, 253, 823, 0, 319, 248, 450, 640, 248, 450, 879, 0, 497, 376, 0, 580, 142, 209, 728, 142, 824, 607]\nSpeed Scaling; [1, 1, 1, 1, 1, 1, 1, 1, 1, 1, 1, 1, 1, 1, 1, 1, 1, 1, 1, 1, 1, 1, 1, 1, 1]\n",
        "_checker": ""
    },
    "statistics": {
        "paths": 0,
        "flatBoolVars": 100,
        "flatIntVars": 126,
        "flatFloatVars": 29,
        "flatBoolConstraints": 50,
        "flatIntConstraints": 226,
        "flatFloatConstraints": 29,
        "evaluatedHalfReifiedConstraints": 100,
        "method": "minimize",
        "flatTime": 46.673,
        "time": 80.0,
        "initTime": 2.0349999999999997,
        "solveTime": 27162.199999999997,
        "solutions": 1,
        "variables": 226,
        "propagators": 305,
        "propagations": 186332928,
        "nodes": 16417849,
        "failures": 8208520,
        "restarts": 0,
        "peakDepth": 1066,
        "nSolutions": 1
    }
}