{
    "bestSolution": [
        2,
        0,
        1,
        2,
        3,
        0,
        1,
        2,
        2,
        0,
        4,
        2,
        4,
        0,
        3,
        0,
        0,
        0,
        1,
        2,
        2,
        1,
        3,
        0,
        0,
        0,
        0,
        0,
        2,
        0,
        1,
        0,
        4,
        0,
        4,
        0,
        3,
        0,
        1,
        0,
        3,
        0,
        2,
        0,
        0,
        0,
        4,
        0,
        0,
        0
    ],
    "makespan": 764,
    "normalized_makespan": 0.23167587476979742,
    "energy": 1087,
    "normalized_energy": 0.19746835443037974,
    "tardiness": 0,
    "normalized_tardiness": 0,
    "bestObjectiveFunction": 0.42914422920017714,
    "tiempo_por_iteracion": 0.7064682935413561
}