{
    "status": "OPTIMAL_SOLUTION",
    "solution": {
        "objective": 0.7837317324211205,
        "start_time": [
            [
                209,
                313,
                409,
                140,
                104
            ],
            [
                62,
                369,
                340,
                283,
                137
            ],
            [
                370,
                128,
                251,
                86,
                294
            ],
            [
                126,
                202,
                279,
                0,
                51
            ],
            [
                35,
                74,
                130,
                180,
                10
            ]
        ],
        "SpeedScaling": [
            [
                1,
                1,
                2,
                2,
                2
            ],
            [
                2,
                2,
                4,
                2,
                2
            ],
            [
                2,
                2,
                2,
                2,
                2
            ],
            [
                2,
                2,
                2,
                2,
                2
            ],
            [
                3,
                2,
                2,
                1,
                1
            ]
        ],
        "_output_item": "Objective function normalized: M-0.08567073170731708 + E-0.6237072394590837 + T-0.07435376125471972 = 0.7837317324211205 \nObjective function: M-444.0 + E-1482.0 + T-256.0 = 0.7837317324211205 \nStart Times: [209, 313, 409, 140, 104, 62, 369, 340, 283, 137, 370, 128, 251, 86, 294, 126, 202, 279, 0, 51, 35, 74, 130, 180, 10]\nSpeed Scaling; [1, 1, 2, 2, 2, 2, 2, 4, 2, 2, 2, 2, 2, 2, 2, 2, 2, 2, 2, 2, 3, 2, 2, 1, 1]\n",
        "_checker": ""
    },
    "statistics": {
        "paths": 0,
        "flatIntVars": 501,
        "flatFloatVars": 54,
        "flatIntConstraints": 576,
        "flatFloatConstraints": 54,
        "evaluatedHalfReifiedConstraints": 100,
        "method": "minimize",
        "flatTime": 141.22,
        "objective": 0.783731732421,
        "objectiveBound": 0.783731732421,
        "nodes": 10137,
        "openNodes": 35,
        "solveTime": 15345.0,
        "time": 15492.0,
        "nSolutions": 16
    }
}