{
    "bestSolution": [
        3,
        3,
        2,
        2,
        19,
        4,
        14,
        2,
        6,
        3,
        16,
        3,
        1,
        1,
        2,
        1,
        7,
        1,
        4,
        2,
        9,
        2,
        17,
        4,
        15,
        0,
        7,
        2,
        12,
        4,
        2,
        3,
        3,
        3,
        14,
        2,
        11,
        4,
        0,
        3,
        5,
        2,
        9,
        3,
        19,
        2,
        1,
        3,
        10,
        1,
        7,
        2,
        14,
        0,
        0,
        4,
        8,
        2,
        18,
        4,
        19,
        2,
        15,
        2,
        13,
        4,
        11,
        4,
        15,
        3,
        18,
        1,
        0,
        2,
        5,
        3,
        16,
        3,
        3,
        2,
        7,
        4,
        14,
        2,
        10,
        1,
        11,
        2,
        17,
        3,
        15,
        3,
        8,
        2,
        14,
        1,
        11,
        2,
        4,
        0,
        7,
        1,
        16,
        4,
        16,
        1,
        3,
        2,
        10,
        0,
        5,
        2,
        3,
        4,
        12,
        2,
        8,
        2,
        12,
        3,
        11,
        3,
        6,
        4,
        9,
        3,
        18,
        3,
        1,
        1,
        2,
        3,
        5,
        1,
        1,
        2,
        15,
        3,
        16,
        3,
        19,
        1,
        13,
        2,
        4,
        1,
        8,
        3,
        12,
        1,
        8,
        4,
        13,
        1,
        0,
        2,
        18,
        3,
        10,
        4,
        2,
        0,
        13,
        3,
        5,
        2,
        4,
        4,
        17,
        3,
        9,
        2,
        6,
        4,
        17,
        1,
        1,
        1,
        18,
        1,
        17,
        1,
        10,
        1,
        13,
        2,
        9,
        4,
        12,
        0,
        0,
        2,
        6,
        1,
        4,
        1,
        6,
        3,
        19,
        1
    ],
    "makespan": 958,
    "normalized_makespan": 0.05563636363636364,
    "energy": 6949,
    "normalized_energy": 0.8128964059196617,
    "tardiness": 3037,
    "normalized_tardiness": 0.21781539123574553,
    "bestObjectiveFunction": 1.0863481607917709,
    "tiempo_por_iteracion": 2.1727593382199606
}