{
    "bestSolution": [
        0,
        0,
        0,
        0,
        4,
        0,
        0,
        0,
        1,
        0,
        3,
        0,
        2,
        0,
        3,
        0,
        1,
        0,
        1,
        0,
        2,
        0,
        0,
        0,
        3,
        0,
        3,
        0,
        1,
        0,
        0,
        0,
        0,
        0,
        2,
        0,
        4,
        0,
        3,
        0,
        3,
        0,
        2,
        0,
        0,
        0,
        4,
        0,
        4,
        0,
        1,
        0,
        2,
        0,
        3,
        0,
        4,
        0,
        4,
        0,
        1,
        0,
        0,
        0,
        2,
        0,
        2,
        0,
        2,
        0,
        3,
        0,
        4,
        0,
        1,
        0,
        4,
        0,
        2,
        0,
        1,
        0,
        1,
        0,
        4,
        0,
        1,
        0,
        0,
        0,
        3,
        0,
        0,
        0,
        4,
        0,
        2,
        0,
        3,
        0
    ],
    "makespan": 541,
    "normalized_makespan": 0.06275579809004093,
    "energy": 3418,
    "normalized_energy": 0,
    "tardiness": 0,
    "normalized_tardiness": 0.0,
    "bestObjectiveFunction": 0.06275579809004093,
    "tiempo_por_iteracion": 1.2411233186721802
}