{
    "bestSolution": [
        2,
        1,
        4,
        0,
        2,
        0,
        0,
        0,
        3,
        0,
        3,
        4,
        1,
        0,
        1,
        0,
        4,
        0,
        0,
        0,
        3,
        0,
        4,
        0,
        1,
        0,
        0,
        0,
        0,
        2,
        1,
        1,
        3,
        4,
        4,
        0,
        2,
        0,
        3,
        0,
        4,
        0,
        1,
        0,
        0,
        1,
        2,
        0,
        2,
        0
    ],
    "makespan": 913,
    "normalized_makespan": 0.26837606837606837,
    "energy": 1038,
    "normalized_energy": 0.19352159468438537,
    "tardiness": 0,
    "normalized_tardiness": 0,
    "bestObjectiveFunction": 0.46189766306045377,
    "tiempo_por_iteracion": 0.5369001556845272
}