{
    "bestSolution": [
        7,
        3,
        6,
        0,
        6,
        1,
        7,
        3,
        2,
        0,
        7,
        2,
        6,
        1,
        5,
        0,
        7,
        0,
        5,
        4,
        2,
        1,
        3,
        2,
        7,
        4,
        0,
        4,
        8,
        0,
        5,
        3,
        4,
        0,
        2,
        3,
        9,
        2,
        8,
        1,
        1,
        2,
        5,
        3,
        4,
        1,
        5,
        3,
        0,
        1,
        2,
        1,
        3,
        3,
        1,
        2,
        9,
        3,
        1,
        3,
        1,
        1,
        9,
        1,
        2,
        4,
        3,
        4,
        4,
        3,
        8,
        2,
        1,
        2,
        6,
        3,
        9,
        4,
        8,
        0,
        0,
        0,
        3,
        0,
        6,
        0,
        4,
        2,
        9,
        1,
        4,
        2,
        8,
        4,
        3,
        1,
        0,
        1,
        0,
        1
    ],
    "makespan": 152,
    "normalized_makespan": 0.07306889352818371,
    "energy": 4583,
    "normalized_energy": 0.813034188034188,
    "tardiness": 188,
    "normalized_tardiness": 0.12668463611859837,
    "bestObjectiveFunction": 1.01278771768097,
    "tiempo_por_iteracion": 0.6732295287282843
}