{
    "bestSolution": [
        6,
        4,
        13,
        1,
        13,
        4,
        16,
        3,
        19,
        1,
        4,
        1,
        3,
        3,
        5,
        1,
        1,
        3,
        0,
        2,
        16,
        3,
        9,
        2,
        5,
        1,
        10,
        1,
        2,
        2,
        6,
        2,
        16,
        4,
        1,
        3,
        7,
        2,
        3,
        3,
        18,
        3,
        16,
        1,
        6,
        2,
        5,
        4,
        4,
        2,
        11,
        2,
        13,
        1,
        18,
        4,
        12,
        3,
        14,
        2,
        3,
        0,
        11,
        4,
        7,
        1,
        3,
        1,
        17,
        2,
        1,
        2,
        8,
        2,
        2,
        2,
        2,
        4,
        9,
        2,
        13,
        2,
        12,
        3,
        1,
        3,
        19,
        2,
        13,
        1,
        14,
        2,
        15,
        1,
        4,
        2,
        17,
        0,
        15,
        1,
        0,
        2,
        0,
        2,
        15,
        0,
        19,
        3,
        12,
        3,
        2,
        2,
        0,
        3,
        11,
        2,
        10,
        2,
        8,
        2,
        3,
        3,
        9,
        2,
        19,
        1,
        16,
        1,
        0,
        3,
        4,
        2,
        14,
        1,
        12,
        2,
        5,
        1,
        19,
        2,
        17,
        3,
        8,
        1,
        17,
        4,
        7,
        4,
        2,
        3,
        6,
        3,
        9,
        2,
        10,
        1,
        18,
        1,
        7,
        2,
        8,
        1,
        10,
        3,
        14,
        2,
        11,
        3,
        1,
        4,
        17,
        2,
        8,
        3,
        18,
        3,
        7,
        3,
        15,
        4,
        5,
        1,
        14,
        3,
        10,
        2,
        18,
        3,
        4,
        3,
        6,
        2,
        12,
        1,
        11,
        1,
        9,
        2,
        15,
        1
    ],
    "makespan": 939,
    "normalized_makespan": 0.05678421996413628,
    "energy": 7083,
    "normalized_energy": 0.8306519898391194,
    "tardiness": 2420,
    "normalized_tardiness": 0.17842660178426603,
    "bestObjectiveFunction": 1.0658628115875217,
    "tiempo_por_iteracion": 2.1090129454111315
}