{
    "bestSolution": [
        3,
        0,
        4,
        0,
        9,
        0,
        3,
        0,
        2,
        0,
        1,
        0,
        8,
        0,
        0,
        0,
        3,
        0,
        4,
        0,
        3,
        0,
        1,
        0,
        6,
        0,
        5,
        0,
        8,
        0,
        4,
        0,
        0,
        0,
        8,
        0,
        0,
        0,
        4,
        0,
        2,
        0,
        9,
        0,
        6,
        0,
        3,
        0,
        5,
        0,
        9,
        0,
        1,
        0,
        7,
        0,
        0,
        0,
        2,
        0,
        7,
        0,
        0,
        0,
        6,
        0,
        1,
        0,
        8,
        0,
        1,
        0,
        2,
        0,
        4,
        0,
        8,
        0,
        5,
        0,
        7,
        0,
        6,
        0,
        5,
        0,
        7,
        0,
        9,
        0,
        2,
        0,
        9,
        0,
        5,
        0,
        6,
        0,
        7,
        0
    ],
    "makespan": 417,
    "normalized_makespan": 0.14511494252873564,
    "energy": 3639,
    "normalized_energy": 0,
    "tardiness": 9,
    "normalized_tardiness": 0.005600497822028625,
    "bestObjectiveFunction": 0.15071544035076426,
    "tiempo_por_iteracion": 0.42003066250772186
}