{
    "status": "OPTIMAL_SOLUTION",
    "solution": {
        "objective": 0.2918088737201371,
        "start_time": [
            [
                220,
                165,
                454,
                128,
                0
            ],
            [
                479,
                0,
                808,
                718,
                251
            ],
            [
                602,
                407,
                251,
                516,
                129
            ],
            [
                511,
                220,
                602,
                449,
                833
            ],
            [
                778,
                438,
                0,
                165,
                535
            ]
        ],
        "SpeedScaling": [
            [
                1,
                1,
                1,
                1,
                1
            ],
            [
                1,
                1,
                1,
                1,
                1
            ],
            [
                1,
                1,
                1,
                1,
                1
            ],
            [
                1,
                1,
                1,
                1,
                1
            ],
            [
                1,
                1,
                1,
                1,
                1
            ]
        ],
        "_output_item": "Objective function: 0.2918088737201373 + -1.170938346284345e-16 = 0.2918088737201371 \nObjective function : M-985.0 + E-854.0 = 0.2918088737201371 \nStart Times: [220, 165, 454, 128, 0, 479, 0, 808, 718, 251, 602, 407, 251, 516, 129, 511, 220, 602, 449, 833, 778, 438, 0, 165, 535]\nSpeed Scaling; [1, 1, 1, 1, 1, 1, 1, 1, 1, 1, 1, 1, 1, 1, 1, 1, 1, 1, 1, 1, 1, 1, 1, 1, 1]\n",
        "_checker": ""
    },
    "statistics": {
        "paths": 0,
        "flatIntVars": 351,
        "flatFloatVars": 29,
        "flatIntConstraints": 351,
        "flatFloatConstraints": 29,
        "evaluatedHalfReifiedConstraints": 100,
        "method": "minimize",
        "flatTime": 90.489,
        "objective": 0.29180887372,
        "objectiveBound": 0.29180887372,
        "nodes": 2689,
        "openNodes": 456,
        "solveTime": 393.0,
        "time": 400.0,
        "nSolutions": 8
    }
}