{
    "bestSolution": [
        1,
        3,
        2,
        3,
        2,
        2,
        2,
        0,
        4,
        0,
        2,
        3,
        3,
        0,
        2,
        2,
        1,
        0,
        4,
        0,
        3,
        1,
        0,
        1,
        3,
        2,
        3,
        0,
        4,
        1,
        1,
        0,
        1,
        0,
        0,
        3,
        3,
        1,
        0,
        2,
        1,
        2,
        0,
        0,
        4,
        0,
        0,
        4,
        4,
        3
    ],
    "makespan": 126,
    "normalized_makespan": 0.1324404761904762,
    "energy": 2220,
    "normalized_energy": 0.630071599045346,
    "tardiness": 120,
    "normalized_tardiness": 0.1692524682651622,
    "bestObjectiveFunction": 0.9317645435009844,
    "tiempo_por_iteracion": 0.35757731786915953
}