{
    "bestSolution": [
        2,
        1,
        1,
        1,
        1,
        1,
        1,
        2,
        3,
        1,
        1,
        0,
        0,
        0,
        3,
        0,
        0,
        1,
        1,
        1,
        0,
        2,
        4,
        1,
        0,
        1,
        3,
        1,
        4,
        0,
        4,
        1,
        2,
        2,
        0,
        0,
        2,
        0,
        2,
        0,
        3,
        1,
        4,
        2,
        2,
        2,
        4,
        2,
        3,
        1
    ],
    "makespan": 124,
    "normalized_makespan": 0.24105011933174225,
    "energy": 2367,
    "normalized_energy": 0.8102893890675241,
    "tardiness": 58,
    "normalized_tardiness": 0.13122171945701358,
    "bestObjectiveFunction": 1.1825612278562798,
    "tiempo_por_iteracion": 0.7245395118243074
}