{
    "bestSolution": [
        2,
        1,
        2,
        0,
        2,
        0,
        2,
        0,
        3,
        0,
        0,
        2,
        0,
        1,
        2,
        0,
        3,
        1,
        1,
        0,
        4,
        1,
        0,
        0,
        0,
        1,
        3,
        2,
        4,
        0,
        1,
        0,
        0,
        0,
        4,
        2,
        1,
        1,
        3,
        1,
        4,
        2,
        1,
        1,
        4,
        0,
        3,
        0,
        1,
        0
    ],
    "makespan": 155,
    "normalized_makespan": 0.315035799522673,
    "energy": 2247,
    "normalized_energy": 0.42443729903536975,
    "tardiness": 154,
    "normalized_tardiness": 0.34841628959276016,
    "bestObjectiveFunction": 1.087889388150803,
    "tiempo_por_iteracion": 0.3342901160881954
}