{
    "bestSolution": [
        1,
        1,
        5,
        1,
        6,
        0,
        9,
        1,
        8,
        2,
        5,
        2,
        0,
        2,
        8,
        0,
        9,
        1,
        9,
        0,
        2,
        2,
        7,
        2,
        7,
        0,
        3,
        2,
        5,
        2,
        6,
        2,
        9,
        1,
        1,
        2,
        1,
        1,
        3,
        1,
        6,
        1,
        5,
        2,
        2,
        1,
        2,
        2,
        4,
        1,
        0,
        1,
        0,
        2,
        3,
        2,
        4,
        2,
        2,
        1,
        5,
        1,
        7,
        1,
        6,
        1,
        8,
        2,
        7,
        1,
        4,
        2,
        2,
        2,
        8,
        2,
        5,
        1,
        1,
        1,
        6,
        0,
        9,
        2,
        4,
        2,
        9,
        1,
        0,
        1,
        4,
        1,
        6,
        2,
        5,
        1,
        8,
        2,
        1,
        1,
        7,
        1,
        9,
        1,
        2,
        0,
        1,
        0,
        8,
        2,
        3,
        1,
        5,
        2,
        0,
        2,
        7,
        2,
        6,
        1,
        2,
        2,
        1,
        1,
        0,
        2,
        8,
        1,
        5,
        1,
        6,
        1,
        2,
        2,
        8,
        1,
        6,
        2,
        2,
        1,
        3,
        2,
        7,
        1,
        9,
        2,
        7,
        0,
        2,
        2,
        1,
        1,
        1,
        2,
        8,
        1,
        5,
        1,
        6,
        2,
        4,
        0,
        3,
        1,
        4,
        2,
        7,
        0,
        9,
        2,
        0,
        0,
        3,
        1,
        4,
        1,
        4,
        2,
        1,
        2,
        9,
        2,
        3,
        1,
        0,
        1,
        8,
        2,
        0,
        2,
        7,
        1,
        4,
        0,
        3,
        1,
        3,
        2,
        0,
        1
    ],
    "makespan": 819,
    "normalized_makespan": 0.03387487037677152,
    "energy": 6866,
    "normalized_energy": 0.8309490227684868,
    "tardiness": 190,
    "normalized_tardiness": 0.012843044477490875,
    "bestObjectiveFunction": 0.8776669376227492,
    "tiempo_por_iteracion": 1.94197963816779
}