{
    "bestSolution": [
        3,
        2,
        9,
        2,
        2,
        2,
        8,
        4,
        13,
        1,
        14,
        2,
        8,
        1,
        11,
        2,
        2,
        2,
        6,
        2,
        10,
        1,
        7,
        2,
        17,
        2,
        15,
        2,
        14,
        4,
        1,
        1,
        3,
        4,
        11,
        4,
        0,
        1,
        13,
        3,
        12,
        4,
        10,
        1,
        14,
        0,
        1,
        0,
        5,
        0,
        16,
        2,
        12,
        1,
        9,
        0,
        17,
        1,
        8,
        2,
        19,
        4,
        1,
        1,
        2,
        0,
        0,
        0,
        16,
        0,
        17,
        3,
        11,
        1,
        15,
        1,
        19,
        3,
        19,
        3,
        13,
        1,
        4,
        1,
        7,
        2,
        18,
        1,
        13,
        1,
        0,
        1,
        8,
        4,
        4,
        1,
        10,
        1,
        3,
        4,
        2,
        1,
        5,
        1,
        12,
        0,
        16,
        4,
        7,
        2,
        15,
        1,
        6,
        0,
        3,
        2,
        19,
        4,
        1,
        3,
        4,
        3,
        2,
        2,
        9,
        1,
        12,
        3,
        7,
        1,
        5,
        2,
        18,
        2,
        18,
        1,
        0,
        4,
        18,
        1,
        10,
        3,
        6,
        4,
        16,
        1,
        5,
        0,
        4,
        0,
        18,
        4,
        9,
        1,
        17,
        1,
        6,
        1,
        11,
        0,
        17,
        2,
        13,
        3,
        16,
        0,
        3,
        0,
        15,
        1,
        6,
        3,
        11,
        2,
        15,
        2,
        0,
        4,
        12,
        1,
        10,
        1,
        4,
        2,
        14,
        2,
        19,
        2,
        1,
        2,
        9,
        4,
        14,
        4,
        7,
        0,
        5,
        1,
        8,
        3
    ],
    "makespan": 1069,
    "normalized_makespan": 0.07049030090117611,
    "energy": 6498,
    "normalized_energy": 0.7222,
    "tardiness": 3687,
    "normalized_tardiness": 0.27847432024169183,
    "bestObjectiveFunction": 1.0711646211428678,
    "tiempo_por_iteracion": 0.9265292046836059
}