{
    "bestSolution": [
        9,
        3,
        14,
        1,
        8,
        2,
        7,
        3,
        16,
        2,
        14,
        3,
        19,
        4,
        0,
        3,
        2,
        4,
        5,
        2,
        17,
        2,
        4,
        1,
        2,
        4,
        7,
        1,
        4,
        4,
        13,
        1,
        15,
        2,
        18,
        1,
        12,
        3,
        16,
        2,
        19,
        4,
        12,
        4,
        2,
        1,
        0,
        4,
        11,
        1,
        16,
        2,
        7,
        4,
        8,
        3,
        3,
        3,
        6,
        2,
        0,
        2,
        17,
        2,
        11,
        1,
        14,
        3,
        7,
        3,
        9,
        2,
        1,
        1,
        15,
        4,
        8,
        2,
        15,
        1,
        2,
        4,
        18,
        3,
        4,
        4,
        0,
        3,
        10,
        2,
        3,
        2,
        1,
        4,
        6,
        1,
        17,
        2,
        11,
        2,
        9,
        3,
        13,
        4,
        18,
        3,
        10,
        1,
        10,
        2,
        15,
        1,
        17,
        1,
        5,
        3,
        9,
        3,
        1,
        2,
        19,
        2,
        5,
        3,
        12,
        1,
        18,
        1,
        6,
        2,
        8,
        2,
        10,
        3,
        6,
        1,
        13,
        1,
        1,
        0,
        3,
        2,
        13,
        2,
        18,
        2,
        14,
        4,
        5,
        0,
        8,
        1,
        19,
        1,
        17,
        3,
        3,
        1,
        7,
        0,
        4,
        2,
        11,
        3,
        19,
        1,
        5,
        2,
        15,
        4,
        2,
        2,
        4,
        2,
        3,
        3,
        16,
        1,
        9,
        2,
        6,
        1,
        14,
        3,
        12,
        2,
        1,
        1,
        16,
        2,
        11,
        3,
        0,
        2,
        13,
        3,
        12,
        3,
        10,
        2
    ],
    "makespan": 921,
    "normalized_makespan": 0.05918741408278601,
    "energy": 7102,
    "normalized_energy": 0.843,
    "tardiness": 2771,
    "normalized_tardiness": 0.20929003021148035,
    "bestObjectiveFunction": 1.1114774442942663,
    "tiempo_por_iteracion": 1.9433179560161773
}