{
    "bestSolution": [
        2,
        2,
        1,
        2,
        2,
        3,
        4,
        4,
        0,
        0,
        3,
        3,
        3,
        3,
        1,
        1,
        1,
        0,
        3,
        1,
        0,
        0,
        2,
        1,
        4,
        1,
        3,
        4,
        2,
        1,
        1,
        2,
        1,
        2,
        3,
        3,
        4,
        3,
        1,
        2,
        3,
        2,
        0,
        4,
        4,
        2,
        1,
        1,
        2,
        1,
        2,
        3,
        3,
        1,
        1,
        3,
        2,
        2,
        1,
        2,
        4,
        3,
        4,
        2,
        2,
        0,
        3,
        1,
        2,
        2,
        0,
        2,
        2,
        3,
        3,
        0,
        0,
        2,
        0,
        1,
        4,
        1,
        2,
        2,
        3,
        3,
        3,
        2,
        2,
        2,
        4,
        2,
        0,
        3,
        0,
        4,
        4,
        2,
        0,
        1,
        1,
        3,
        2,
        4,
        2,
        2,
        3,
        3,
        2,
        2,
        3,
        3,
        2,
        2,
        3,
        4,
        3,
        1,
        1,
        0,
        4,
        1,
        3,
        1,
        1,
        1,
        4,
        2,
        0,
        2,
        4,
        0,
        1,
        3,
        1,
        0,
        4,
        3,
        2,
        3,
        3,
        2,
        0,
        2,
        4,
        2,
        0,
        4,
        4,
        3,
        0,
        1,
        0,
        1,
        4,
        2,
        1,
        2,
        2,
        3,
        0,
        3,
        3,
        0,
        0,
        4,
        4,
        1,
        4,
        1,
        2,
        0,
        0,
        1,
        0,
        2,
        3,
        3,
        0,
        1,
        1,
        4,
        1,
        2,
        4,
        4,
        4,
        2,
        0,
        4,
        2,
        1,
        1,
        3,
        3,
        2,
        1,
        1,
        1,
        3
    ],
    "makespan": 1711,
    "normalized_makespan": 0.08049052396878484,
    "energy": 6678,
    "normalized_energy": 0.7702591526120938,
    "tardiness": 755,
    "normalized_tardiness": 0.05361073634878932,
    "bestObjectiveFunction": 0.904360412929668,
    "tiempo_por_iteracion": 2.0787274229283237
}