{
    "bestSolution": [
        3,
        0,
        1,
        1,
        2,
        2,
        1,
        4,
        2,
        1,
        4,
        0,
        2,
        1,
        0,
        2,
        1,
        1,
        0,
        0,
        3,
        0,
        4,
        3,
        4,
        0,
        1,
        1,
        2,
        1,
        1,
        3,
        0,
        3,
        0,
        3,
        3,
        4,
        1,
        3,
        4,
        1,
        0,
        0,
        1,
        1,
        3,
        1,
        4,
        1,
        2,
        0,
        1,
        0,
        2,
        4,
        2,
        1,
        4,
        1,
        3,
        0,
        1,
        0,
        3,
        1,
        2,
        0,
        3,
        4,
        1,
        0,
        0,
        2,
        4,
        1,
        0,
        2,
        3,
        2,
        2,
        0,
        4,
        3,
        0,
        0,
        4,
        3,
        3,
        4,
        0,
        1,
        3,
        1,
        4,
        0,
        0,
        3,
        2,
        3
    ],
    "makespan": 753,
    "normalized_makespan": 0.08002550613741431,
    "energy": 2939,
    "normalized_energy": 0.5916566385880465,
    "tardiness": 75,
    "normalized_tardiness": 0.011496014714898835,
    "bestObjectiveFunction": 0.6831781594403596,
    "tiempo_por_iteracion": 0.7725706187161532
}