{
    "bestSolution": [
        0,
        1,
        7,
        2,
        8,
        1,
        1,
        0,
        7,
        1,
        4,
        1,
        6,
        1,
        1,
        2,
        5,
        1,
        3,
        2,
        0,
        1,
        8,
        2,
        2,
        1,
        6,
        2,
        5,
        1,
        9,
        0,
        2,
        1,
        7,
        1,
        1,
        2,
        1,
        0,
        3,
        1,
        5,
        1,
        0,
        2,
        4,
        0,
        2,
        1,
        4,
        1,
        8,
        1,
        5,
        1,
        0,
        2,
        1,
        2,
        6,
        0,
        2,
        1,
        2,
        1,
        4,
        0,
        8,
        0,
        9,
        2,
        3,
        0,
        0,
        0,
        9,
        1,
        7,
        2,
        8,
        2,
        6,
        0,
        7,
        0,
        5,
        0,
        6,
        2,
        4,
        0,
        3,
        2,
        9,
        0,
        3,
        1,
        9,
        1
    ],
    "makespan": 673,
    "normalized_makespan": 0.08296737766624843,
    "energy": 3167,
    "normalized_energy": 0.683620344413296,
    "tardiness": 1418,
    "normalized_tardiness": 0.2174846625766871,
    "bestObjectiveFunction": 0.9840723846562315,
    "tiempo_por_iteracion": 0.49204386381002574
}