{
    "bestSolution": [
        2,
        1,
        4,
        2,
        7,
        1,
        8,
        1,
        1,
        1,
        3,
        2,
        0,
        1,
        5,
        1,
        7,
        1,
        6,
        1,
        9,
        2,
        8,
        2,
        1,
        1,
        0,
        1,
        2,
        1,
        4,
        0,
        9,
        2,
        6,
        2,
        7,
        2,
        0,
        1,
        6,
        2,
        3,
        2,
        5,
        1,
        1,
        0,
        8,
        1,
        7,
        0,
        4,
        1,
        2,
        0,
        0,
        2,
        4,
        2,
        6,
        1,
        5,
        2,
        1,
        2,
        8,
        1,
        4,
        2,
        3,
        2,
        2,
        1,
        0,
        0,
        9,
        2,
        6,
        2,
        7,
        0,
        3,
        2,
        5,
        2,
        2,
        1,
        8,
        2,
        1,
        2,
        9,
        1,
        3,
        1,
        9,
        1,
        5,
        2
    ],
    "makespan": 530,
    "normalized_makespan": 0.06053952321204517,
    "energy": 3533,
    "normalized_energy": 0.8301962354825791,
    "tardiness": 875,
    "normalized_tardiness": 0.13420245398773006,
    "bestObjectiveFunction": 1.0249382126823543,
    "tiempo_por_iteracion": 0.9806674076960638
}