{
    "bestSolution": [
        19,
        2,
        0,
        1,
        13,
        2,
        16,
        0,
        1,
        1,
        16,
        2,
        4,
        2,
        5,
        2,
        10,
        0,
        16,
        1,
        13,
        2,
        8,
        2,
        1,
        1,
        1,
        2,
        4,
        1,
        3,
        1,
        5,
        2,
        13,
        1,
        6,
        1,
        9,
        2,
        18,
        2,
        16,
        1,
        15,
        2,
        19,
        1,
        11,
        1,
        6,
        1,
        11,
        1,
        12,
        1,
        3,
        1,
        7,
        0,
        9,
        1,
        17,
        0,
        0,
        1,
        14,
        0,
        1,
        1,
        13,
        1,
        7,
        1,
        3,
        2,
        16,
        2,
        12,
        2,
        10,
        1,
        10,
        2,
        4,
        0,
        1,
        1,
        18,
        2,
        15,
        0,
        12,
        1,
        7,
        1,
        2,
        2,
        17,
        1,
        15,
        1,
        14,
        1,
        11,
        0,
        4,
        0,
        8,
        1,
        3,
        1,
        15,
        1,
        11,
        0,
        4,
        1,
        19,
        0,
        13,
        1,
        6,
        1,
        17,
        1,
        5,
        0,
        10,
        1,
        0,
        2,
        7,
        2,
        0,
        1,
        17,
        2,
        14,
        1,
        17,
        0,
        6,
        2,
        0,
        2,
        14,
        0,
        19,
        1,
        2,
        1,
        18,
        0,
        11,
        0,
        18,
        0,
        15,
        1,
        8,
        2,
        14,
        0,
        2,
        2,
        12,
        0,
        7,
        1,
        18,
        2,
        9,
        1,
        8,
        0,
        19,
        2,
        9,
        2,
        8,
        1,
        5,
        2,
        6,
        1,
        2,
        0,
        9,
        1,
        3,
        1,
        10,
        2,
        2,
        1,
        5,
        2,
        12,
        0
    ],
    "makespan": 1042,
    "normalized_makespan": 0.06447997609085475,
    "energy": 6785,
    "normalized_energy": 0.7675698560541914,
    "tardiness": 3336,
    "normalized_tardiness": 0.24596328245963284,
    "bestObjectiveFunction": 1.078013114604679,
    "tiempo_por_iteracion": 0.8274745664734772
}