{
    "bestSolution": [
        6,
        1,
        8,
        1,
        3,
        0,
        5,
        0,
        8,
        0,
        8,
        2,
        6,
        0,
        6,
        0,
        3,
        1,
        7,
        1,
        1,
        0,
        0,
        1,
        1,
        0,
        3,
        0,
        5,
        2,
        2,
        0,
        8,
        0,
        4,
        2,
        7,
        0,
        8,
        0,
        4,
        0,
        1,
        0,
        6,
        1,
        2,
        2,
        5,
        0,
        8,
        0,
        2,
        0,
        6,
        0,
        4,
        2,
        2,
        0,
        9,
        0,
        3,
        0,
        5,
        0,
        1,
        0,
        0,
        0,
        7,
        2,
        0,
        0,
        2,
        1,
        9,
        0,
        0,
        0,
        5,
        0,
        6,
        1,
        1,
        0,
        7,
        0,
        6,
        2,
        9,
        0,
        5,
        0,
        1,
        0,
        9,
        1,
        4,
        0,
        2,
        0,
        3,
        0,
        7,
        0,
        8,
        1,
        4,
        0,
        4,
        1,
        1,
        1,
        2,
        0,
        7,
        0,
        3,
        0,
        6,
        0,
        7,
        0,
        0,
        1,
        8,
        0,
        4,
        0,
        9,
        2,
        5,
        0,
        4,
        2,
        0,
        0,
        3,
        0,
        7,
        0,
        8,
        0,
        3,
        1,
        1,
        1,
        7,
        0,
        0,
        0,
        4,
        0,
        2,
        0,
        9,
        1,
        5,
        2,
        0,
        0,
        6,
        0,
        9,
        0,
        5,
        0,
        9,
        0,
        4,
        0,
        0,
        0,
        2,
        0,
        1,
        0,
        5,
        0,
        3,
        1,
        1,
        2,
        2,
        1,
        7,
        0,
        6,
        0,
        0,
        2,
        8,
        0,
        9,
        0,
        3,
        2,
        9,
        0
    ],
    "makespan": 2021,
    "normalized_makespan": 0.14241460829868755,
    "energy": 4508,
    "normalized_energy": 0.2708289830862393,
    "tardiness": 0,
    "normalized_tardiness": 0,
    "bestObjectiveFunction": 0.41324359138492683,
    "tiempo_por_iteracion": 0.7146985769271851
}