{
    "bestSolution": [
        5,
        0,
        7,
        2,
        8,
        2,
        4,
        2,
        6,
        2,
        4,
        2,
        1,
        0,
        2,
        1,
        7,
        0,
        1,
        0,
        3,
        2,
        3,
        2,
        8,
        0,
        0,
        0,
        2,
        1,
        6,
        0,
        1,
        0,
        6,
        2,
        3,
        0,
        5,
        0,
        7,
        2,
        2,
        2,
        5,
        0,
        1,
        0,
        5,
        0,
        8,
        0,
        8,
        2,
        4,
        0,
        6,
        0,
        7,
        0,
        7,
        0,
        5,
        2,
        1,
        0,
        2,
        0,
        4,
        0,
        8,
        0,
        5,
        0,
        9,
        2,
        9,
        2,
        4,
        2,
        5,
        2,
        3,
        2,
        4,
        0,
        9,
        2,
        0,
        2,
        7,
        2,
        3,
        2,
        1,
        0,
        4,
        0,
        6,
        0,
        9,
        2,
        7,
        0,
        5,
        0,
        4,
        2,
        0,
        2,
        9,
        2,
        9,
        2,
        0,
        0,
        9,
        2,
        0,
        0,
        0,
        0,
        2,
        0,
        5,
        0,
        3,
        2,
        3,
        0,
        8,
        2,
        1,
        0,
        9,
        0,
        2,
        0,
        9,
        0,
        6,
        0,
        8,
        0,
        9,
        2,
        3,
        0,
        1,
        2,
        5,
        0,
        3,
        2,
        0,
        2,
        3,
        0,
        6,
        0,
        2,
        1,
        0,
        0,
        8,
        2,
        8,
        0,
        1,
        0,
        0,
        0,
        6,
        2,
        0,
        2,
        1,
        0,
        2,
        2,
        2,
        0,
        7,
        2,
        2,
        2,
        7,
        0,
        4,
        0,
        6,
        0,
        8,
        0,
        4,
        2,
        6,
        0,
        7,
        0
    ],
    "makespan": 1853,
    "normalized_makespan": 0.12871932827912286,
    "energy": 5166,
    "normalized_energy": 0.4082271873042389,
    "tardiness": 0,
    "normalized_tardiness": 0,
    "bestObjectiveFunction": 0.5369465155833617,
    "tiempo_por_iteracion": 2.3221482833226523
}