{
    "bestSolution": [
        1,
        4,
        9,
        4,
        6,
        3,
        2,
        0,
        0,
        4,
        6,
        3,
        3,
        3,
        0,
        1,
        3,
        2,
        2,
        4,
        6,
        1,
        5,
        4,
        3,
        2,
        5,
        4,
        1,
        0,
        6,
        2,
        6,
        4,
        2,
        2,
        1,
        4,
        8,
        4,
        6,
        1,
        1,
        3,
        8,
        2,
        2,
        2,
        7,
        3,
        0,
        1,
        9,
        2,
        7,
        2,
        5,
        3,
        5,
        3,
        9,
        3,
        1,
        3,
        8,
        2,
        4,
        4,
        4,
        3,
        3,
        4,
        5,
        1,
        2,
        2,
        3,
        2,
        1,
        2,
        8,
        2,
        4,
        3,
        9,
        0,
        7,
        3,
        8,
        2,
        2,
        3,
        6,
        4,
        3,
        3,
        9,
        4,
        9,
        4,
        1,
        4,
        2,
        3,
        8,
        4,
        4,
        1,
        7,
        2,
        3,
        4,
        7,
        0,
        9,
        4,
        0,
        3,
        5,
        1,
        1,
        2,
        6,
        4,
        2,
        2,
        6,
        4,
        4,
        2,
        4,
        4,
        0,
        3,
        4,
        4,
        3,
        3,
        0,
        4,
        4,
        2,
        1,
        3,
        6,
        3,
        3,
        1,
        0,
        2,
        8,
        4,
        9,
        2,
        5,
        4,
        5,
        3,
        8,
        3,
        7,
        0,
        7,
        3,
        7,
        4,
        1,
        1,
        9,
        2,
        3,
        3,
        2,
        1,
        8,
        4,
        4,
        2,
        8,
        3,
        9,
        2,
        0,
        0,
        5,
        3,
        5,
        3,
        4,
        1,
        7,
        1,
        0,
        0,
        7,
        3,
        0,
        3,
        2,
        2
    ],
    "makespan": 190,
    "normalized_makespan": 0.05595026642984014,
    "energy": 9414,
    "normalized_energy": 0.8745173745173745,
    "tardiness": 364,
    "normalized_tardiness": 0.15716753022452504,
    "bestObjectiveFunction": 1.0876351711717398,
    "tiempo_por_iteracion": 2.7472355398413253
}