{
    "status": "OPTIMAL_SOLUTION",
    "solution": {
        "objective": 0.9371609236942149,
        "start_time": [
            [
                3,
                51,
                0,
                70,
                26
            ],
            [
                39,
                28,
                10,
                44,
                51
            ],
            [
                72,
                107,
                59,
                50,
                96
            ],
            [
                102,
                70,
                104,
                59,
                111
            ],
            [
                51,
                50,
                90,
                71,
                84
            ]
        ],
        "SpeedScaling": [
            [
                1,
                1,
                3,
                5,
                1
            ],
            [
                2,
                2,
                1,
                3,
                1
            ],
            [
                4,
                2,
                1,
                5,
                3
            ],
            [
                1,
                1,
                5,
                2,
                2
            ],
            [
                1,
                2,
                5,
                1,
                1
            ]
        ],
        "_output_item": "Objective function normalized: M-0.1080691642651297 + E-0.6158663883089771 + T-0.213225371120108 = 0.9371609236942149 \nObjective function : M-122.0 + E-2193.0 + T-158.0000000000001 = 0.9371609236942149 \nStart Times: [3, 51, 0, 70, 26, 39, 28, 10, 44, 51, 72, 107, 59, 50, 96, 102, 70, 104, 59, 111, 51, 50, 90, 71, 84]\nSpeed Scaling; [1, 1, 3, 5, 1, 2, 2, 1, 3, 1, 4, 2, 1, 5, 3, 1, 1, 5, 2, 2, 1, 2, 5, 1, 1]\n",
        "_checker": ""
    },
    "statistics": {
        "paths": 0,
        "flatIntVars": 405,
        "flatFloatVars": 34,
        "flatIntConstraints": 448,
        "flatFloatConstraints": 34,
        "evaluatedHalfReifiedConstraints": 100,
        "method": "minimize",
        "flatTime": 85.696,
        "objective": 0.937160923694,
        "objectiveBound": 0.937160923694,
        "nodes": 1543,
        "solveTime": 574.5,
        "time": 557.0,
        "openNodes": 37,
        "nSolutions": 16
    }
}