{
    "status": "OPTIMAL_SOLUTION",
    "solution": {
        "objective": 0.9371609236942122,
        "start_time": [
            [
                3,
                51,
                0,
                70,
                26
            ],
            [
                27,
                16,
                10,
                41,
                51
            ],
            [
                72,
                107,
                59,
                50,
                96
            ],
            [
                103,
                71,
                104,
                59,
                111
            ],
            [
                51,
                50,
                90,
                71,
                84
            ]
        ],
        "SpeedScaling": [
            [
                1,
                1,
                3,
                5,
                1
            ],
            [
                1,
                2,
                2,
                2,
                1
            ],
            [
                4,
                2,
                1,
                5,
                3
            ],
            [
                1,
                1,
                5,
                2,
                2
            ],
            [
                1,
                2,
                5,
                1,
                1
            ]
        ],
        "_output_item": "Objective function normalized: M-0.1080691642651297 + E-0.6158663883089748 + T-0.2132253711201078 = 0.9371609236942122 \nObjective function : M-122.0 + E-2193.0 + T-157.9999999999999 = 0.9371609236942122 \nStart Times: [3, 51, 0, 70, 26, 27, 16, 10, 41, 51, 72, 107, 59, 50, 96, 103, 71, 104, 59, 111, 51, 50, 90, 71, 84]\nSpeed Scaling; [1, 1, 3, 5, 1, 1, 2, 2, 2, 1, 4, 2, 1, 5, 3, 1, 1, 5, 2, 2, 1, 2, 5, 1, 1]\n",
        "_checker": ""
    },
    "statistics": {
        "paths": 0,
        "flatIntVars": 405,
        "flatFloatVars": 34,
        "flatIntConstraints": 448,
        "flatFloatConstraints": 34,
        "evaluatedHalfReifiedConstraints": 100,
        "method": "minimize",
        "flatTime": 92.206,
        "objective": 0.937160923694,
        "objectiveBound": 0.937160923694,
        "nodes": 3854,
        "openNodes": 225,
        "solveTime": 1857.0,
        "time": 1756.0,
        "nSolutions": 16
    }
}