{
    "bestSolution": [
        0,
        2,
        1,
        1,
        2,
        3,
        3,
        4,
        0,
        0,
        2,
        1,
        3,
        1,
        2,
        4,
        1,
        4,
        1,
        3,
        3,
        1,
        4,
        4,
        1,
        4,
        4,
        2,
        4,
        1,
        4,
        1,
        2,
        2,
        2,
        4,
        3,
        0,
        1,
        2,
        0,
        2,
        0,
        1,
        4,
        1,
        0,
        4,
        3,
        3,
        1,
        2,
        2,
        4,
        2,
        3,
        4,
        3,
        4,
        1,
        0,
        3,
        1,
        2,
        3,
        3,
        0,
        1,
        2,
        1,
        2,
        4,
        3,
        1,
        4,
        1,
        2,
        1,
        0,
        3,
        0,
        4,
        3,
        4,
        1,
        4,
        3,
        4,
        3,
        0,
        1,
        1,
        4,
        4,
        1,
        1,
        4,
        2,
        0,
        1
    ],
    "makespan": 697,
    "normalized_makespan": 0.06083370157607895,
    "energy": 3412,
    "normalized_energy": 0.8076458752515091,
    "tardiness": 229,
    "normalized_tardiness": 0.03237664357415524,
    "bestObjectiveFunction": 0.9008562204017433,
    "tiempo_por_iteracion": 0.9476749132264335
}