{
    "bestSolution": [
        2,
        2,
        4,
        1,
        3,
        2,
        2,
        1,
        0,
        1,
        1,
        1,
        3,
        3,
        0,
        3,
        4,
        0,
        0,
        2,
        4,
        4,
        3,
        0,
        2,
        1,
        1,
        1,
        4,
        4,
        2,
        1,
        1,
        0,
        3,
        0,
        0,
        0,
        4,
        1,
        0,
        1,
        2,
        0,
        3,
        1,
        1,
        3,
        1,
        1
    ],
    "makespan": 439,
    "normalized_makespan": 0.09711202792764202,
    "energy": 1516,
    "normalized_energy": 0.6218418907905461,
    "tardiness": 1,
    "normalized_tardiness": 0.0003045066991473812,
    "bestObjectiveFunction": 0.7192584254173355,
    "tiempo_por_iteracion": 0.6466194293936904
}