{
    "status": "OPTIMAL_SOLUTION",
    "solution": {
        "objective": 0.7069575823829995,
        "start_time": [
            [
                200,
                105,
                50,
                247,
                81
            ],
            [
                312,
                80,
                239,
                105,
                170
            ],
            [
                50,
                200,
                337,
                297,
                379
            ],
            [
                298,
                312,
                102,
                357,
                239
            ],
            [
                247,
                4,
                78,
                170,
                112
            ]
        ],
        "SpeedScaling": [
            [
                1,
                1,
                5,
                2,
                2
            ],
            [
                2,
                4,
                2,
                2,
                1
            ],
            [
                1,
                1,
                4,
                3,
                2
            ],
            [
                5,
                2,
                1,
                1,
                3
            ],
            [
                2,
                2,
                2,
                2,
                1
            ]
        ],
        "_output_item": "Objective function normalized: M-0.0923516344017772 + E-0.5582722086389569 + T-0.05633373934226553 = 0.7069575823829995 \nObjective function : M-424.0 + E-1438.0 + T-185.0 = 0.7069575823829995 \nStart Times: [200, 105, 50, 247, 81, 312, 80, 239, 105, 170, 50, 200, 337, 297, 379, 298, 312, 102, 357, 239, 247, 4, 78, 170, 112]\nSpeed Scaling; [1, 1, 5, 2, 2, 2, 4, 2, 2, 1, 1, 1, 4, 3, 2, 5, 2, 1, 1, 3, 2, 2, 2, 2, 1]\n",
        "_checker": ""
    },
    "statistics": {
        "paths": 0,
        "flatIntVars": 412,
        "flatFloatVars": 35,
        "flatIntConstraints": 452,
        "flatFloatConstraints": 35,
        "evaluatedHalfReifiedConstraints": 100,
        "method": "minimize",
        "flatTime": 91.67599999999999,
        "objective": 0.706957582383,
        "objectiveBound": 0.706957582383,
        "nodes": 7140,
        "solveTime": 3810.2999999999997,
        "time": 3807.0,
        "openNodes": 10,
        "nSolutions": 29
    }
}