{
    "bestSolution": [
        5,
        0,
        7,
        0,
        4,
        0,
        1,
        0,
        5,
        0,
        3,
        0,
        7,
        0,
        9,
        0,
        6,
        0,
        5,
        0,
        8,
        0,
        3,
        0,
        0,
        0,
        6,
        0,
        9,
        0,
        9,
        0,
        2,
        0,
        4,
        0,
        7,
        0,
        2,
        0,
        3,
        0,
        0,
        0,
        1,
        0,
        0,
        0,
        8,
        0,
        3,
        0,
        9,
        0,
        4,
        0,
        0,
        0,
        5,
        0,
        2,
        0,
        7,
        0,
        0,
        0,
        1,
        0,
        5,
        0,
        4,
        0,
        7,
        0,
        8,
        0,
        9,
        0,
        6,
        0,
        6,
        0,
        8,
        0,
        2,
        0,
        4,
        0,
        3,
        0,
        1,
        0,
        8,
        0,
        6,
        0,
        2,
        0,
        1,
        0
    ],
    "makespan": 435,
    "normalized_makespan": 0.15592972181551976,
    "energy": 3649,
    "normalized_energy": 0,
    "tardiness": 0,
    "normalized_tardiness": 0,
    "bestObjectiveFunction": 0.15592972181551976,
    "tiempo_por_iteracion": 2.438100576400757
}