{
    "bestSolution": [
        3,
        0,
        1,
        1,
        4,
        2,
        3,
        0,
        0,
        2,
        2,
        2,
        2,
        2,
        4,
        0,
        4,
        2,
        0,
        1,
        2,
        1,
        4,
        2,
        0,
        2,
        3,
        2,
        4,
        1,
        3,
        2,
        3,
        1,
        0,
        1,
        2,
        2,
        3,
        1,
        4,
        0,
        1,
        1,
        2,
        2,
        3,
        2,
        1,
        1,
        0,
        0,
        1,
        1,
        3,
        1,
        1,
        2,
        3,
        0,
        1,
        1,
        4,
        1,
        2,
        2,
        1,
        1,
        1,
        2,
        1,
        0,
        0,
        1,
        4,
        0,
        0,
        1,
        0,
        1,
        3,
        0,
        0,
        1,
        1,
        1,
        2,
        1,
        4,
        0,
        2,
        2,
        4,
        2,
        2,
        1,
        2,
        1,
        0,
        0
    ],
    "makespan": 736,
    "normalized_makespan": 0.06664696320378306,
    "energy": 3226,
    "normalized_energy": 0.7197847682119205,
    "tardiness": 193,
    "normalized_tardiness": 0.027368122518434488,
    "bestObjectiveFunction": 0.813799853934138,
    "tiempo_por_iteracion": 1.623602765979189
}