{
    "bestSolution": [
        1,
        1,
        0,
        1,
        4,
        2,
        2,
        2,
        2,
        2,
        4,
        0,
        0,
        2,
        1,
        1,
        3,
        0,
        1,
        0,
        4,
        1,
        0,
        0,
        2,
        2,
        1,
        2,
        0,
        1,
        2,
        2,
        0,
        1,
        2,
        0,
        0,
        2,
        1,
        0,
        3,
        0,
        4,
        0,
        1,
        2,
        4,
        0,
        2,
        2,
        4,
        1,
        1,
        1,
        4,
        0,
        3,
        0,
        0,
        1,
        1,
        0,
        3,
        2,
        2,
        0,
        2,
        1,
        0,
        0,
        3,
        0,
        4,
        1,
        3,
        2,
        1,
        0,
        3,
        2,
        4,
        2,
        4,
        0,
        3,
        0,
        2,
        1,
        3,
        2,
        1,
        1,
        0,
        2,
        2,
        1,
        0,
        0,
        3,
        2
    ],
    "makespan": 762,
    "normalized_makespan": 0.07048913846608541,
    "energy": 3000,
    "normalized_energy": 0.6262417218543046,
    "tardiness": 200,
    "normalized_tardiness": 0.02836074872376631,
    "bestObjectiveFunction": 0.7250916090441563,
    "tiempo_por_iteracion": 0.8288985325739934
}