{
    "bestSolution": [
        4,
        0,
        0,
        4,
        3,
        0,
        1,
        0,
        0,
        4,
        2,
        4,
        0,
        4,
        1,
        4,
        1,
        4,
        2,
        0,
        3,
        4,
        4,
        0,
        3,
        0,
        1,
        0,
        4,
        0,
        0,
        0,
        2,
        0,
        3,
        0,
        2,
        1,
        4,
        0,
        1,
        0,
        0,
        4,
        3,
        4,
        4,
        3,
        2,
        2
    ],
    "makespan": 109,
    "normalized_makespan": 0.2411764705882353,
    "energy": 2258,
    "normalized_energy": 0.3358208955223881,
    "tardiness": 0,
    "normalized_tardiness": 0,
    "bestObjectiveFunction": 0.5769973661106234,
    "tiempo_por_iteracion": 0.4073345603247886
}