{
    "bestSolution": [
        4,
        4,
        4,
        2,
        4,
        3,
        3,
        0,
        2,
        2,
        2,
        2,
        0,
        0,
        1,
        0,
        0,
        1,
        0,
        1,
        3,
        1,
        4,
        0,
        0,
        0,
        4,
        1,
        3,
        4,
        1,
        3,
        2,
        0,
        2,
        1,
        0,
        1,
        3,
        1,
        1,
        1,
        1,
        2,
        1,
        2,
        3,
        2,
        2,
        2
    ],
    "makespan": 434,
    "normalized_makespan": 0.0826219512195122,
    "energy": 1490,
    "normalized_energy": 0.630071599045346,
    "tardiness": 69,
    "normalized_tardiness": 0.020040662213186174,
    "bestObjectiveFunction": 0.7327342124780444,
    "tiempo_por_iteracion": 0.28642291893539257
}