{
    "bestSolution": [
        8,
        0,
        8,
        0,
        10,
        0,
        10,
        0,
        6,
        0,
        11,
        0,
        18,
        0,
        7,
        0,
        7,
        0,
        14,
        0,
        13,
        0,
        17,
        0,
        4,
        0,
        1,
        0,
        5,
        0,
        0,
        0,
        2,
        0,
        3,
        0,
        0,
        0,
        11,
        0,
        12,
        0,
        16,
        0,
        2,
        0,
        9,
        0,
        14,
        0,
        2,
        0,
        8,
        0,
        9,
        0,
        12,
        0,
        9,
        0,
        14,
        0,
        17,
        0,
        0,
        0,
        16,
        0,
        9,
        0,
        18,
        0,
        6,
        0,
        1,
        0,
        7,
        0,
        6,
        0,
        19,
        0,
        8,
        0,
        10,
        0,
        3,
        0,
        1,
        0,
        16,
        0,
        9,
        0,
        15,
        0,
        17,
        0,
        0,
        0,
        4,
        0,
        10,
        0,
        12,
        0,
        14,
        0,
        4,
        0,
        6,
        0,
        3,
        0,
        11,
        0,
        5,
        0,
        7,
        0,
        11,
        0,
        3,
        0,
        13,
        0,
        17,
        0,
        19,
        0,
        15,
        0,
        7,
        0,
        0,
        0,
        3,
        0,
        13,
        0,
        19,
        0,
        18,
        0,
        2,
        0,
        5,
        0,
        19,
        0,
        5,
        0,
        5,
        0,
        13,
        0,
        10,
        0,
        15,
        0,
        17,
        0,
        14,
        0,
        15,
        0,
        11,
        0,
        16,
        0,
        8,
        0,
        4,
        0,
        19,
        0,
        13,
        0,
        12,
        0,
        4,
        0,
        1,
        0,
        16,
        0,
        6,
        0,
        18,
        0,
        2,
        0,
        18,
        0,
        15,
        0,
        1,
        0,
        12,
        0
    ],
    "makespan": 160,
    "normalized_makespan": 0.19814814814814816,
    "energy": 9420,
    "normalized_energy": 0,
    "tardiness": 0,
    "normalized_tardiness": 0,
    "bestObjectiveFunction": 0.19814814814814816,
    "tiempo_por_iteracion": 5.6136274337768555
}