{
    "bestSolution": [
        0,
        0,
        1,
        0,
        6,
        0,
        2,
        0,
        2,
        0,
        2,
        0,
        9,
        0,
        9,
        0,
        1,
        0,
        4,
        0,
        4,
        0,
        9,
        0,
        1,
        0,
        9,
        0,
        3,
        0,
        0,
        0,
        3,
        0,
        4,
        0,
        3,
        0,
        4,
        0,
        5,
        0,
        6,
        0,
        8,
        0,
        1,
        0,
        8,
        0,
        4,
        0,
        7,
        0,
        2,
        0,
        9,
        0,
        8,
        0,
        1,
        0,
        7,
        0,
        3,
        0,
        5,
        0,
        0,
        0,
        4,
        0,
        2,
        0,
        8,
        0,
        0,
        0,
        2,
        0,
        6,
        0,
        8,
        0,
        7,
        0,
        0,
        0,
        4,
        0,
        9,
        0,
        3,
        0,
        7,
        0,
        6,
        0,
        9,
        0,
        3,
        0,
        7,
        0,
        1,
        0,
        8,
        0,
        4,
        0,
        1,
        0,
        6,
        0,
        5,
        0,
        0,
        0,
        8,
        0,
        4,
        0,
        6,
        0,
        2,
        0,
        3,
        0,
        5,
        0,
        5,
        0,
        0,
        0,
        7,
        0,
        2,
        0,
        1,
        0,
        0,
        0,
        9,
        0,
        7,
        0,
        8,
        0,
        1,
        0,
        4,
        0,
        6,
        0,
        5,
        0,
        5,
        0,
        9,
        0,
        3,
        0,
        3,
        0,
        1,
        0,
        5,
        0,
        6,
        0,
        6,
        0,
        7,
        0,
        7,
        0,
        5,
        0,
        6,
        0,
        8,
        0,
        0,
        0,
        8,
        0,
        5,
        0,
        2,
        0,
        0,
        0,
        7,
        0,
        2,
        0,
        3,
        0,
        9,
        0
    ],
    "makespan": 160,
    "normalized_makespan": 0.16335540838852097,
    "energy": 9472,
    "normalized_energy": 0,
    "tardiness": 217,
    "normalized_tardiness": 0.4025974025974026,
    "bestObjectiveFunction": 0.5659528109859235,
    "tiempo_por_iteracion": 1.969645619392395
}