{
    "bestSolution": [
        3,
        0,
        1,
        0,
        0,
        0,
        1,
        0,
        1,
        0,
        4,
        0,
        1,
        0,
        1,
        0,
        0,
        0,
        0,
        0,
        3,
        0,
        0,
        0,
        2,
        0,
        4,
        0,
        3,
        0,
        2,
        0,
        1,
        0,
        4,
        0,
        0,
        0,
        4,
        0,
        2,
        0,
        1,
        0,
        3,
        0,
        0,
        0,
        1,
        0,
        3,
        0,
        0,
        0,
        1,
        0,
        2,
        0,
        2,
        0,
        4,
        0,
        2,
        0,
        4,
        0,
        3,
        0,
        2,
        0,
        0,
        0,
        1,
        0,
        3,
        0,
        4,
        0,
        4,
        0,
        0,
        0,
        3,
        0,
        2,
        0,
        3,
        0,
        0,
        0,
        2,
        0,
        4,
        0,
        3,
        0,
        2,
        0,
        4,
        0
    ],
    "makespan": 491,
    "normalized_makespan": 0.05665024630541872,
    "energy": 3624,
    "normalized_energy": 0,
    "tardiness": 0,
    "normalized_tardiness": 0.0,
    "bestObjectiveFunction": 0.05665024630541872,
    "tiempo_por_iteracion": 0.4624352852503459
}