{
    "bestSolution": [
        3,
        1,
        3,
        1,
        0,
        1,
        4,
        2,
        2,
        1,
        2,
        1,
        3,
        1,
        0,
        2,
        1,
        0,
        0,
        2,
        3,
        1,
        4,
        1,
        0,
        1,
        1,
        0,
        2,
        2,
        4,
        0,
        1,
        0,
        1,
        0,
        2,
        1,
        4,
        0,
        0,
        0,
        4,
        0,
        1,
        2,
        2,
        1,
        1,
        1,
        0,
        2,
        2,
        2,
        2,
        0,
        3,
        1,
        3,
        2,
        1,
        0,
        2,
        1,
        3,
        2,
        3,
        2,
        4,
        0,
        4,
        2,
        1,
        0,
        4,
        2,
        2,
        0,
        0,
        2,
        1,
        2,
        4,
        1,
        4,
        2,
        0,
        2,
        1,
        0,
        2,
        2,
        3,
        2,
        3,
        2,
        0,
        1,
        0,
        2
    ],
    "makespan": 221,
    "normalized_makespan": 0.14412811387900357,
    "energy": 4603,
    "normalized_energy": 0.7407407407407407,
    "tardiness": 248,
    "normalized_tardiness": 0.20963651732882502,
    "bestObjectiveFunction": 1.0945053719485693,
    "tiempo_por_iteracion": 0.881771156705659
}