{
    "bestSolution": [
        0,
        2,
        2,
        0,
        1,
        0,
        2,
        0,
        2,
        2,
        8,
        0,
        4,
        0,
        9,
        2,
        6,
        0,
        2,
        0,
        5,
        0,
        3,
        0,
        6,
        2,
        1,
        2,
        4,
        0,
        3,
        0,
        2,
        0,
        1,
        2,
        7,
        0,
        7,
        0,
        4,
        0,
        9,
        0,
        5,
        0,
        8,
        0,
        0,
        0,
        1,
        1,
        7,
        2,
        6,
        0,
        6,
        2,
        5,
        0,
        9,
        0,
        0,
        2,
        0,
        1,
        8,
        1,
        7,
        0,
        4,
        1,
        4,
        0,
        9,
        0,
        8,
        0,
        7,
        0,
        3,
        0,
        3,
        2,
        8,
        0,
        5,
        0,
        9,
        0,
        3,
        2,
        5,
        2,
        0,
        0,
        1,
        0,
        6,
        2
    ],
    "makespan": 290,
    "normalized_makespan": 0.21913043478260869,
    "energy": 4231,
    "normalized_energy": 0.2546174142480211,
    "tardiness": 0,
    "normalized_tardiness": 0,
    "bestObjectiveFunction": 0.4737478490306298,
    "tiempo_por_iteracion": 1.333188113712129
}