{
    "bestSolution": [
        2,
        2,
        4,
        2,
        2,
        1,
        2,
        0,
        4,
        1,
        3,
        2,
        1,
        2,
        4,
        2,
        3,
        3,
        1,
        2,
        0,
        0,
        4,
        1,
        1,
        0,
        0,
        3,
        3,
        1,
        2,
        2,
        3,
        3,
        0,
        3,
        0,
        0,
        2,
        1,
        0,
        0,
        4,
        4,
        1,
        1,
        3,
        2,
        1,
        4
    ],
    "makespan": 107,
    "normalized_makespan": 0.08590604026845637,
    "energy": 2269,
    "normalized_energy": 0.8012295081967213,
    "tardiness": 81,
    "normalized_tardiness": 0.10279187817258884,
    "bestObjectiveFunction": 0.9899274266377666,
    "tiempo_por_iteracion": 0.37272766132780166
}