{
    "status": "OPTIMAL_SOLUTION",
    "solution": {
        "objective": 0.952428899662838,
        "start_time": [
            [
                105,
                63,
                98,
                106,
                88
            ],
            [
                106,
                45,
                72,
                98,
                99
            ],
            [
                35,
                0,
                19,
                14,
                25
            ],
            [
                88,
                98,
                60,
                92,
                71
            ],
            [
                72,
                20,
                71,
                80,
                45
            ]
        ],
        "SpeedScaling": [
            [
                3,
                1,
                1,
                1,
                1
            ],
            [
                3,
                2,
                2,
                1,
                3
            ],
            [
                1,
                3,
                3,
                3,
                2
            ],
            [
                2,
                2,
                3,
                2,
                3
            ],
            [
                4,
                3,
                2,
                2,
                2
            ]
        ],
        "_output_item": "Objective function normalized: M-0.08724832214765102 + E-0.7725409836065575 + T-0.09263959390862944 = 0.9524288996628379 \nObjective function: M-108.0 + E-2255.0 + T-73.0 = 0.9524288996628379 \nStart Times: [105, 63, 98, 106, 88, 106, 45, 72, 98, 99, 35, 0, 19, 14, 25, 88, 98, 60, 92, 71, 72, 20, 71, 80, 45]\nSpeed Scaling; [3, 1, 1, 1, 1, 3, 2, 2, 1, 3, 1, 3, 3, 3, 2, 2, 2, 3, 2, 3, 4, 3, 2, 2, 2]\n",
        "_checker": ""
    },
    "statistics": {
        "paths": 0,
        "flatIntVars": 494,
        "flatFloatVars": 53,
        "flatIntConstraints": 571,
        "flatFloatConstraints": 53,
        "evaluatedHalfReifiedConstraints": 100,
        "method": "minimize",
        "flatTime": 109.947,
        "objective": 0.952428899663,
        "objectiveBound": 0.952428899663,
        "nodes": 4808,
        "openNodes": 352,
        "solveTime": 4409.0,
        "time": 4362.0,
        "nSolutions": 13
    }
}