{
    "bestSolution": [
        1,
        1,
        2,
        0,
        4,
        1,
        7,
        0,
        4,
        3,
        4,
        1,
        6,
        0,
        9,
        1,
        7,
        1,
        1,
        0,
        0,
        0,
        5,
        0,
        7,
        4,
        3,
        0,
        6,
        1,
        4,
        0,
        1,
        0,
        8,
        1,
        4,
        0,
        3,
        0,
        0,
        0,
        0,
        1,
        7,
        0,
        6,
        1,
        8,
        0,
        8,
        0,
        5,
        2,
        2,
        0,
        1,
        3,
        9,
        1,
        7,
        0,
        5,
        1,
        2,
        0,
        6,
        0,
        4,
        2,
        2,
        2,
        7,
        1,
        3,
        0,
        1,
        2,
        4,
        0,
        9,
        0,
        3,
        0,
        5,
        4,
        5,
        0,
        2,
        0,
        9,
        4,
        3,
        0,
        5,
        0,
        5,
        2,
        0,
        0,
        0,
        0,
        8,
        4,
        2,
        0,
        6,
        0,
        8,
        1,
        7,
        1,
        3,
        1,
        5,
        3,
        0,
        2,
        1,
        0,
        9,
        1,
        7,
        0,
        9,
        0,
        9,
        4,
        8,
        0,
        6,
        0,
        0,
        1,
        0,
        0,
        3,
        0,
        1,
        0,
        7,
        0,
        0,
        0,
        8,
        0,
        2,
        3,
        6,
        2,
        9,
        0,
        3,
        0,
        1,
        1,
        1,
        0,
        2,
        4,
        8,
        2,
        3,
        1,
        9,
        4,
        4,
        0,
        8,
        0,
        6,
        2,
        0,
        0,
        7,
        1,
        5,
        0,
        2,
        1,
        4,
        0,
        4,
        0,
        6,
        0,
        9,
        0,
        1,
        0,
        3,
        0,
        5,
        0,
        2,
        0,
        8,
        0,
        6,
        2
    ],
    "makespan": 1695,
    "normalized_makespan": 0.11129437637448948,
    "energy": 4688,
    "normalized_energy": 0.3333333333333333,
    "tardiness": 0,
    "normalized_tardiness": 0,
    "bestObjectiveFunction": 0.4446277097078228,
    "tiempo_por_iteracion": 0.9855149227839249
}