{
    "bestSolution": [
        3,
        0,
        2,
        1,
        2,
        2,
        1,
        0,
        0,
        2,
        0,
        2,
        4,
        2,
        0,
        1,
        3,
        2,
        3,
        2,
        0,
        1,
        0,
        0,
        4,
        1,
        1,
        1,
        3,
        0,
        4,
        2,
        2,
        0,
        2,
        1,
        4,
        2,
        3,
        0,
        2,
        2,
        1,
        2,
        2,
        0,
        1,
        2,
        4,
        0,
        1,
        2,
        0,
        1,
        3,
        2,
        1,
        2,
        1,
        2,
        1,
        2,
        4,
        1,
        1,
        2,
        3,
        0,
        2,
        0,
        0,
        2,
        4,
        1,
        1,
        1,
        0,
        0,
        1,
        0,
        0,
        2,
        4,
        1,
        0,
        0,
        2,
        2,
        3,
        2,
        0,
        0,
        3,
        2,
        2,
        2,
        3,
        2,
        4,
        1,
        3,
        2,
        4,
        0,
        0,
        1,
        4,
        2,
        2,
        0,
        0,
        2,
        3,
        0,
        1,
        2,
        2,
        2,
        1,
        0,
        4,
        2,
        3,
        2,
        2,
        1,
        3,
        2,
        2,
        0,
        1,
        2,
        3,
        2,
        0,
        0,
        1,
        2,
        4,
        2,
        1,
        1,
        4,
        2,
        1,
        2,
        2,
        1,
        3,
        2,
        3,
        1,
        4,
        0,
        3,
        0,
        0,
        0,
        0,
        2,
        1,
        1,
        3,
        2,
        4,
        2,
        0,
        2,
        4,
        2,
        2,
        2,
        0,
        2,
        2,
        2,
        2,
        2,
        3,
        2,
        0,
        0,
        2,
        0,
        1,
        0,
        1,
        2,
        4,
        1,
        4,
        1,
        2,
        2,
        2,
        2,
        4,
        2,
        0,
        2
    ],
    "makespan": 271,
    "normalized_makespan": 0.0698856416772554,
    "energy": 9123,
    "normalized_energy": 0.7251356238698011,
    "tardiness": 360,
    "normalized_tardiness": 0.1459262261856506,
    "bestObjectiveFunction": 0.9409474917327072,
    "tiempo_por_iteracion": 2.6356993402753557
}