{
    "bestSolution": [
        0,
        0,
        0,
        0,
        3,
        0,
        0,
        0,
        4,
        2,
        3,
        1,
        3,
        1,
        4,
        0,
        0,
        2,
        1,
        2,
        4,
        2,
        3,
        0,
        3,
        1,
        1,
        2,
        1,
        1,
        4,
        1,
        3,
        0,
        1,
        1,
        1,
        2,
        2,
        2,
        1,
        1,
        4,
        1,
        2,
        1,
        2,
        2,
        2,
        2,
        1,
        1,
        2,
        0,
        0,
        0,
        2,
        1,
        2,
        2,
        3,
        1,
        2,
        2,
        4,
        1,
        4,
        0,
        1,
        0,
        0,
        0,
        3,
        1,
        0,
        2,
        0,
        1,
        0,
        0,
        4,
        2,
        2,
        2,
        3,
        0,
        4,
        0,
        1,
        0,
        0,
        1,
        4,
        2,
        1,
        0,
        2,
        0,
        3,
        2
    ],
    "makespan": 217,
    "normalized_makespan": 0.1279737489745693,
    "energy": 4530,
    "normalized_energy": 0.6821026282853567,
    "tardiness": 243,
    "normalized_tardiness": 0.18984375,
    "bestObjectiveFunction": 0.999920127259926,
    "tiempo_por_iteracion": 0.5749174388679298
}