{
    "bestSolution": [
        1,
        0,
        1,
        0,
        1,
        0,
        2,
        0,
        5,
        0,
        5,
        0,
        0,
        0,
        1,
        0,
        3,
        0,
        2,
        0,
        3,
        0,
        0,
        0,
        5,
        0,
        9,
        0,
        9,
        0,
        7,
        0,
        4,
        0,
        9,
        0,
        1,
        0,
        6,
        0,
        8,
        0,
        6,
        0,
        7,
        0,
        0,
        0,
        8,
        0,
        4,
        0,
        3,
        0,
        7,
        0,
        4,
        0,
        0,
        0,
        6,
        0,
        6,
        0,
        8,
        0,
        5,
        0,
        0,
        0,
        8,
        0,
        4,
        0,
        9,
        0,
        8,
        0,
        6,
        0,
        3,
        0,
        2,
        0,
        4,
        0,
        2,
        0,
        3,
        0,
        7,
        0,
        7,
        0,
        2,
        0,
        9,
        0,
        5,
        0
    ],
    "makespan": 141,
    "normalized_makespan": 0.3875,
    "energy": 4719,
    "normalized_energy": 0,
    "tardiness": 113,
    "normalized_tardiness": 0.3923611111111111,
    "bestObjectiveFunction": 0.7798611111111111,
    "tiempo_por_iteracion": 0.9148302872975668
}