{
    "bestSolution": [
        1,
        3,
        1,
        0,
        0,
        3,
        2,
        3,
        1,
        1,
        3,
        0,
        3,
        0,
        3,
        1,
        4,
        1,
        1,
        2,
        4,
        1,
        2,
        1,
        2,
        2,
        2,
        3,
        1,
        1,
        3,
        0,
        1,
        0,
        4,
        3,
        2,
        4,
        3,
        2,
        0,
        1,
        4,
        0,
        2,
        4,
        0,
        1,
        0,
        4,
        4,
        0,
        0,
        0,
        0,
        3,
        2,
        0,
        3,
        0,
        1,
        4,
        2,
        2,
        1,
        4,
        4,
        2,
        0,
        1,
        3,
        0,
        1,
        0,
        2,
        1,
        2,
        2,
        0,
        2,
        3,
        3,
        3,
        4,
        4,
        3,
        0,
        1,
        4,
        0,
        4,
        2,
        0,
        1,
        1,
        4,
        4,
        3,
        3,
        0
    ],
    "makespan": 208,
    "normalized_makespan": 0.09486999297259312,
    "energy": 4414,
    "normalized_energy": 0.6496815286624203,
    "tardiness": 261,
    "normalized_tardiness": 0.17446524064171123,
    "bestObjectiveFunction": 0.9190167622767247,
    "tiempo_por_iteracion": 0.4970447377008223
}