{
    "bestSolution": [
        2,
        0,
        1,
        4,
        1,
        1,
        2,
        4,
        0,
        4,
        1,
        4,
        1,
        0,
        1,
        0,
        3,
        1,
        1,
        3,
        4,
        1,
        4,
        3,
        3,
        0,
        4,
        3,
        0,
        1,
        4,
        4,
        2,
        0,
        1,
        1,
        0,
        4,
        2,
        1,
        3,
        4,
        4,
        4,
        0,
        3,
        4,
        4,
        3,
        2,
        2,
        2,
        1,
        2,
        1,
        2,
        0,
        4,
        2,
        0,
        0,
        0,
        3,
        2,
        4,
        4,
        4,
        4,
        1,
        4,
        3,
        0,
        3,
        1,
        2,
        3,
        3,
        3,
        0,
        2,
        2,
        0,
        0,
        4,
        2,
        4,
        2,
        4,
        3,
        1,
        4,
        3,
        0,
        4,
        4,
        0,
        0,
        3,
        3,
        4
    ],
    "makespan": 188,
    "normalized_makespan": 0.08081517919887561,
    "energy": 4550,
    "normalized_energy": 0.7940552016985138,
    "tardiness": 143,
    "normalized_tardiness": 0.09558823529411764,
    "bestObjectiveFunction": 0.9704586161915071,
    "tiempo_por_iteracion": 1.3232297624150913
}