{
    "bestSolution": [
        1,
        0,
        0,
        0,
        4,
        0,
        2,
        0,
        3,
        0,
        4,
        0,
        3,
        0,
        0,
        0,
        4,
        0,
        3,
        0,
        1,
        0,
        4,
        0,
        4,
        0,
        0,
        0,
        3,
        0,
        1,
        0,
        1,
        0,
        2,
        0,
        0,
        0,
        0,
        0,
        1,
        0,
        0,
        0,
        1,
        0,
        1,
        0,
        0,
        0,
        3,
        0,
        3,
        0,
        0,
        0,
        2,
        0,
        3,
        0,
        2,
        0,
        4,
        0,
        4,
        0,
        1,
        0,
        3,
        0,
        2,
        0,
        4,
        0,
        1,
        0,
        1,
        0,
        0,
        0,
        2,
        0,
        2,
        0,
        2,
        0,
        4,
        0,
        0,
        0,
        4,
        0,
        4,
        0,
        4,
        0,
        3,
        0,
        1,
        0,
        2,
        0,
        2,
        0,
        3,
        0,
        0,
        0,
        3,
        0,
        4,
        0,
        0,
        0,
        4,
        0,
        1,
        0,
        3,
        0,
        1,
        0,
        3,
        0,
        4,
        0,
        3,
        0,
        0,
        0,
        3,
        0,
        2,
        0,
        1,
        0,
        3,
        0,
        1,
        0,
        0,
        0,
        2,
        0,
        4,
        0,
        2,
        0,
        4,
        0,
        0,
        0,
        3,
        0,
        0,
        0,
        1,
        0,
        2,
        0,
        3,
        0,
        0,
        0,
        1,
        0,
        2,
        0,
        0,
        0,
        2,
        0,
        2,
        0,
        3,
        0,
        4,
        0,
        4,
        0,
        2,
        0,
        3,
        0,
        1,
        0,
        2,
        0,
        0,
        0,
        2,
        0,
        1,
        0,
        1,
        0,
        0,
        0,
        4,
        0
    ],
    "makespan": 1416,
    "normalized_makespan": 0.2907297830374753,
    "energy": 7243,
    "normalized_energy": 0,
    "tardiness": 12,
    "normalized_tardiness": 0.00373366521468575,
    "bestObjectiveFunction": 0.2944634482521611,
    "tiempo_por_iteracion": 1.9331539383640997
}