{
    "bestSolution": [
        7,
        2,
        6,
        0,
        4,
        1,
        1,
        0,
        8,
        1,
        0,
        1,
        7,
        1,
        4,
        1,
        3,
        1,
        7,
        2,
        0,
        1,
        8,
        2,
        9,
        2,
        6,
        1,
        8,
        1,
        3,
        2,
        3,
        1,
        8,
        1,
        5,
        2,
        8,
        2,
        9,
        1,
        0,
        1,
        2,
        1,
        4,
        1,
        6,
        2,
        1,
        2,
        5,
        1,
        0,
        2,
        1,
        2,
        8,
        1,
        0,
        1,
        7,
        2,
        9,
        1,
        5,
        2,
        7,
        1,
        2,
        0,
        2,
        2,
        1,
        2,
        4,
        0,
        8,
        2,
        1,
        1,
        0,
        1,
        9,
        2,
        2,
        2,
        1,
        1,
        7,
        0,
        8,
        1,
        9,
        1,
        7,
        1,
        9,
        1,
        6,
        2,
        2,
        2,
        5,
        1,
        6,
        2,
        6,
        2,
        1,
        1,
        5,
        2,
        4,
        2,
        3,
        2,
        7,
        0,
        2,
        2,
        3,
        1,
        6,
        1,
        0,
        2,
        8,
        1,
        9,
        1,
        0,
        1,
        2,
        2,
        8,
        1,
        5,
        2,
        0,
        1,
        4,
        2,
        3,
        1,
        1,
        2,
        5,
        1,
        1,
        0,
        4,
        1,
        5,
        2,
        6,
        2,
        0,
        0,
        4,
        2,
        2,
        2,
        6,
        2,
        9,
        2,
        7,
        2,
        5,
        1,
        4,
        1,
        3,
        1,
        2,
        2,
        3,
        2,
        2,
        1,
        6,
        1,
        3,
        2,
        7,
        1,
        9,
        1,
        5,
        1,
        3,
        2,
        1,
        1,
        9,
        2,
        4,
        1
    ],
    "makespan": 882,
    "normalized_makespan": 0.04956387054699601,
    "energy": 7413,
    "normalized_energy": 0.8774274378784716,
    "tardiness": 890,
    "normalized_tardiness": 0.07096722749382027,
    "bestObjectiveFunction": 0.9979585359192877,
    "tiempo_por_iteracion": 2.9982522531997327
}