{
    "bestSolution": [
        0,
        0,
        2,
        0,
        2,
        0,
        0,
        0,
        4,
        0,
        4,
        0,
        0,
        0,
        2,
        0,
        1,
        0,
        3,
        0,
        0,
        0,
        3,
        0,
        1,
        0,
        2,
        0,
        1,
        0,
        3,
        0,
        4,
        0,
        1,
        0,
        3,
        0,
        0,
        0,
        3,
        0,
        1,
        0,
        2,
        0,
        4,
        0,
        4,
        0
    ],
    "makespan": 59,
    "normalized_makespan": 0.09243697478991597,
    "energy": 2339,
    "normalized_energy": 0,
    "tardiness": 0,
    "normalized_tardiness": 0,
    "bestObjectiveFunction": 0.09243697478991597,
    "tiempo_por_iteracion": 1.3321609497070312
}