{
    "bestSolution": [
        8,
        0,
        0,
        0,
        4,
        0,
        7,
        0,
        1,
        0,
        5,
        0,
        1,
        0,
        1,
        0,
        5,
        0,
        1,
        0,
        6,
        0,
        3,
        0,
        4,
        0,
        6,
        0,
        6,
        0,
        5,
        0,
        9,
        0,
        9,
        0,
        6,
        0,
        6,
        0,
        3,
        0,
        1,
        0,
        2,
        0,
        0,
        0,
        5,
        0,
        4,
        0,
        4,
        0,
        2,
        0,
        6,
        0,
        4,
        0,
        6,
        0,
        8,
        0,
        3,
        0,
        0,
        0,
        7,
        0,
        9,
        0,
        0,
        0,
        7,
        0,
        9,
        0,
        2,
        0,
        1,
        0,
        7,
        0,
        8,
        0,
        0,
        0,
        3,
        0,
        3,
        0,
        7,
        0,
        5,
        0,
        8,
        0,
        4,
        0,
        2,
        0,
        6,
        0,
        4,
        0,
        5,
        0,
        2,
        0,
        1,
        0,
        8,
        0,
        4,
        0,
        2,
        0,
        7,
        0,
        3,
        0,
        8,
        0,
        9,
        0,
        8,
        0,
        3,
        0,
        2,
        0,
        9,
        0,
        8,
        0,
        7,
        0,
        5,
        0,
        3,
        0,
        1,
        0,
        3,
        0,
        4,
        0,
        2,
        0,
        6,
        0,
        2,
        0,
        9,
        0,
        5,
        0,
        7,
        0,
        2,
        0,
        7,
        0,
        0,
        0,
        0,
        0,
        4,
        0,
        5,
        0,
        9,
        0,
        0,
        0,
        7,
        0,
        9,
        0,
        1,
        0,
        8,
        0,
        1,
        0,
        9,
        0,
        5,
        0,
        0,
        0,
        6,
        0,
        3,
        0,
        8,
        0,
        0,
        0
    ],
    "makespan": 737,
    "normalized_makespan": 0.10934919061777337,
    "energy": 7157,
    "normalized_energy": 0,
    "tardiness": 2,
    "normalized_tardiness": 0.0005825808330905913,
    "bestObjectiveFunction": 0.10993177145086397,
    "tiempo_por_iteracion": 2.8759525537490847
}