{
    "bestSolution": [
        8,
        3,
        16,
        1,
        13,
        3,
        0,
        3,
        3,
        3,
        11,
        2,
        17,
        3,
        8,
        3,
        2,
        4,
        19,
        3,
        14,
        4,
        1,
        4,
        19,
        4,
        6,
        1,
        10,
        3,
        1,
        3,
        19,
        2,
        5,
        4,
        7,
        1,
        18,
        2,
        8,
        4,
        11,
        4,
        9,
        3,
        1,
        2,
        12,
        1,
        18,
        3,
        3,
        4,
        15,
        1,
        16,
        4,
        11,
        1,
        9,
        1,
        0,
        4,
        2,
        2,
        19,
        4,
        15,
        1,
        6,
        1,
        16,
        3,
        18,
        4,
        14,
        4,
        0,
        2,
        3,
        2,
        10,
        4,
        7,
        1,
        4,
        0,
        15,
        4,
        13,
        3,
        10,
        3,
        15,
        4,
        4,
        1,
        3,
        0,
        14,
        2,
        18,
        3,
        14,
        3,
        12,
        1,
        12,
        4,
        17,
        2,
        2,
        2,
        1,
        3,
        3,
        2,
        5,
        2,
        5,
        1,
        9,
        4,
        6,
        3,
        13,
        4,
        9,
        2,
        5,
        1,
        4,
        2,
        12,
        4,
        8,
        2,
        7,
        0,
        9,
        4,
        15,
        2,
        4,
        4,
        10,
        3,
        1,
        2,
        2,
        0,
        17,
        4,
        10,
        3,
        19,
        0,
        16,
        2,
        7,
        1,
        11,
        4,
        13,
        4,
        0,
        3,
        0,
        1,
        17,
        4,
        4,
        3,
        6,
        2,
        11,
        1,
        12,
        0,
        5,
        4,
        14,
        4,
        17,
        1,
        2,
        3,
        6,
        4,
        18,
        2,
        7,
        4,
        13,
        4,
        16,
        4,
        8,
        3
    ],
    "makespan": 875,
    "normalized_makespan": 0.056700220195029884,
    "energy": 7243,
    "normalized_energy": 0.8533415841584159,
    "tardiness": 2522,
    "normalized_tardiness": 0.19595959595959597,
    "bestObjectiveFunction": 1.1060014003130416,
    "tiempo_por_iteracion": 2.1741620910928603
}