{
    "bestSolution": [
        8,
        0,
        4,
        0,
        0,
        0,
        1,
        0,
        7,
        1,
        5,
        0,
        6,
        2,
        6,
        0,
        0,
        0,
        1,
        1,
        5,
        0,
        3,
        2,
        9,
        2,
        3,
        2,
        4,
        0,
        1,
        0,
        7,
        0,
        5,
        2,
        4,
        0,
        9,
        0,
        2,
        0,
        5,
        0,
        0,
        2,
        9,
        0,
        0,
        2,
        2,
        2,
        1,
        0,
        7,
        2,
        2,
        0,
        8,
        0,
        3,
        0,
        4,
        0,
        3,
        0,
        6,
        2,
        6,
        0,
        2,
        0,
        5,
        0,
        8,
        0,
        6,
        2,
        0,
        2,
        4,
        1,
        2,
        0,
        4,
        0,
        7,
        2,
        1,
        1,
        1,
        0,
        9,
        0,
        3,
        2,
        5,
        2,
        4,
        2,
        8,
        0,
        7,
        0,
        3,
        0,
        1,
        2,
        5,
        2,
        8,
        0,
        7,
        2,
        6,
        0,
        1,
        0,
        9,
        0,
        2,
        2,
        6,
        0,
        5,
        2,
        9,
        2,
        0,
        2,
        9,
        2,
        6,
        2,
        6,
        2,
        8,
        0,
        9,
        0,
        3,
        2,
        5,
        0,
        3,
        2,
        2,
        0,
        3,
        2,
        8,
        0,
        2,
        2,
        4,
        0,
        7,
        0,
        9,
        0,
        8,
        2,
        8,
        2,
        1,
        2,
        0,
        0,
        7,
        0,
        0,
        0,
        2,
        2,
        7,
        0,
        7,
        0,
        4,
        0,
        0,
        2,
        1,
        2,
        4,
        0,
        3,
        2,
        5,
        2,
        9,
        2,
        8,
        2,
        6,
        0,
        2,
        2,
        0,
        0
    ],
    "makespan": 1927,
    "normalized_makespan": 0.127392942261859,
    "energy": 5133,
    "normalized_energy": 0.4541840588352216,
    "tardiness": 0,
    "normalized_tardiness": 0,
    "bestObjectiveFunction": 0.5815770010970807,
    "tiempo_por_iteracion": 2.753752899169922
}