{
    "bestSolution": [
        6,
        2,
        17,
        0,
        4,
        2,
        17,
        2,
        17,
        1,
        6,
        2,
        3,
        0,
        13,
        1,
        9,
        1,
        2,
        1,
        4,
        2,
        10,
        0,
        5,
        2,
        6,
        1,
        9,
        1,
        13,
        2,
        13,
        2,
        11,
        1,
        8,
        2,
        19,
        1,
        3,
        1,
        11,
        1,
        19,
        1,
        11,
        1,
        7,
        1,
        1,
        1,
        13,
        1,
        15,
        2,
        15,
        2,
        7,
        2,
        16,
        0,
        9,
        1,
        12,
        1,
        19,
        1,
        15,
        2,
        5,
        2,
        14,
        2,
        18,
        2,
        7,
        2,
        0,
        2,
        12,
        2,
        4,
        1,
        11,
        1,
        8,
        2,
        4,
        1,
        0,
        1,
        7,
        2,
        14,
        0,
        6,
        1,
        15,
        2,
        2,
        2,
        10,
        2,
        3,
        2,
        11,
        2,
        14,
        2,
        18,
        1,
        17,
        1,
        0,
        2,
        8,
        2,
        7,
        1,
        10,
        2,
        16,
        1,
        9,
        1,
        10,
        2,
        4,
        2,
        12,
        2,
        17,
        1,
        13,
        2,
        2,
        2,
        19,
        2,
        16,
        0,
        12,
        1,
        18,
        1,
        12,
        1,
        1,
        0,
        18,
        2,
        19,
        1,
        15,
        2,
        3,
        1,
        5,
        2,
        8,
        2,
        5,
        1,
        10,
        2,
        14,
        1,
        2,
        0,
        9,
        2,
        16,
        2,
        3,
        1,
        0,
        2,
        1,
        2,
        8,
        2,
        1,
        2,
        5,
        0,
        18,
        1,
        2,
        2,
        16,
        1,
        6,
        0,
        0,
        2,
        1,
        2,
        14,
        2
    ],
    "makespan": 204,
    "normalized_makespan": 0.06418383518225039,
    "energy": 9419,
    "normalized_energy": 0.9123456790123456,
    "tardiness": 344,
    "normalized_tardiness": 0.13406079501169135,
    "bestObjectiveFunction": 1.1105903092062874,
    "tiempo_por_iteracion": 1.9126817969714893
}