{
    "bestSolution": [
        4,
        3,
        3,
        0,
        0,
        0,
        5,
        2,
        3,
        1,
        8,
        3,
        9,
        0,
        0,
        4,
        6,
        4,
        5,
        0,
        9,
        0,
        6,
        0,
        5,
        4,
        6,
        0,
        7,
        4,
        9,
        0,
        2,
        0,
        5,
        0,
        4,
        4,
        8,
        4,
        1,
        0,
        2,
        4,
        0,
        4,
        6,
        4,
        1,
        4,
        0,
        0,
        9,
        4,
        2,
        2,
        7,
        0,
        4,
        0,
        3,
        0,
        1,
        4,
        4,
        4,
        2,
        0,
        8,
        0,
        9,
        0,
        7,
        4,
        4,
        0,
        8,
        0,
        3,
        0,
        0,
        4,
        2,
        4,
        1,
        4,
        7,
        4,
        6,
        4,
        3,
        0,
        1,
        4,
        7,
        3,
        5,
        4,
        8,
        0
    ],
    "makespan": 295,
    "normalized_makespan": 0.19521316379955123,
    "energy": 4268,
    "normalized_energy": 0.42626728110599077,
    "tardiness": 0,
    "normalized_tardiness": 0,
    "bestObjectiveFunction": 0.621480444905542,
    "tiempo_por_iteracion": 0.9290482757288382
}