{
    "bestSolution": [
        0,
        1,
        2,
        2,
        4,
        1,
        0,
        1,
        4,
        4,
        3,
        3,
        3,
        3,
        4,
        2,
        4,
        2,
        4,
        4,
        1,
        2,
        2,
        1,
        2,
        3,
        0,
        4,
        4,
        3,
        3,
        3,
        2,
        4,
        2,
        2,
        0,
        3,
        4,
        1,
        0,
        4,
        2,
        2,
        4,
        3,
        3,
        2,
        0,
        4,
        1,
        3,
        4,
        3,
        4,
        2,
        1,
        1,
        2,
        3,
        4,
        3,
        0,
        2,
        0,
        1,
        2,
        3,
        0,
        3,
        3,
        1,
        1,
        2,
        4,
        0,
        0,
        2,
        1,
        2,
        3,
        2,
        3,
        4,
        4,
        2,
        3,
        0,
        1,
        2,
        2,
        3,
        4,
        2,
        3,
        3,
        2,
        4,
        0,
        4,
        1,
        2,
        0,
        2,
        2,
        1,
        2,
        3,
        3,
        2,
        4,
        3,
        0,
        3,
        2,
        2,
        3,
        3,
        1,
        2,
        2,
        2,
        3,
        3,
        3,
        1,
        4,
        2,
        2,
        3,
        3,
        2,
        1,
        4,
        1,
        1,
        3,
        2,
        1,
        2,
        0,
        3,
        2,
        2,
        3,
        2,
        2,
        3,
        2,
        3,
        1,
        1,
        0,
        0,
        0,
        3,
        1,
        2,
        3,
        4,
        4,
        4,
        0,
        4,
        2,
        2,
        3,
        2,
        1,
        2,
        4,
        3,
        1,
        1,
        3,
        1,
        0,
        0,
        4,
        1,
        1,
        4,
        1,
        3,
        0,
        3,
        4,
        2,
        2,
        2,
        0,
        2,
        1,
        1,
        1,
        3,
        1,
        1,
        3,
        1
    ],
    "makespan": 313,
    "normalized_makespan": 0.08703374777975133,
    "energy": 9388,
    "normalized_energy": 0.8643410852713178,
    "tardiness": 158,
    "normalized_tardiness": 0.0666948079358379,
    "bestObjectiveFunction": 1.018069640986907,
    "tiempo_por_iteracion": 2.2450938748789357
}