{
    "bestSolution": [
        4,
        0,
        2,
        0,
        4,
        4,
        3,
        0,
        2,
        0,
        4,
        3,
        0,
        0,
        4,
        0,
        0,
        4,
        1,
        0,
        4,
        2,
        2,
        0,
        3,
        0,
        4,
        4,
        1,
        0,
        2,
        4,
        3,
        0,
        1,
        3,
        4,
        0,
        0,
        2,
        0,
        4,
        1,
        1,
        0,
        0,
        4,
        4,
        2,
        4,
        0,
        0,
        0,
        0,
        4,
        0,
        4,
        0,
        3,
        4,
        0,
        4,
        1,
        4,
        1,
        0,
        2,
        1,
        2,
        4,
        3,
        0,
        4,
        0,
        3,
        0,
        3,
        1,
        1,
        0,
        3,
        4,
        2,
        4,
        0,
        2,
        4,
        4,
        3,
        4,
        4,
        4,
        1,
        0,
        4,
        0,
        1,
        4,
        2,
        0,
        2,
        3,
        4,
        4,
        3,
        4,
        3,
        0,
        3,
        0,
        1,
        0,
        0,
        0,
        0,
        4,
        3,
        0,
        2,
        1,
        2,
        0,
        3,
        0,
        3,
        4,
        4,
        0,
        0,
        0,
        4,
        0,
        1,
        4,
        1,
        0,
        3,
        4,
        2,
        0,
        1,
        4,
        3,
        4,
        0,
        4,
        0,
        0,
        1,
        4,
        0,
        4,
        2,
        0,
        1,
        0,
        0,
        4,
        0,
        0,
        3,
        0,
        2,
        4,
        1,
        0,
        4,
        4,
        0,
        0,
        1,
        2,
        2,
        0,
        3,
        0,
        1,
        4,
        2,
        3,
        4,
        0,
        4,
        0,
        2,
        4,
        0,
        0,
        1,
        0,
        2,
        0,
        3,
        4,
        0,
        4,
        2,
        0,
        1,
        0
    ],
    "makespan": 2026,
    "normalized_makespan": 0.1221575041889412,
    "energy": 5141,
    "normalized_energy": 0.43298759406141957,
    "tardiness": 0,
    "normalized_tardiness": 0,
    "bestObjectiveFunction": 0.5551450982503607,
    "tiempo_por_iteracion": 2.213150551978578
}