{
    "status": "OPTIMAL_SOLUTION",
    "solution": {
        "objective": 0.7837117711525363,
        "start_time": [
            [
                0,
                265,
                78,
                199,
                229
            ],
            [
                228,
                408,
                367,
                50,
                76
            ],
            [
                78,
                224,
                261,
                290,
                325
            ],
            [
                418,
                369,
                325,
                74,
                265
            ],
            [
                364,
                76,
                296,
                229,
                40
            ]
        ],
        "SpeedScaling": [
            [
                1,
                2,
                1,
                2,
                2
            ],
            [
                1,
                3,
                2,
                3,
                1
            ],
            [
                1,
                3,
                2,
                2,
                1
            ],
            [
                1,
                2,
                2,
                1,
                2
            ],
            [
                1,
                1,
                2,
                2,
                3
            ]
        ],
        "_output_item": "Objective function normalized: M-0.08859649122807019 + E-0.5811023622047244 + T-0.1140129177197416 = 0.7837117711525363 \nObjective function : M-444.0 + E-1409.0 + T-406.0 = 0.7837117711525363 \nStart Times: [0, 265, 78, 199, 229, 228, 408, 367, 50, 76, 78, 224, 261, 290, 325, 418, 369, 325, 74, 265, 364, 76, 296, 229, 40]\nSpeed Scaling; [1, 2, 1, 2, 2, 1, 3, 2, 3, 1, 1, 3, 2, 2, 1, 1, 2, 2, 1, 2, 1, 1, 2, 2, 3]\n",
        "_checker": ""
    },
    "statistics": {
        "paths": 0,
        "flatIntVars": 362,
        "flatFloatVars": 35,
        "flatIntConstraints": 452,
        "flatFloatConstraints": 35,
        "evaluatedHalfReifiedConstraints": 100,
        "method": "minimize",
        "flatTime": 106.20599999999999,
        "objective": 0.783711771153,
        "objectiveBound": 0.783711771153,
        "nodes": 27001,
        "openNodes": 3147,
        "solveTime": 11566.0,
        "time": 4882.0,
        "nSolutions": 13
    }
}