{
    "bestSolution": [
        3,
        2,
        0,
        1,
        1,
        1,
        2,
        2,
        3,
        2,
        2,
        2,
        2,
        1,
        4,
        2,
        2,
        2,
        1,
        2,
        0,
        2,
        4,
        1,
        4,
        1,
        1,
        1,
        2,
        2,
        0,
        2,
        3,
        0,
        4,
        2,
        0,
        2,
        1,
        1,
        1,
        1,
        3,
        2,
        1,
        1,
        2,
        0,
        1,
        1,
        4,
        2,
        4,
        1,
        3,
        2,
        3,
        1,
        1,
        1,
        1,
        1,
        3,
        1,
        0,
        2,
        2,
        2,
        4,
        1,
        3,
        0,
        1,
        1,
        4,
        2,
        0,
        2,
        0,
        2,
        4,
        2,
        1,
        2,
        2,
        2,
        3,
        2,
        1,
        1,
        1,
        1,
        3,
        1,
        2,
        1,
        1,
        1,
        4,
        0,
        0,
        1,
        4,
        2,
        0,
        1,
        3,
        1,
        1,
        2,
        4,
        1,
        3,
        1,
        1,
        2,
        4,
        2,
        1,
        1,
        1,
        1,
        0,
        1,
        4,
        1,
        2,
        0,
        3,
        0,
        4,
        1,
        0,
        1,
        3,
        2,
        2,
        1,
        3,
        2,
        1,
        1,
        2,
        0,
        0,
        2,
        3,
        2,
        4,
        0,
        3,
        1,
        4,
        2,
        0,
        0,
        3,
        1,
        2,
        1,
        2,
        2,
        0,
        1,
        2,
        1,
        0,
        2,
        3,
        0,
        3,
        0,
        1,
        2,
        4,
        0,
        0,
        0,
        4,
        2,
        2,
        1,
        0,
        2,
        4,
        1,
        2,
        1,
        2,
        2,
        2,
        1,
        0,
        2,
        0,
        1,
        2,
        1,
        0,
        2
    ],
    "makespan": 1586,
    "normalized_makespan": 0.07427302678699327,
    "energy": 6882,
    "normalized_energy": 0.8236133768352365,
    "tardiness": 922,
    "normalized_tardiness": 0.06353800565088553,
    "bestObjectiveFunction": 0.9614244092731153,
    "tiempo_por_iteracion": 2.2291385593085455
}