{
    "bestSolution": [
        18,
        1,
        19,
        2,
        13,
        2,
        16,
        2,
        13,
        0,
        16,
        2,
        0,
        0,
        8,
        2,
        2,
        1,
        9,
        1,
        3,
        0,
        1,
        2,
        11,
        2,
        6,
        0,
        6,
        1,
        11,
        1,
        10,
        0,
        9,
        1,
        12,
        0,
        3,
        1,
        5,
        2,
        19,
        0,
        18,
        0,
        11,
        0,
        16,
        0,
        10,
        1,
        0,
        0,
        15,
        0,
        1,
        2,
        13,
        0,
        17,
        1,
        6,
        0,
        12,
        2,
        5,
        1,
        10,
        0,
        9,
        0,
        7,
        0,
        11,
        1,
        6,
        1,
        19,
        2,
        1,
        2,
        11,
        0,
        8,
        2,
        0,
        2,
        7,
        1,
        4,
        0,
        6,
        1,
        13,
        0,
        4,
        1,
        14,
        0,
        7,
        2,
        17,
        0,
        12,
        2,
        5,
        0,
        17,
        0,
        15,
        0,
        8,
        2,
        18,
        0,
        18,
        2,
        5,
        1,
        2,
        1,
        1,
        1,
        16,
        1,
        14,
        0,
        19,
        2,
        17,
        1,
        12,
        0,
        10,
        1,
        16,
        2,
        7,
        0,
        18,
        2,
        5,
        0,
        4,
        2,
        14,
        1,
        1,
        1,
        4,
        2,
        9,
        0,
        10,
        1,
        19,
        1,
        15,
        0,
        0,
        0,
        12,
        0,
        2,
        1,
        14,
        2,
        0,
        1,
        8,
        0,
        8,
        1,
        15,
        1,
        7,
        1,
        17,
        1,
        3,
        1,
        3,
        1,
        9,
        0,
        2,
        0,
        3,
        1,
        4,
        2,
        2,
        1,
        13,
        0,
        15,
        1,
        14,
        1
    ],
    "makespan": 1481,
    "normalized_makespan": 0.09619458038127236,
    "energy": 5850,
    "normalized_energy": 0.5885535900104059,
    "tardiness": 5597,
    "normalized_tardiness": 0.40396968603392275,
    "bestObjectiveFunction": 1.088717856425601,
    "tiempo_por_iteracion": 1.1134590074127795
}