{
    "bestSolution": [
        9,
        0,
        6,
        0,
        3,
        0,
        2,
        0,
        5,
        0,
        1,
        0,
        6,
        0,
        0,
        0,
        8,
        0,
        5,
        0,
        9,
        0,
        4,
        0,
        1,
        0,
        6,
        0,
        4,
        0,
        3,
        0,
        7,
        0,
        2,
        0,
        1,
        0,
        7,
        0,
        4,
        0,
        5,
        0,
        0,
        0,
        8,
        0,
        9,
        0,
        7,
        0,
        6,
        0,
        8,
        0,
        0,
        0,
        3,
        0,
        3,
        0,
        7,
        0,
        2,
        0,
        1,
        0,
        8,
        0,
        0,
        0,
        3,
        0,
        6,
        0,
        9,
        0,
        0,
        0,
        7,
        0,
        4,
        0,
        2,
        0,
        9,
        0,
        2,
        0,
        5,
        0,
        5,
        0,
        8,
        0,
        1,
        0,
        4,
        0
    ],
    "makespan": 429,
    "normalized_makespan": 0.145748987854251,
    "energy": 3585,
    "normalized_energy": 0,
    "tardiness": 0,
    "normalized_tardiness": 0,
    "bestObjectiveFunction": 0.145748987854251,
    "tiempo_por_iteracion": 2.532161235809326
}