{
    "bestSolution": [
        2,
        0,
        0,
        0,
        3,
        0,
        4,
        0,
        2,
        0,
        1,
        0,
        5,
        0,
        6,
        0,
        8,
        0,
        0,
        0,
        7,
        0,
        6,
        0,
        1,
        0,
        1,
        0,
        6,
        0,
        7,
        0,
        3,
        0,
        8,
        0,
        9,
        0,
        5,
        0,
        3,
        0,
        8,
        0,
        5,
        0,
        6,
        0,
        9,
        0,
        4,
        0,
        2,
        0,
        7,
        0,
        3,
        0,
        0,
        0,
        8,
        0,
        9,
        0,
        1,
        0,
        2,
        0,
        3,
        0,
        9,
        0,
        0,
        0,
        0,
        0,
        8,
        0,
        6,
        0,
        5,
        0,
        7,
        0,
        4,
        0,
        5,
        0,
        9,
        0,
        2,
        0,
        4,
        0,
        7,
        0,
        4,
        0,
        1,
        0
    ],
    "makespan": 423,
    "normalized_makespan": 0.1417004048582996,
    "energy": 3585,
    "normalized_energy": 0,
    "tardiness": 0,
    "normalized_tardiness": 0,
    "bestObjectiveFunction": 0.1417004048582996,
    "tiempo_por_iteracion": 0.19628514183892143
}