{
    "bestSolution": [
        1,
        0,
        1,
        0,
        4,
        0,
        1,
        0,
        2,
        0,
        4,
        0,
        1,
        0,
        3,
        0,
        0,
        0,
        3,
        0,
        4,
        0,
        4,
        0,
        3,
        0,
        2,
        0,
        0,
        0,
        3,
        0,
        4,
        0,
        0,
        0,
        2,
        0,
        2,
        0,
        3,
        0,
        1,
        0,
        0,
        0,
        0,
        0,
        2,
        0
    ],
    "makespan": 119,
    "normalized_makespan": 0.6822429906542056,
    "energy": 2354,
    "normalized_energy": 0,
    "tardiness": 31,
    "normalized_tardiness": 0.20261437908496732,
    "bestObjectiveFunction": 0.8848573697391728,
    "tiempo_por_iteracion": 0.2950980739983899
}