{
    "status": "SATISFIED",
    "solution": {
        "objective": 1.387453423737095,
        "start_time": [
            [
                109,
                105,
                100,
                110,
                115
            ],
            [
                22,
                45,
                59,
                0,
                53
            ],
            [
                96,
                94,
                70,
                100,
                99
            ],
            [
                57,
                20,
                56,
                53,
                52
            ],
            [
                122,
                119,
                103,
                117,
                123
            ]
        ],
        "SpeedScaling": [
            [
                1,
                1,
                1,
                1,
                1
            ],
            [
                1,
                1,
                1,
                1,
                1
            ],
            [
                1,
                1,
                1,
                1,
                1
            ],
            [
                1,
                1,
                1,
                1,
                1
            ],
            [
                1,
                1,
                1,
                1,
                1
            ]
        ],
        "_output_item": "Objective function normalized: M-0.962616822429906 + E-0.0 + T-0.4248366013071895 = 1.387453423737095 \nObjective function: M-149.0 + E-2354.0 + T-65.0 = 1.387453423737095 \nStart Times: [109, 105, 100, 110, 115, 22, 45, 59, 0, 53, 96, 94, 70, 100, 99, 57, 20, 56, 53, 52, 122, 119, 103, 117, 123]\nSpeed Scaling; [1, 1, 1, 1, 1, 1, 1, 1, 1, 1, 1, 1, 1, 1, 1, 1, 1, 1, 1, 1, 1, 1, 1, 1, 1]\n",
        "_checker": ""
    },
    "statistics": {
        "paths": 0,
        "flatBoolVars": 100,
        "flatIntVars": 126,
        "flatFloatVars": 28,
        "flatBoolConstraints": 50,
        "flatIntConstraints": 251,
        "flatFloatConstraints": 28,
        "evaluatedHalfReifiedConstraints": 100,
        "method": "minimize",
        "flatTime": 46.549,
        "time": 75.0,
        "initTime": 1.987,
        "solveTime": 100861.0,
        "solutions": 1,
        "variables": 226,
        "propagators": 329,
        "propagations": 668396178,
        "nodes": 284448558,
        "failures": 142224268,
        "restarts": 0,
        "peakDepth": 25,
        "nSolutions": 1
    }
}