{
    "bestSolution": [
        4,
        0,
        0,
        0,
        1,
        1,
        4,
        0,
        3,
        2,
        3,
        0,
        2,
        0,
        2,
        0,
        1,
        0,
        2,
        2,
        3,
        0,
        0,
        0,
        3,
        0,
        1,
        0,
        0,
        0,
        4,
        0,
        2,
        0,
        2,
        0,
        3,
        0,
        0,
        0,
        1,
        0,
        4,
        2,
        4,
        0,
        0,
        0,
        1,
        0,
        2,
        0,
        3,
        0,
        2,
        0,
        0,
        0,
        1,
        0,
        1,
        0,
        0,
        0,
        3,
        0,
        4,
        0,
        2,
        1,
        2,
        0,
        0,
        2,
        3,
        0,
        4,
        0,
        4,
        0,
        0,
        1,
        1,
        0,
        4,
        0,
        4,
        2,
        2,
        2,
        1,
        0,
        0,
        0,
        3,
        1,
        3,
        0,
        1,
        2
    ],
    "makespan": 1596,
    "normalized_makespan": 0.1677257082340482,
    "energy": 1748,
    "normalized_energy": 0.208398133748056,
    "tardiness": 0,
    "normalized_tardiness": 0,
    "bestObjectiveFunction": 0.3761238419821042,
    "tiempo_por_iteracion": 0.41178560958189125
}