{
    "bestSolution": [
        3,
        0,
        6,
        0,
        0,
        0,
        5,
        0,
        1,
        0,
        0,
        0,
        7,
        0,
        6,
        0,
        8,
        0,
        8,
        0,
        9,
        0,
        5,
        0,
        9,
        0,
        0,
        0,
        7,
        0,
        9,
        0,
        4,
        0,
        4,
        0,
        4,
        0,
        6,
        0,
        1,
        0,
        2,
        0,
        9,
        0,
        0,
        0,
        5,
        0,
        6,
        0,
        2,
        0,
        8,
        0,
        0,
        0,
        3,
        0,
        7,
        0,
        3,
        0,
        0,
        0,
        1,
        0,
        7,
        0,
        4,
        0,
        9,
        0,
        5,
        0,
        6,
        0,
        0,
        0,
        2,
        0,
        1,
        0,
        9,
        0,
        3,
        0,
        6,
        0,
        9,
        0,
        5,
        0,
        8,
        0,
        3,
        0,
        5,
        0,
        8,
        0,
        4,
        0,
        2,
        0,
        7,
        0,
        1,
        0,
        0,
        0,
        0,
        0,
        6,
        0,
        8,
        0,
        8,
        0,
        1,
        0,
        2,
        0,
        0,
        0,
        1,
        0,
        1,
        0,
        7,
        0,
        9,
        0,
        3,
        0,
        2,
        0,
        8,
        0,
        8,
        0,
        6,
        0,
        4,
        0,
        3,
        0,
        7,
        0,
        1,
        0,
        5,
        0,
        7,
        0,
        1,
        0,
        9,
        0,
        5,
        0,
        4,
        0,
        2,
        0,
        4,
        0,
        6,
        0,
        8,
        0,
        9,
        0,
        2,
        0,
        5,
        0,
        4,
        0,
        4,
        0,
        7,
        0,
        3,
        0,
        2,
        0,
        5,
        0,
        7,
        0,
        6,
        0,
        3,
        0,
        3,
        0,
        2,
        0
    ],
    "makespan": 658,
    "normalized_makespan": 0.08084960602946215,
    "energy": 7206,
    "normalized_energy": 0,
    "tardiness": 31,
    "normalized_tardiness": 0.009278659084106555,
    "bestObjectiveFunction": 0.0901282651135687,
    "tiempo_por_iteracion": 0.5686864900588989
}