{
    "bestSolution": [
        2,
        2,
        4,
        0,
        2,
        1,
        1,
        1,
        4,
        2,
        3,
        1,
        3,
        2,
        4,
        0,
        4,
        2,
        1,
        2,
        0,
        1,
        1,
        1,
        0,
        0,
        1,
        0,
        1,
        1,
        2,
        1,
        4,
        0,
        1,
        0,
        1,
        0,
        4,
        1,
        2,
        2,
        4,
        2,
        4,
        2,
        2,
        2,
        1,
        1,
        3,
        1,
        0,
        1,
        2,
        1,
        1,
        2,
        4,
        0,
        0,
        1,
        0,
        2,
        1,
        0,
        2,
        0,
        3,
        2,
        3,
        2,
        3,
        2,
        3,
        1,
        4,
        1,
        0,
        1,
        0,
        0,
        4,
        1,
        2,
        2,
        0,
        2,
        4,
        0,
        3,
        2,
        2,
        1,
        0,
        0,
        0,
        2,
        4,
        0,
        1,
        2,
        3,
        0,
        2,
        2,
        4,
        2,
        1,
        1,
        4,
        1,
        3,
        2,
        4,
        2,
        2,
        2,
        0,
        1,
        1,
        2,
        2,
        0,
        4,
        1,
        1,
        1,
        0,
        2,
        3,
        1,
        2,
        2,
        1,
        2,
        0,
        0,
        0,
        1,
        3,
        2,
        2,
        1,
        3,
        1,
        0,
        2,
        2,
        0,
        1,
        0,
        4,
        1,
        3,
        2,
        2,
        0,
        0,
        2,
        0,
        1,
        1,
        2,
        1,
        1,
        1,
        2,
        1,
        1,
        3,
        0,
        0,
        1,
        4,
        2,
        4,
        0,
        3,
        0,
        3,
        2,
        2,
        0,
        2,
        1,
        3,
        2,
        3,
        1,
        2,
        0,
        0,
        0,
        3,
        1,
        0,
        0,
        2,
        0
    ],
    "makespan": 288,
    "normalized_makespan": 0.056732223903177004,
    "energy": 9167,
    "normalized_energy": 0.7882147024504084,
    "tardiness": 559,
    "normalized_tardiness": 0.20093457943925233,
    "bestObjectiveFunction": 1.0458815057928377,
    "tiempo_por_iteracion": 0.9187142479587609
}