{
    "bestSolution": [
        4,
        1,
        4,
        2,
        4,
        0,
        0,
        2,
        0,
        1,
        1,
        1,
        1,
        2,
        3,
        1,
        2,
        2,
        1,
        1,
        4,
        2,
        2,
        1,
        4,
        2,
        1,
        2,
        1,
        1,
        3,
        2,
        2,
        1,
        0,
        2,
        4,
        1,
        4,
        1,
        2,
        2,
        1,
        1,
        0,
        2,
        2,
        1,
        2,
        1,
        3,
        2,
        3,
        2,
        0,
        1,
        1,
        2,
        4,
        2,
        1,
        1,
        4,
        1,
        0,
        1,
        1,
        1,
        4,
        2,
        4,
        2,
        3,
        1,
        4,
        1,
        1,
        1,
        2,
        1,
        4,
        1,
        0,
        2,
        3,
        2,
        3,
        1,
        3,
        1,
        0,
        2,
        4,
        2,
        3,
        1,
        2,
        1,
        2,
        1,
        3,
        1,
        0,
        2,
        1,
        1,
        3,
        2,
        3,
        1,
        4,
        2,
        0,
        1,
        2,
        2,
        3,
        2,
        3,
        1,
        0,
        2,
        0,
        2,
        3,
        2,
        1,
        1,
        1,
        2,
        1,
        2,
        1,
        2,
        0,
        2,
        0,
        2,
        0,
        1,
        4,
        2,
        0,
        1,
        4,
        2,
        2,
        1,
        1,
        2,
        1,
        2,
        0,
        1,
        2,
        1,
        3,
        2,
        1,
        0,
        4,
        2,
        3,
        2,
        0,
        0,
        2,
        2,
        2,
        2,
        3,
        2,
        2,
        2,
        2,
        2,
        3,
        1,
        3,
        0,
        1,
        1,
        2,
        0,
        2,
        2,
        4,
        1,
        0,
        2,
        2,
        2,
        0,
        1,
        1,
        2,
        4,
        1,
        2,
        1
    ],
    "makespan": 279,
    "normalized_makespan": 0.053328290468986385,
    "energy": 9349,
    "normalized_energy": 0.8943990665110851,
    "tardiness": 203,
    "normalized_tardiness": 0.07296908698777857,
    "bestObjectiveFunction": 1.02069644396785,
    "tiempo_por_iteracion": 1.4484307765960693
}