{
    "bestSolution": [
        0,
        0,
        4,
        0,
        2,
        0,
        3,
        0,
        5,
        0,
        8,
        0,
        8,
        0,
        2,
        0,
        0,
        0,
        3,
        0,
        4,
        0,
        9,
        0,
        8,
        0,
        5,
        0,
        0,
        0,
        6,
        0,
        5,
        0,
        0,
        0,
        4,
        0,
        2,
        0,
        6,
        0,
        5,
        0,
        0,
        0,
        7,
        0,
        8,
        0,
        3,
        0,
        5,
        0,
        1,
        0,
        7,
        0,
        7,
        0,
        8,
        0,
        1,
        0,
        4,
        0,
        3,
        0,
        7,
        0,
        4,
        0,
        9,
        0,
        6,
        0,
        1,
        0,
        2,
        0,
        9,
        0,
        7,
        0,
        6,
        0,
        6,
        0,
        9,
        0,
        1,
        0,
        3,
        0,
        2,
        0,
        1,
        0,
        9,
        0
    ],
    "makespan": 440,
    "normalized_makespan": 0.1595900439238653,
    "energy": 3649,
    "normalized_energy": 0,
    "tardiness": 111,
    "normalized_tardiness": 0.0698992443324937,
    "bestObjectiveFunction": 0.229489288256359,
    "tiempo_por_iteracion": 0.4776237536284883
}