{
    "bestSolution": [
        1,
        0,
        3,
        0,
        0,
        0,
        3,
        0,
        2,
        0,
        4,
        0,
        2,
        0,
        1,
        0,
        3,
        0,
        0,
        0,
        4,
        0,
        2,
        0,
        1,
        0,
        1,
        0,
        0,
        0,
        0,
        0,
        4,
        0,
        3,
        0,
        2,
        0,
        1,
        0,
        3,
        0,
        4,
        0,
        0,
        0,
        4,
        0,
        2,
        0
    ],
    "makespan": 383,
    "normalized_makespan": 0.20666666666666667,
    "energy": 1777,
    "normalized_energy": 0,
    "tardiness": 78,
    "normalized_tardiness": 0.09080325960419092,
    "bestObjectiveFunction": 0.29746992627085755,
    "tiempo_por_iteracion": 0.17600673780391354
}