{
    "bestSolution": [
        2,
        4,
        0,
        3,
        0,
        2,
        2,
        2,
        4,
        0,
        2,
        1,
        0,
        0,
        4,
        1,
        1,
        2,
        4,
        0,
        1,
        2,
        1,
        0,
        3,
        1,
        3,
        0,
        2,
        1,
        2,
        4,
        2,
        4,
        3,
        4,
        2,
        4,
        2,
        2,
        3,
        1,
        1,
        2,
        3,
        1,
        4,
        1,
        1,
        1,
        3,
        2,
        2,
        0,
        3,
        0,
        0,
        0,
        4,
        4,
        3,
        2,
        2,
        1,
        1,
        3,
        0,
        0,
        4,
        0,
        1,
        3,
        2,
        0,
        3,
        4,
        1,
        0,
        2,
        4,
        0,
        2,
        0,
        3,
        2,
        0,
        0,
        3,
        4,
        1,
        3,
        2,
        4,
        0,
        1,
        0,
        3,
        2,
        1,
        1,
        4,
        1,
        4,
        0,
        0,
        0,
        3,
        3,
        0,
        4,
        0,
        4,
        0,
        2,
        4,
        3,
        4,
        3,
        2,
        0,
        4,
        4,
        1,
        1,
        3,
        3,
        3,
        0,
        2,
        1,
        4,
        4,
        0,
        1,
        0,
        1,
        2,
        3,
        3,
        0,
        4,
        1,
        1,
        4,
        3,
        1,
        1,
        2,
        1,
        0,
        0,
        1,
        0,
        2,
        4,
        2,
        3,
        0,
        0,
        0,
        1,
        4,
        1,
        3,
        4,
        4,
        3,
        1,
        4,
        4,
        0,
        1,
        4,
        0,
        0,
        1,
        2,
        0,
        1,
        2,
        0,
        0,
        4,
        0,
        2,
        0,
        1,
        3,
        1,
        2,
        2,
        1,
        3,
        1,
        3,
        1,
        2,
        2,
        1,
        1
    ],
    "makespan": 1304,
    "normalized_makespan": 0.06178685088876815,
    "energy": 5981,
    "normalized_energy": 0.6194672541558182,
    "tardiness": 32,
    "normalized_tardiness": 0.002389664700171757,
    "bestObjectiveFunction": 0.683643769744758,
    "tiempo_por_iteracion": 1.0113355854684993
}