{
    "bestSolution": [
        4,
        0,
        3,
        0,
        1,
        0,
        1,
        0,
        3,
        0,
        4,
        0,
        1,
        0,
        1,
        0,
        4,
        0,
        3,
        0,
        2,
        0,
        1,
        0,
        4,
        0,
        1,
        0,
        3,
        0,
        2,
        0,
        3,
        0,
        1,
        0,
        2,
        0,
        3,
        0,
        0,
        0,
        0,
        0,
        1,
        0,
        4,
        0,
        0,
        0,
        2,
        0,
        1,
        0,
        0,
        0,
        4,
        0,
        4,
        0,
        0,
        0,
        3,
        0,
        2,
        0,
        0,
        0,
        3,
        0,
        3,
        0,
        1,
        0,
        1,
        0,
        0,
        0,
        3,
        0,
        0,
        0,
        1,
        0,
        1,
        0,
        3,
        0,
        1,
        0,
        4,
        0,
        4,
        0,
        3,
        0,
        2,
        0,
        4,
        0,
        1,
        0,
        0,
        0,
        2,
        0,
        2,
        0,
        2,
        0,
        2,
        0,
        0,
        0,
        4,
        0,
        3,
        0,
        2,
        0,
        0,
        0,
        3,
        0,
        1,
        0,
        0,
        0,
        4,
        0,
        2,
        0,
        0,
        0,
        2,
        0,
        4,
        0,
        4,
        0,
        4,
        0,
        3,
        0,
        1,
        0,
        3,
        0,
        0,
        0,
        1,
        0,
        3,
        0,
        0,
        0,
        1,
        0,
        3,
        0,
        4,
        0,
        3,
        0,
        0,
        0,
        2,
        0,
        2,
        0,
        4,
        0,
        2,
        0,
        4,
        0,
        2,
        0,
        2,
        0,
        1,
        0,
        2,
        0,
        0,
        0,
        4,
        0,
        4,
        0,
        2,
        0,
        0,
        0,
        3,
        0,
        0,
        0,
        0,
        0
    ],
    "makespan": 765,
    "normalized_makespan": 0.0327140549273021,
    "energy": 7304,
    "normalized_energy": 0,
    "tardiness": 0,
    "normalized_tardiness": 0.0,
    "bestObjectiveFunction": 0.0327140549273021,
    "tiempo_por_iteracion": 3.4798393547534943
}