{
    "bestSolution": [
        2,
        2,
        0,
        1,
        4,
        0,
        2,
        0,
        1,
        0,
        3,
        0,
        0,
        0,
        4,
        0,
        0,
        2,
        2,
        0,
        3,
        0,
        4,
        0,
        0,
        0,
        1,
        0,
        1,
        0,
        3,
        0,
        4,
        0,
        2,
        0,
        4,
        0,
        0,
        0,
        3,
        0,
        1,
        0,
        2,
        0,
        3,
        0,
        1,
        0
    ],
    "makespan": 862,
    "normalized_makespan": 0.24249499666444296,
    "energy": 935,
    "normalized_energy": 0.11175979983319433,
    "tardiness": 0,
    "normalized_tardiness": 0,
    "bestObjectiveFunction": 0.3542547964976373,
    "tiempo_por_iteracion": 0.3862324135644095
}