{
    "bestSolution": [
        3,
        0,
        4,
        0,
        0,
        2,
        1,
        0,
        2,
        0,
        2,
        0,
        2,
        0,
        0,
        0,
        3,
        0,
        4,
        0,
        1,
        0,
        4,
        0,
        3,
        0,
        1,
        0,
        0,
        0,
        0,
        0,
        2,
        0,
        4,
        0,
        1,
        0,
        0,
        0,
        3,
        0,
        2,
        0,
        1,
        0,
        4,
        0,
        3,
        1
    ],
    "makespan": 750,
    "normalized_makespan": 0.20513675783855903,
    "energy": 905,
    "normalized_energy": 0.08673894912427023,
    "tardiness": 0,
    "normalized_tardiness": 0,
    "bestObjectiveFunction": 0.2918757069628293,
    "tiempo_por_iteracion": 0.16750296839961298
}