{
    "status": "OPTIMAL_SOLUTION",
    "solution": {
        "objective": 0.2731821214142762,
        "start_time": [
            [
                929,
                123,
                487,
                342,
                592
            ],
            [
                664,
                530,
                375,
                555,
                0
            ],
            [
                83,
                555,
                0,
                675,
                277
            ],
            [
                530,
                342,
                602,
                0,
                778
            ],
            [
                342,
                0,
                147,
                227,
                436
            ]
        ],
        "SpeedScaling": [
            [
                1,
                1,
                1,
                1,
                1
            ],
            [
                1,
                1,
                1,
                1,
                1
            ],
            [
                1,
                1,
                1,
                1,
                1
            ],
            [
                1,
                1,
                1,
                1,
                1
            ],
            [
                1,
                1,
                1,
                1,
                1
            ]
        ],
        "_output_item": "Objective function: 0.2731821214142762 + 5.551115123125783e-17 = 0.2731821214142762 \nObjective function : M-954.0 + E-801.0 = 0.2731821214142762 \nStart Times: [929, 123, 487, 342, 592, 664, 530, 375, 555, 0, 83, 555, 0, 675, 277, 530, 342, 602, 0, 778, 342, 0, 147, 227, 436]\nSpeed Scaling; [1, 1, 1, 1, 1, 1, 1, 1, 1, 1, 1, 1, 1, 1, 1, 1, 1, 1, 1, 1, 1, 1, 1, 1, 1]\n",
        "_checker": ""
    },
    "statistics": {
        "paths": 0,
        "flatIntVars": 301,
        "flatFloatVars": 29,
        "flatIntConstraints": 351,
        "flatFloatConstraints": 29,
        "evaluatedHalfReifiedConstraints": 100,
        "method": "minimize",
        "flatTime": 89.82,
        "objective": 0.273182121414,
        "objectiveBound": 0.273182121414,
        "nodes": 328,
        "openNodes": 66,
        "solveTime": 71.0,
        "time": 171.0,
        "nSolutions": 9
    }
}