{
    "bestSolution": [
        0,
        4,
        3,
        0,
        3,
        3,
        4,
        0,
        0,
        1,
        1,
        0,
        3,
        0,
        1,
        0,
        0,
        0,
        0,
        0,
        2,
        4,
        4,
        0,
        2,
        2,
        2,
        1,
        2,
        0,
        0,
        4,
        4,
        0,
        0,
        2,
        2,
        3,
        3,
        4,
        0,
        4,
        2,
        1,
        4,
        1,
        3,
        4,
        4,
        3,
        2,
        0,
        3,
        1,
        1,
        1,
        1,
        0,
        0,
        1,
        0,
        0,
        2,
        0,
        4,
        1,
        3,
        0,
        2,
        0,
        4,
        0,
        4,
        0,
        0,
        4,
        1,
        3,
        3,
        0,
        3,
        3,
        1,
        0,
        1,
        0,
        1,
        2,
        2,
        3,
        4,
        4,
        1,
        4,
        4,
        3,
        3,
        1,
        1,
        2
    ],
    "makespan": 184,
    "normalized_makespan": 0.11120996441281139,
    "energy": 4517,
    "normalized_energy": 0.626984126984127,
    "tardiness": 203,
    "normalized_tardiness": 0.17159763313609466,
    "bestObjectiveFunction": 0.909791724533033,
    "tiempo_por_iteracion": 0.8231859499408353
}