{
    "bestSolution": [
        0,
        0,
        0,
        0,
        2,
        0,
        9,
        0,
        9,
        0,
        6,
        0,
        3,
        0,
        4,
        0,
        7,
        0,
        6,
        0,
        2,
        0,
        4,
        0,
        5,
        0,
        7,
        0,
        8,
        0,
        1,
        0,
        2,
        0,
        8,
        0,
        9,
        0,
        3,
        0,
        3,
        0,
        4,
        0,
        9,
        0,
        6,
        0,
        9,
        0,
        7,
        0,
        8,
        0,
        5,
        0,
        5,
        0,
        6,
        0,
        0,
        0,
        1,
        0,
        8,
        0,
        5,
        0,
        3,
        0,
        2,
        0,
        7,
        0,
        7,
        0,
        1,
        0,
        4,
        0,
        6,
        0,
        0,
        0,
        2,
        0,
        3,
        0,
        1,
        0,
        4,
        0,
        8,
        0,
        1,
        0,
        5,
        0,
        0,
        0
    ],
    "makespan": 416,
    "normalized_makespan": 0.14439655172413793,
    "energy": 3639,
    "normalized_energy": 0,
    "tardiness": 0,
    "normalized_tardiness": 0,
    "bestObjectiveFunction": 0.14439655172413793,
    "tiempo_por_iteracion": 0.44592779874801636
}