{
    "bestSolution": [
        7,
        2,
        8,
        0,
        4,
        0,
        6,
        1,
        5,
        0,
        5,
        0,
        2,
        0,
        8,
        0,
        1,
        3,
        2,
        1,
        3,
        4,
        3,
        0,
        8,
        4,
        7,
        2,
        0,
        3,
        5,
        0,
        1,
        0,
        9,
        1,
        0,
        1,
        9,
        0,
        4,
        0,
        2,
        4,
        1,
        0,
        0,
        0,
        3,
        4,
        6,
        4,
        8,
        2,
        5,
        4,
        2,
        0,
        5,
        0,
        0,
        2,
        1,
        0,
        5,
        4,
        5,
        3,
        9,
        0,
        4,
        1,
        7,
        2,
        6,
        0,
        9,
        2,
        3,
        0,
        4,
        0,
        4,
        3,
        2,
        0,
        2,
        2,
        1,
        4,
        7,
        0,
        1,
        4,
        0,
        3,
        1,
        1,
        7,
        4,
        6,
        0,
        4,
        2,
        2,
        0,
        6,
        4,
        3,
        4,
        3,
        3,
        4,
        2,
        3,
        0,
        1,
        1,
        9,
        0,
        0,
        0,
        7,
        1,
        2,
        0,
        4,
        4,
        0,
        4,
        7,
        0,
        4,
        0,
        9,
        1,
        3,
        2,
        9,
        0,
        8,
        0,
        0,
        0,
        6,
        1,
        5,
        0,
        2,
        4,
        7,
        0,
        9,
        3,
        8,
        1,
        6,
        2,
        4,
        4,
        6,
        1,
        9,
        0,
        5,
        0,
        0,
        0,
        8,
        0,
        2,
        0,
        5,
        3,
        0,
        2,
        1,
        0,
        6,
        0,
        9,
        0,
        8,
        1,
        3,
        0,
        7,
        0,
        7,
        0,
        8,
        0,
        1,
        2,
        8,
        1,
        6,
        0,
        3,
        0
    ],
    "makespan": 496,
    "normalized_makespan": 0.14970282317979197,
    "energy": 8380,
    "normalized_energy": 0.3362118595279217,
    "tardiness": 0,
    "normalized_tardiness": 0,
    "bestObjectiveFunction": 0.48591468270771365,
    "tiempo_por_iteracion": 1.0204153037307286
}