{
    "bestSolution": [
        2,
        2,
        4,
        0,
        4,
        0,
        3,
        1,
        3,
        2,
        0,
        2,
        1,
        1,
        4,
        0,
        1,
        2,
        3,
        1,
        4,
        2,
        4,
        2,
        1,
        1,
        2,
        1,
        2,
        2,
        0,
        0,
        1,
        2,
        2,
        0,
        0,
        0,
        3,
        1,
        2,
        0,
        3,
        1,
        0,
        2,
        1,
        0,
        0,
        2
    ],
    "makespan": 470,
    "normalized_makespan": 0.09438775510204081,
    "energy": 1629,
    "normalized_energy": 0.6947094535993061,
    "tardiness": 588,
    "normalized_tardiness": 0.17764350453172206,
    "bestObjectiveFunction": 0.966740713233069,
    "tiempo_por_iteracion": 0.4853142650648095
}