{
    "status": "OPTIMAL_SOLUTION",
    "solution": {
        "objective": 0.9007502731056765,
        "start_time": [
            [
                181,
                249,
                143,
                228,
                96
            ],
            [
                343,
                156,
                125,
                69,
                201
            ],
            [
                50,
                219,
                169,
                252,
                310
            ],
            [
                305,
                405,
                207,
                352,
                40
            ],
            [
                228,
                99,
                65,
                0,
                145
            ]
        ],
        "SpeedScaling": [
            [
                1,
                1,
                2,
                3,
                2
            ],
            [
                1,
                2,
                2,
                2,
                1
            ],
            [
                2,
                2,
                2,
                1,
                1
            ],
            [
                3,
                2,
                1,
                2,
                2
            ],
            [
                2,
                1,
                1,
                1,
                2
            ]
        ],
        "_output_item": "Objective function normalized: M-0.09311224489795933 + E-0.6088464874222186 + T-0.1987915407854985 = 0.9007502731056765 \nObjective function: M-466.0 + E-1530.0 + T-658.0 = 0.9007502731056765 \nStart Times: [181, 249, 143, 228, 96, 343, 156, 125, 69, 201, 50, 219, 169, 252, 310, 305, 405, 207, 352, 40, 228, 99, 65, 0, 145]\nSpeed Scaling; [1, 1, 2, 3, 2, 1, 2, 2, 2, 1, 2, 2, 2, 1, 1, 3, 2, 1, 2, 2, 2, 1, 1, 1, 2]\n",
        "_checker": ""
    },
    "statistics": {
        "paths": 0,
        "flatIntVars": 451,
        "flatFloatVars": 54,
        "flatIntConstraints": 576,
        "flatFloatConstraints": 54,
        "evaluatedHalfReifiedConstraints": 100,
        "method": "minimize",
        "flatTime": 123.039,
        "objective": 0.900750273108,
        "objectiveBound": 0.900750273108,
        "nodes": 8973,
        "openNodes": 1407,
        "solveTime": 11066.0,
        "time": 9160.0,
        "nSolutions": 14
    }
}