{
    "bestSolution": [
        9,
        0,
        0,
        0,
        6,
        0,
        13,
        0,
        6,
        0,
        17,
        0,
        15,
        0,
        19,
        0,
        3,
        0,
        10,
        0,
        0,
        0,
        15,
        0,
        6,
        0,
        5,
        0,
        5,
        0,
        10,
        0,
        8,
        0,
        6,
        0,
        1,
        0,
        15,
        0,
        10,
        0,
        14,
        0,
        17,
        0,
        12,
        0,
        4,
        0,
        14,
        0,
        16,
        0,
        9,
        0,
        16,
        0,
        19,
        0,
        11,
        0,
        7,
        0,
        13,
        0,
        18,
        0,
        12,
        0,
        16,
        0,
        1,
        0,
        12,
        0,
        18,
        0,
        14,
        0,
        6,
        0,
        2,
        0,
        4,
        0,
        0,
        0,
        16,
        0,
        2,
        0,
        13,
        0,
        19,
        0,
        7,
        0,
        2,
        0,
        2,
        0,
        16,
        0,
        15,
        0,
        10,
        0,
        7,
        0,
        3,
        0,
        12,
        0,
        9,
        0,
        5,
        0,
        7,
        0,
        12,
        0,
        7,
        0,
        5,
        0,
        15,
        0,
        18,
        0,
        4,
        0,
        14,
        0,
        4,
        0,
        2,
        0,
        18,
        0,
        11,
        0,
        0,
        0,
        19,
        0,
        9,
        0,
        3,
        0,
        13,
        0,
        11,
        0,
        17,
        0,
        13,
        0,
        0,
        0,
        9,
        0,
        10,
        0,
        17,
        0,
        5,
        0,
        3,
        0,
        8,
        0,
        1,
        0,
        11,
        0,
        1,
        0,
        8,
        0,
        19,
        0,
        4,
        0,
        8,
        0,
        3,
        0,
        11,
        0,
        8,
        0,
        1,
        0,
        18,
        0,
        17,
        0,
        14,
        0
    ],
    "makespan": 204,
    "normalized_makespan": 0.282,
    "energy": 9453,
    "normalized_energy": 0,
    "tardiness": 336,
    "normalized_tardiness": 0.5968028419182948,
    "bestObjectiveFunction": 0.8788028419182947,
    "tiempo_por_iteracion": 0.6031204393540306
}