{
    "bestSolution": [
        8,
        0,
        5,
        2,
        1,
        0,
        9,
        0,
        0,
        0,
        8,
        2,
        7,
        0,
        2,
        0,
        1,
        2,
        6,
        0,
        0,
        2,
        3,
        0,
        5,
        2,
        1,
        1,
        8,
        2,
        0,
        1,
        1,
        2,
        8,
        0,
        4,
        0,
        3,
        0,
        9,
        0,
        5,
        0,
        3,
        2,
        0,
        0,
        6,
        0,
        4,
        0,
        8,
        0,
        2,
        0,
        5,
        2,
        3,
        0,
        7,
        2,
        1,
        0,
        7,
        0,
        5,
        2,
        3,
        0,
        8,
        1,
        8,
        2,
        6,
        0,
        3,
        2,
        5,
        0,
        3,
        0,
        0,
        0,
        7,
        0,
        4,
        2,
        4,
        1,
        4,
        2,
        1,
        2,
        4,
        2,
        2,
        2,
        4,
        2,
        2,
        2,
        7,
        0,
        4,
        2,
        8,
        0,
        7,
        0,
        8,
        2,
        0,
        0,
        9,
        0,
        6,
        0,
        9,
        0,
        2,
        2,
        3,
        0,
        3,
        1,
        9,
        0,
        2,
        0,
        1,
        2,
        0,
        0,
        5,
        0,
        3,
        0,
        6,
        0,
        9,
        2,
        9,
        2,
        6,
        0,
        7,
        2,
        9,
        2,
        1,
        0,
        0,
        0,
        2,
        0,
        6,
        0,
        6,
        0,
        0,
        0,
        6,
        0,
        8,
        0,
        9,
        0,
        2,
        0,
        1,
        0,
        4,
        2,
        5,
        0,
        5,
        1,
        7,
        1,
        4,
        0,
        2,
        0,
        7,
        2,
        2,
        2,
        5,
        0,
        1,
        0,
        9,
        0,
        7,
        2,
        0,
        1,
        6,
        0
    ],
    "makespan": 1994,
    "normalized_makespan": 0.11885762284754305,
    "energy": 4735,
    "normalized_energy": 0.39855072463768115,
    "tardiness": 0,
    "normalized_tardiness": 0,
    "bestObjectiveFunction": 0.5174083474852242,
    "tiempo_por_iteracion": 2.8297882318496703
}