{
    "bestSolution": [
        5,
        0,
        4,
        1,
        9,
        0,
        9,
        0,
        3,
        0,
        3,
        0,
        2,
        0,
        6,
        0,
        7,
        0,
        4,
        0,
        9,
        2,
        5,
        2,
        1,
        0,
        7,
        0,
        4,
        2,
        0,
        0,
        8,
        1,
        0,
        1,
        9,
        0,
        3,
        0,
        8,
        0,
        1,
        2,
        8,
        2,
        0,
        0,
        6,
        0,
        7,
        0,
        6,
        0,
        9,
        0,
        4,
        0,
        1,
        0,
        5,
        0,
        3,
        0,
        2,
        0,
        7,
        0,
        2,
        0,
        1,
        0,
        4,
        1,
        6,
        0,
        2,
        0,
        3,
        0,
        1,
        1,
        3,
        0,
        7,
        2,
        3,
        2,
        8,
        0,
        5,
        1,
        7,
        0,
        8,
        2,
        3,
        2,
        8,
        2,
        4,
        0,
        6,
        0,
        1,
        0,
        1,
        0,
        0,
        1,
        7,
        0,
        2,
        0,
        1,
        0,
        8,
        0,
        5,
        0,
        5,
        1,
        6,
        0,
        6,
        2,
        9,
        1,
        6,
        0,
        0,
        0,
        7,
        0,
        7,
        0,
        3,
        0,
        8,
        0,
        6,
        0,
        0,
        2,
        4,
        0,
        5,
        0,
        8,
        1,
        1,
        0,
        5,
        0,
        6,
        2,
        3,
        0,
        4,
        0,
        2,
        0,
        9,
        0,
        8,
        0,
        9,
        2,
        7,
        2,
        5,
        1,
        4,
        0,
        2,
        2,
        2,
        0,
        0,
        0,
        2,
        0,
        9,
        0,
        2,
        0,
        0,
        0,
        5,
        0,
        1,
        0,
        4,
        0,
        0,
        0,
        0,
        0,
        9,
        1
    ],
    "makespan": 2872,
    "normalized_makespan": 0.18031639367212657,
    "energy": 4031,
    "normalized_energy": 0.25684380032206117,
    "tardiness": 0,
    "normalized_tardiness": 0,
    "bestObjectiveFunction": 0.4371601939941877,
    "tiempo_por_iteracion": 0.9075367296895673
}