{
    "bestSolution": [
        5,
        0,
        9,
        0,
        2,
        0,
        9,
        0,
        5,
        0,
        0,
        0,
        5,
        0,
        2,
        0,
        0,
        0,
        1,
        0,
        3,
        0,
        7,
        0,
        7,
        0,
        3,
        0,
        8,
        0,
        8,
        0,
        8,
        0,
        7,
        0,
        3,
        0,
        1,
        0,
        3,
        0,
        7,
        0,
        9,
        0,
        5,
        0,
        7,
        0,
        0,
        0,
        5,
        0,
        3,
        0,
        6,
        0,
        6,
        0,
        6,
        0,
        0,
        0,
        8,
        0,
        2,
        0,
        3,
        0,
        6,
        0,
        1,
        0,
        8,
        0,
        5,
        0,
        5,
        0,
        6,
        0,
        4,
        0,
        4,
        0,
        0,
        0,
        4,
        0,
        4,
        0,
        0,
        0,
        1,
        0,
        5,
        0,
        9,
        0,
        3,
        0,
        7,
        0,
        4,
        0,
        9,
        0,
        4,
        0,
        6,
        0,
        8,
        0,
        6,
        0,
        6,
        0,
        0,
        0,
        5,
        0,
        4,
        0,
        2,
        0,
        1,
        0,
        3,
        0,
        2,
        0,
        0,
        0,
        6,
        0,
        9,
        0,
        8,
        0,
        8,
        0,
        7,
        0,
        1,
        0,
        2,
        0,
        3,
        0,
        1,
        0,
        6,
        0,
        9,
        0,
        2,
        0,
        4,
        0,
        0,
        0,
        9,
        0,
        2,
        0,
        2,
        0,
        4,
        0,
        5,
        0,
        3,
        0,
        2,
        0,
        8,
        0,
        0,
        0,
        1,
        0,
        7,
        0,
        7,
        0,
        1,
        0,
        1,
        0,
        7,
        0,
        8,
        0,
        4,
        0,
        9,
        0,
        9,
        0
    ],
    "makespan": 173,
    "normalized_makespan": 0.15083798882681565,
    "energy": 9387,
    "normalized_energy": 0,
    "tardiness": 179,
    "normalized_tardiness": 0.2845786963434022,
    "bestObjectiveFunction": 0.43541668517021787,
    "tiempo_por_iteracion": 0.6610533745058121
}