{
    "bestSolution": [
        5,
        3,
        1,
        1,
        8,
        2,
        9,
        2,
        5,
        2,
        8,
        3,
        0,
        2,
        1,
        4,
        9,
        3,
        2,
        1,
        4,
        0,
        3,
        0,
        7,
        0,
        0,
        1,
        6,
        2,
        5,
        4,
        3,
        0,
        7,
        2,
        5,
        3,
        9,
        4,
        7,
        3,
        0,
        2,
        6,
        1,
        2,
        4,
        1,
        0,
        4,
        4,
        2,
        4,
        3,
        2,
        6,
        1,
        8,
        4,
        7,
        1,
        4,
        0,
        2,
        4,
        3,
        1,
        8,
        2,
        0,
        1,
        4,
        4,
        6,
        1,
        2,
        4,
        1,
        2,
        0,
        3,
        8,
        2,
        8,
        4,
        1,
        2,
        6,
        3,
        4,
        3,
        5,
        1,
        3,
        0,
        0,
        3,
        7,
        2,
        8,
        0,
        4,
        1,
        9,
        0,
        7,
        1,
        6,
        0,
        1,
        0,
        6,
        4,
        5,
        3,
        8,
        3,
        6,
        2,
        9,
        1,
        7,
        1,
        4,
        4,
        5,
        3,
        9,
        4,
        6,
        4,
        0,
        2,
        1,
        1,
        2,
        3,
        3,
        1,
        5,
        1,
        2,
        4,
        0,
        0,
        9,
        2,
        9,
        3,
        7,
        1,
        1,
        1,
        6,
        0,
        2,
        0,
        4,
        0,
        8,
        3,
        7,
        0,
        9,
        1,
        7,
        1,
        9,
        2,
        3,
        1,
        5,
        2,
        8,
        0,
        1,
        4,
        0,
        1,
        5,
        0,
        3,
        2,
        0,
        1,
        1,
        2,
        3,
        2,
        2,
        0,
        4,
        3,
        4,
        1,
        2,
        1,
        3,
        0
    ],
    "makespan": 927,
    "normalized_makespan": 0.041341168337366056,
    "energy": 6186,
    "normalized_energy": 0.693935119887165,
    "tardiness": 499,
    "normalized_tardiness": 0.03372989049614709,
    "bestObjectiveFunction": 0.7690061787206781,
    "tiempo_por_iteracion": 1.3902447534644085
}