{
    "bestSolution": [
        1,
        2,
        8,
        0,
        9,
        0,
        2,
        0,
        7,
        0,
        6,
        0,
        2,
        0,
        5,
        0,
        0,
        2,
        9,
        1,
        4,
        0,
        7,
        0,
        3,
        0,
        6,
        0,
        7,
        0,
        1,
        0,
        4,
        2,
        2,
        0,
        5,
        0,
        6,
        0,
        9,
        0,
        0,
        0,
        9,
        2,
        5,
        0,
        1,
        0,
        5,
        1,
        3,
        0,
        6,
        0,
        0,
        2,
        8,
        0,
        4,
        0,
        7,
        0,
        0,
        0,
        5,
        0,
        1,
        0,
        6,
        0,
        8,
        0,
        4,
        1,
        3,
        0,
        3,
        0,
        9,
        1,
        2,
        0,
        8,
        1,
        0,
        2,
        1,
        0,
        4,
        0,
        7,
        0,
        8,
        0,
        2,
        0,
        3,
        0
    ],
    "makespan": 373,
    "normalized_makespan": 0.23076923076923078,
    "energy": 3900,
    "normalized_energy": 0.08798283261802575,
    "tardiness": 0,
    "normalized_tardiness": 0,
    "bestObjectiveFunction": 0.31875206338725653,
    "tiempo_por_iteracion": 0.512825780444675
}