{
    "status": "OPTIMAL_SOLUTION",
    "solution": {
        "objective": 0.2719538134305682,
        "start_time": [
            [
                142,
                796,
                115,
                0,
                286
            ],
            [
                459,
                666,
                823,
                205,
                737
            ],
            [
                251,
                224,
                0,
                459,
                801
            ],
            [
                666,
                351,
                142,
                793,
                597
            ],
            [
                416,
                0,
                351,
                495,
                165
            ]
        ],
        "SpeedScaling": [
            [
                1,
                1,
                1,
                1,
                1
            ],
            [
                1,
                1,
                1,
                1,
                1
            ],
            [
                1,
                1,
                1,
                1,
                1
            ],
            [
                1,
                1,
                1,
                1,
                1
            ],
            [
                1,
                1,
                1,
                1,
                1
            ]
        ],
        "_output_item": "Objective function: 0.2719538134305682 + -4.85722573273506e-17 = 0.2719538134305682 \nObjective function : M-1049.0 + E-821.0 = 0.2719538134305682 \nStart Times: [142, 796, 115, 0, 286, 459, 666, 823, 205, 737, 251, 224, 0, 459, 801, 666, 351, 142, 793, 597, 416, 0, 351, 495, 165]\nSpeed Scaling; [1, 1, 1, 1, 1, 1, 1, 1, 1, 1, 1, 1, 1, 1, 1, 1, 1, 1, 1, 1, 1, 1, 1, 1, 1]\n",
        "_checker": ""
    },
    "statistics": {
        "paths": 0,
        "flatIntVars": 351,
        "flatFloatVars": 29,
        "flatIntConstraints": 351,
        "flatFloatConstraints": 29,
        "evaluatedHalfReifiedConstraints": 100,
        "method": "minimize",
        "flatTime": 92.47500000000001,
        "objective": 0.271953813431,
        "objectiveBound": 0.271953813431,
        "nodes": 502,
        "solveTime": 301.8,
        "time": 260.0,
        "openNodes": 41,
        "nSolutions": 14
    }
}