{
    "bestSolution": [
        3,
        0,
        3,
        0,
        3,
        0,
        1,
        0,
        0,
        0,
        2,
        0,
        4,
        0,
        4,
        0,
        4,
        0,
        1,
        0,
        1,
        0,
        1,
        0,
        0,
        0,
        4,
        0,
        2,
        0,
        0,
        0,
        3,
        0,
        1,
        0,
        2,
        0,
        2,
        0,
        2,
        0,
        4,
        0,
        0,
        0,
        3,
        0,
        0,
        0
    ],
    "makespan": 56,
    "normalized_makespan": 0.11458333333333333,
    "energy": 2363,
    "normalized_energy": 0,
    "tardiness": 0,
    "normalized_tardiness": 0,
    "bestObjectiveFunction": 0.11458333333333333,
    "tiempo_por_iteracion": 1.1901719570159912
}