{
    "bestSolution": [
        1,
        0,
        1,
        0,
        1,
        0,
        1,
        0,
        1,
        0,
        3,
        0,
        4,
        0,
        3,
        0,
        0,
        0,
        0,
        0,
        0,
        0,
        1,
        0,
        1,
        0,
        2,
        0,
        0,
        0,
        3,
        0,
        1,
        0,
        1,
        0,
        2,
        0,
        2,
        0,
        2,
        0,
        0,
        0,
        2,
        0,
        3,
        0,
        3,
        0,
        4,
        0,
        4,
        0,
        2,
        0,
        2,
        0,
        0,
        0,
        3,
        0,
        3,
        0,
        3,
        0,
        2,
        0,
        3,
        0,
        4,
        0,
        1,
        0,
        4,
        0,
        4,
        0,
        4,
        0,
        2,
        0,
        2,
        0,
        4,
        0,
        3,
        0,
        0,
        0,
        4,
        0,
        0,
        0,
        0,
        0,
        0,
        0,
        4,
        0
    ],
    "makespan": 222,
    "normalized_makespan": 0.7091836734693877,
    "energy": 4730,
    "normalized_energy": 0,
    "tardiness": 59,
    "normalized_tardiness": 0.2114695340501792,
    "bestObjectiveFunction": 0.9206532075195669,
    "tiempo_por_iteracion": 1.7487451989075233
}