{
    "bestSolution": [
        3,
        0,
        0,
        0,
        2,
        0,
        1,
        0,
        0,
        0,
        4,
        0,
        4,
        0,
        1,
        0,
        4,
        4,
        3,
        0,
        2,
        0,
        2,
        2,
        1,
        3,
        1,
        0,
        3,
        0,
        2,
        0,
        2,
        3,
        1,
        0,
        0,
        0,
        4,
        0,
        4,
        1,
        0,
        0,
        3,
        4,
        0,
        0,
        3,
        0,
        2,
        0,
        3,
        4,
        2,
        4,
        3,
        4,
        2,
        4,
        4,
        0,
        1,
        0,
        3,
        4,
        4,
        0,
        2,
        0,
        1,
        0,
        0,
        0,
        1,
        2,
        0,
        2,
        3,
        0,
        4,
        4,
        0,
        4,
        0,
        0,
        4,
        0,
        0,
        0,
        1,
        0,
        2,
        0,
        1,
        0,
        3,
        0,
        4,
        0
    ],
    "makespan": 1394,
    "normalized_makespan": 0.16349977905435262,
    "energy": 2079,
    "normalized_energy": 0.2712273641851107,
    "tardiness": 0,
    "normalized_tardiness": 0,
    "bestObjectiveFunction": 0.43472714323946327,
    "tiempo_por_iteracion": 1.539563623341647
}