{
    "bestSolution": [
        3,
        0,
        2,
        2,
        0,
        2,
        0,
        0,
        2,
        2,
        1,
        0,
        4,
        0,
        1,
        1,
        0,
        0,
        4,
        0,
        3,
        0,
        2,
        0,
        3,
        0,
        0,
        3,
        1,
        0,
        2,
        0,
        0,
        2,
        3,
        1,
        4,
        3,
        0,
        0,
        3,
        2,
        2,
        0,
        4,
        2,
        4,
        0,
        2,
        2,
        2,
        0,
        2,
        0,
        1,
        1,
        1,
        1,
        0,
        0,
        1,
        0,
        3,
        1,
        4,
        1,
        2,
        0,
        4,
        2,
        0,
        0,
        0,
        0,
        4,
        2,
        1,
        0,
        3,
        0,
        3,
        0,
        3,
        0,
        4,
        0,
        1,
        1,
        3,
        0,
        4,
        0,
        0,
        0,
        1,
        0,
        1,
        3,
        2,
        1
    ],
    "makespan": 1343,
    "normalized_makespan": 0.15598762704374725,
    "energy": 2212,
    "normalized_energy": 0.32474849094567404,
    "tardiness": 0,
    "normalized_tardiness": 0,
    "bestObjectiveFunction": 0.4807361179894213,
    "tiempo_por_iteracion": 0.5671065879267687
}