{
    "bestSolution": [
        3,
        0,
        4,
        0,
        1,
        0,
        1,
        0,
        0,
        0,
        2,
        0,
        4,
        0,
        0,
        0,
        1,
        0,
        2,
        0,
        0,
        0,
        4,
        0,
        4,
        0,
        3,
        0,
        3,
        0,
        0,
        0,
        1,
        0,
        2,
        0,
        3,
        0,
        2,
        0,
        4,
        0,
        2,
        0,
        0,
        0,
        1,
        0,
        3,
        0
    ],
    "makespan": 476,
    "normalized_makespan": 0.30674002751031637,
    "energy": 1692,
    "normalized_energy": 0,
    "tardiness": 0,
    "normalized_tardiness": 0.0,
    "bestObjectiveFunction": 0.30674002751031637,
    "tiempo_por_iteracion": 0.18283511895666105
}