{
    "status": "OPTIMAL_SOLUTION",
    "solution": {
        "objective": 0.3067400275103164,
        "start_time": [
            [
                147,
                317,
                0,
                353,
                201
            ],
            [
                219,
                129,
                59,
                314,
                381
            ],
            [
                259,
                423,
                207,
                98,
                328
            ],
            [
                250,
                203,
                268,
                50,
                424
            ],
            [
                75,
                62,
                320,
                154,
                242
            ]
        ],
        "SpeedScaling": [
            [
                1,
                1,
                1,
                1,
                1
            ],
            [
                1,
                1,
                1,
                1,
                1
            ],
            [
                1,
                1,
                1,
                1,
                1
            ],
            [
                1,
                1,
                1,
                1,
                1
            ],
            [
                1,
                1,
                1,
                1,
                1
            ]
        ],
        "_output_item": "Objective function normalized: M-0.3067400275103164 + E-0.0 + T-0.0 = 0.3067400275103164 \nObjective function: M-476.0 + E-1692.0 + T-0.0 = 0.3067400275103164 \nStart Times: [147, 317, 0, 353, 201, 219, 129, 59, 314, 381, 259, 423, 207, 98, 328, 250, 203, 268, 50, 424, 75, 62, 320, 154, 242]\nSpeed Scaling; [1, 1, 1, 1, 1, 1, 1, 1, 1, 1, 1, 1, 1, 1, 1, 1, 1, 1, 1, 1, 1, 1, 1, 1, 1]\n",
        "_checker": ""
    },
    "statistics": {
        "paths": 0,
        "flatIntVars": 301,
        "flatFloatVars": 28,
        "flatIntConstraints": 451,
        "flatFloatConstraints": 28,
        "evaluatedHalfReifiedConstraints": 100,
        "method": "minimize",
        "flatTime": 91.436,
        "objective": 0.30674002751,
        "objectiveBound": 0.30674002751,
        "nodes": 0,
        "openNodes": 1,
        "solveTime": 17.0,
        "time": 118.0,
        "nSolutions": 2
    }
}