{
    "bestSolution": [
        2,
        1,
        3,
        2,
        3,
        2,
        0,
        2,
        2,
        0,
        3,
        2,
        4,
        2,
        2,
        1,
        2,
        2,
        2,
        2,
        0,
        2,
        1,
        1,
        4,
        2,
        2,
        1,
        1,
        1,
        0,
        1,
        1,
        2,
        3,
        1,
        4,
        2,
        4,
        1,
        4,
        1,
        2,
        2,
        1,
        1,
        0,
        0,
        4,
        1,
        3,
        2,
        0,
        2,
        0,
        2,
        4,
        1,
        3,
        2,
        2,
        1,
        0,
        1,
        2,
        2,
        1,
        2,
        3,
        1,
        1,
        2,
        0,
        1,
        4,
        1,
        2,
        1,
        4,
        2,
        1,
        0,
        1,
        2,
        2,
        2,
        3,
        0,
        3,
        1,
        4,
        2,
        0,
        0,
        1,
        2,
        0,
        2,
        4,
        2,
        1,
        2,
        3,
        1,
        4,
        2,
        4,
        1,
        4,
        1,
        3,
        2,
        0,
        0,
        3,
        0,
        1,
        2,
        4,
        2,
        1,
        2,
        3,
        2,
        3,
        2,
        4,
        1,
        2,
        1,
        3,
        1,
        0,
        2,
        3,
        2,
        2,
        0,
        4,
        2,
        0,
        2,
        1,
        2,
        4,
        2,
        4,
        1,
        2,
        2,
        3,
        1,
        2,
        1,
        2,
        2,
        1,
        1,
        1,
        2,
        3,
        2,
        0,
        1,
        4,
        1,
        3,
        1,
        3,
        1,
        1,
        2,
        2,
        2,
        2,
        1,
        0,
        0,
        1,
        1,
        1,
        1,
        0,
        2,
        2,
        1,
        0,
        0,
        0,
        1,
        2,
        2,
        1,
        2,
        1,
        1,
        0,
        2,
        0,
        1
    ],
    "makespan": 1422,
    "normalized_makespan": 0.07396473310460384,
    "energy": 7224,
    "normalized_energy": 0.8566198901769372,
    "tardiness": 934,
    "normalized_tardiness": 0.07169174086582746,
    "bestObjectiveFunction": 1.0022763641473684,
    "tiempo_por_iteracion": 3.284996473789215
}