{
    "bestSolution": [
        0,
        4,
        1,
        2,
        1,
        3,
        3,
        2,
        1,
        2,
        3,
        0,
        4,
        2,
        1,
        3,
        3,
        4,
        1,
        2,
        0,
        3,
        2,
        3,
        4,
        0,
        4,
        1,
        3,
        1,
        3,
        2,
        0,
        4,
        2,
        2,
        3,
        2,
        2,
        1,
        4,
        1,
        1,
        0,
        0,
        1,
        2,
        4,
        2,
        4,
        2,
        2,
        0,
        0,
        3,
        1,
        0,
        1,
        1,
        2,
        1,
        1,
        1,
        2,
        0,
        1,
        1,
        1,
        3,
        4,
        4,
        3,
        4,
        2,
        2,
        1,
        4,
        0,
        2,
        2,
        0,
        3,
        0,
        4,
        3,
        0,
        0,
        1,
        2,
        1,
        4,
        1,
        1,
        0,
        3,
        4,
        2,
        0,
        1,
        0,
        0,
        0,
        3,
        1,
        4,
        4,
        2,
        2,
        3,
        0,
        3,
        0,
        4,
        3,
        2,
        2,
        1,
        1,
        4,
        1,
        4,
        3,
        3,
        1,
        2,
        0,
        4,
        2,
        4,
        1,
        3,
        0,
        1,
        0,
        2,
        0,
        1,
        0,
        2,
        3,
        3,
        0,
        1,
        1,
        4,
        3,
        0,
        0,
        0,
        2,
        0,
        0,
        2,
        4,
        1,
        2,
        4,
        1,
        3,
        4,
        3,
        3,
        2,
        3,
        4,
        0,
        2,
        0,
        0,
        1,
        1,
        1,
        0,
        1,
        1,
        2,
        0,
        1,
        0,
        3,
        4,
        0,
        0,
        0,
        4,
        0,
        1,
        2,
        2,
        4,
        3,
        1,
        0,
        0,
        3,
        1,
        4,
        2,
        2,
        4
    ],
    "makespan": 1540,
    "normalized_makespan": 0.0699873006914068,
    "energy": 5849,
    "normalized_energy": 0.6272509003601441,
    "tardiness": 40,
    "normalized_tardiness": 0.0027170221437304715,
    "bestObjectiveFunction": 0.6999552231952814,
    "tiempo_por_iteracion": 1.159796313901918
}