{
    "bestSolution": [
        2,
        1,
        8,
        0,
        1,
        1,
        5,
        0,
        9,
        2,
        1,
        0,
        5,
        1,
        9,
        0,
        1,
        2,
        0,
        0,
        7,
        0,
        6,
        1,
        9,
        1,
        7,
        1,
        4,
        0,
        6,
        0,
        3,
        0,
        1,
        1,
        5,
        0,
        2,
        2,
        6,
        1,
        7,
        0,
        7,
        1,
        9,
        0,
        4,
        0,
        0,
        0,
        2,
        0,
        3,
        2,
        8,
        0,
        1,
        1,
        7,
        1,
        6,
        2,
        0,
        0,
        3,
        1,
        2,
        2,
        2,
        1,
        4,
        0,
        9,
        0,
        2,
        2,
        7,
        1,
        5,
        0,
        8,
        2,
        3,
        0,
        6,
        0,
        2,
        1,
        0,
        0,
        5,
        2,
        6,
        0,
        4,
        1,
        8,
        0,
        6,
        0,
        7,
        0,
        7,
        0,
        9,
        0,
        4,
        0,
        5,
        2,
        7,
        2,
        2,
        1,
        0,
        1,
        5,
        0,
        4,
        1,
        0,
        0,
        1,
        0,
        2,
        0,
        4,
        0,
        6,
        0,
        4,
        0,
        9,
        0,
        3,
        0,
        8,
        0,
        5,
        0,
        5,
        0,
        1,
        1,
        9,
        0,
        0,
        0,
        8,
        0,
        3,
        2,
        4,
        0,
        6,
        2,
        1,
        1,
        1,
        0,
        3,
        0,
        8,
        2,
        3,
        0,
        0,
        2,
        1,
        0,
        8,
        1,
        5,
        0,
        9,
        0,
        9,
        0,
        8,
        0,
        8,
        0,
        2,
        0,
        0,
        0,
        0,
        1,
        4,
        1,
        6,
        0,
        3,
        0,
        7,
        0,
        3,
        2
    ],
    "makespan": 467,
    "normalized_makespan": 0.15502686108979277,
    "energy": 8246,
    "normalized_energy": 0.22288795686039545,
    "tardiness": 0,
    "normalized_tardiness": 0,
    "bestObjectiveFunction": 0.3779148179501882,
    "tiempo_por_iteracion": 0.7325477111033905
}