{
    "bestSolution": [
        3,
        2,
        1,
        1,
        0,
        2,
        9,
        1,
        8,
        2,
        7,
        2,
        2,
        1,
        4,
        0,
        3,
        2,
        2,
        2,
        2,
        1,
        9,
        2,
        6,
        2,
        0,
        0,
        3,
        2,
        1,
        1,
        6,
        1,
        1,
        2,
        9,
        1,
        0,
        2,
        4,
        2,
        8,
        2,
        1,
        0,
        8,
        0,
        2,
        0,
        4,
        2,
        6,
        2,
        2,
        2,
        4,
        1,
        5,
        2,
        3,
        2,
        6,
        1,
        3,
        0,
        7,
        2,
        3,
        2,
        9,
        0,
        7,
        2,
        2,
        2,
        5,
        1,
        0,
        1,
        5,
        0,
        4,
        1,
        6,
        1,
        0,
        2,
        5,
        2,
        6,
        1,
        7,
        1,
        8,
        2,
        2,
        1,
        1,
        2,
        5,
        1,
        9,
        1,
        6,
        1,
        4,
        1,
        8,
        2,
        4,
        2,
        1,
        2,
        0,
        2,
        6,
        1,
        3,
        2,
        4,
        2,
        5,
        2,
        0,
        1,
        7,
        2,
        8,
        2,
        5,
        2,
        9,
        1,
        1,
        1,
        7,
        2,
        4,
        1,
        8,
        2,
        7,
        2,
        1,
        2,
        9,
        0,
        8,
        2,
        8,
        2,
        9,
        2,
        7,
        2,
        5,
        1,
        0,
        2,
        0,
        0,
        4,
        0,
        6,
        2,
        3,
        2,
        1,
        2,
        9,
        1,
        5,
        1,
        7,
        1,
        7,
        2,
        2,
        1,
        5,
        1,
        3,
        1,
        6,
        1,
        2,
        2,
        2,
        0,
        9,
        1,
        0,
        1,
        1,
        2,
        8,
        1,
        3,
        2
    ],
    "makespan": 721,
    "normalized_makespan": 0.03479421928997801,
    "energy": 7161,
    "normalized_energy": 0.8406153846153847,
    "tardiness": 553,
    "normalized_tardiness": 0.04250576479631053,
    "bestObjectiveFunction": 0.9179153687016732,
    "tiempo_por_iteracion": 2.870299540067974
}