{
    "bestSolution": [
        2,
        1,
        0,
        1,
        4,
        4,
        1,
        3,
        0,
        4,
        1,
        0,
        1,
        3,
        2,
        2,
        0,
        4,
        4,
        3,
        4,
        2,
        3,
        2,
        2,
        4,
        1,
        0,
        1,
        4,
        2,
        3,
        1,
        0,
        2,
        1,
        1,
        2,
        3,
        0,
        2,
        1,
        3,
        2,
        4,
        1,
        0,
        1,
        1,
        0,
        4,
        0,
        1,
        2,
        3,
        3,
        0,
        0,
        4,
        1,
        0,
        3,
        4,
        0,
        3,
        3,
        2,
        0,
        3,
        4,
        1,
        2,
        4,
        4,
        3,
        1,
        0,
        2,
        0,
        3,
        2,
        3,
        4,
        1,
        0,
        1,
        2,
        0,
        0,
        1,
        3,
        0,
        3,
        1,
        2,
        1,
        4,
        2,
        3,
        2
    ],
    "makespan": 745,
    "normalized_makespan": 0.06745049504950495,
    "energy": 3127,
    "normalized_energy": 0.6606844741235393,
    "tardiness": 91,
    "normalized_tardiness": 0.013435700575815739,
    "bestObjectiveFunction": 0.74157066974886,
    "tiempo_por_iteracion": 1.280783748626709
}