{
    "bestSolution": [
        1,
        0,
        4,
        0,
        2,
        0,
        4,
        0,
        2,
        0,
        0,
        0,
        2,
        0,
        2,
        0,
        3,
        0,
        4,
        0,
        0,
        0,
        4,
        0,
        0,
        0,
        4,
        0,
        3,
        0,
        1,
        0,
        0,
        0,
        1,
        0,
        3,
        0,
        3,
        0,
        0,
        0,
        1,
        0,
        1,
        0,
        2,
        0,
        3,
        0
    ],
    "makespan": 377,
    "normalized_makespan": 0.2645161290322581,
    "energy": 1813,
    "normalized_energy": 0,
    "tardiness": 5,
    "normalized_tardiness": 0.006002400960384154,
    "bestObjectiveFunction": 0.27051852999264225,
    "tiempo_por_iteracion": 0.856828891313993
}