{
    "bestSolution": [
        4,
        0,
        3,
        0,
        2,
        0,
        3,
        0,
        0,
        0,
        2,
        0,
        0,
        0,
        1,
        0,
        3,
        0,
        1,
        0,
        1,
        0,
        4,
        0,
        3,
        0,
        0,
        0,
        4,
        0,
        2,
        0,
        1,
        0,
        0,
        0,
        0,
        0,
        2,
        0,
        4,
        0,
        4,
        0,
        1,
        0,
        3,
        0,
        2,
        0
    ],
    "makespan": 284,
    "normalized_makespan": 0.13432835820895522,
    "energy": 1769,
    "normalized_energy": 0,
    "tardiness": 0,
    "normalized_tardiness": 0,
    "bestObjectiveFunction": 0.13432835820895522,
    "tiempo_por_iteracion": 0.18772573471069337
}