{
    "bestSolution": [
        3,
        0,
        3,
        0,
        1,
        0,
        3,
        0,
        4,
        0,
        1,
        0,
        4,
        0,
        3,
        0,
        4,
        0,
        2,
        0,
        1,
        0,
        3,
        0,
        2,
        0,
        0,
        0,
        4,
        0,
        3,
        0,
        1,
        0,
        2,
        0,
        2,
        0,
        3,
        0,
        1,
        0,
        0,
        0,
        4,
        0,
        0,
        0,
        2,
        0,
        2,
        0,
        3,
        0,
        4,
        0,
        0,
        0,
        1,
        0,
        2,
        0,
        1,
        0,
        2,
        0,
        3,
        0,
        4,
        0,
        0,
        0,
        1,
        0,
        0,
        0,
        3,
        0,
        1,
        0,
        0,
        0,
        0,
        0,
        4,
        0,
        2,
        0,
        4,
        0,
        4,
        0,
        2,
        0,
        0,
        0,
        1,
        0,
        0,
        0
    ],
    "makespan": 122,
    "normalized_makespan": 0.1908713692946058,
    "energy": 4696,
    "normalized_energy": 0,
    "tardiness": 19,
    "normalized_tardiness": 0.05993690851735016,
    "bestObjectiveFunction": 0.25080827781195597,
    "tiempo_por_iteracion": 1.1776498193326204
}