{
    "bestSolution": [
        11,
        0,
        10,
        3,
        8,
        3,
        7,
        0,
        0,
        2,
        18,
        0,
        16,
        1,
        13,
        0,
        8,
        1,
        19,
        0,
        10,
        0,
        2,
        3,
        5,
        0,
        7,
        4,
        9,
        4,
        0,
        0,
        14,
        0,
        6,
        0,
        2,
        0,
        18,
        3,
        18,
        0,
        16,
        4,
        17,
        0,
        16,
        0,
        19,
        0,
        3,
        0,
        14,
        0,
        16,
        0,
        3,
        0,
        12,
        0,
        12,
        2,
        19,
        3,
        6,
        0,
        17,
        0,
        0,
        0,
        19,
        0,
        2,
        3,
        10,
        0,
        11,
        0,
        2,
        0,
        15,
        0,
        0,
        0,
        13,
        0,
        6,
        0,
        15,
        1,
        3,
        2,
        7,
        0,
        4,
        3,
        19,
        3,
        12,
        1,
        0,
        3,
        1,
        1,
        5,
        0,
        15,
        0,
        12,
        1,
        9,
        0,
        18,
        4,
        1,
        0,
        7,
        0,
        17,
        1,
        8,
        0,
        3,
        0,
        15,
        0,
        1,
        0,
        13,
        1,
        11,
        4,
        11,
        0,
        5,
        0,
        17,
        2,
        10,
        1,
        14,
        0,
        9,
        0,
        1,
        0,
        4,
        0,
        9,
        0,
        14,
        0,
        12,
        0,
        2,
        0,
        6,
        0,
        5,
        1,
        9,
        0,
        4,
        0,
        18,
        0,
        5,
        2,
        11,
        4,
        8,
        0,
        6,
        0,
        16,
        0,
        3,
        0,
        4,
        0,
        14,
        3,
        1,
        1,
        15,
        2,
        8,
        3,
        13,
        0,
        13,
        0,
        4,
        0,
        10,
        2,
        17,
        0,
        7,
        1
    ],
    "makespan": 2513,
    "normalized_makespan": 0.1641539863964659,
    "energy": 4295,
    "normalized_energy": 0.297708375583046,
    "tardiness": 0,
    "normalized_tardiness": 0,
    "bestObjectiveFunction": 0.4618623619795119,
    "tiempo_por_iteracion": 0.8845481407844414
}