{
    "bestSolution": [
        4,
        0,
        0,
        1,
        1,
        0,
        3,
        0,
        0,
        1,
        4,
        0,
        3,
        1,
        2,
        0,
        2,
        0,
        1,
        0,
        3,
        1,
        3,
        1,
        4,
        0,
        3,
        0,
        1,
        0,
        0,
        0,
        2,
        1,
        2,
        1,
        3,
        0,
        2,
        0,
        1,
        2,
        0,
        0,
        1,
        2,
        2,
        0,
        4,
        0,
        3,
        0,
        1,
        0,
        4,
        0,
        2,
        2,
        4,
        0,
        3,
        0,
        0,
        0,
        3,
        0,
        2,
        0,
        1,
        0,
        0,
        0,
        1,
        1,
        1,
        0,
        3,
        0,
        2,
        0,
        4,
        0,
        4,
        1,
        0,
        2,
        1,
        0,
        4,
        0,
        0,
        0,
        2,
        0,
        0,
        0,
        4,
        0,
        0,
        0
    ],
    "makespan": 1409,
    "normalized_makespan": 0.19173553719008266,
    "energy": 2135,
    "normalized_energy": 0.21722689075630253,
    "tardiness": 0,
    "normalized_tardiness": 0,
    "bestObjectiveFunction": 0.40896242794638515,
    "tiempo_por_iteracion": 0.4499115674726425
}