{
    "bestSolution": [
        0,
        0,
        1,
        0,
        3,
        0,
        4,
        0,
        9,
        0,
        7,
        0,
        3,
        0,
        9,
        0,
        7,
        0,
        1,
        0,
        2,
        0,
        8,
        0,
        9,
        0,
        8,
        0,
        4,
        0,
        0,
        0,
        7,
        0,
        6,
        0,
        3,
        0,
        3,
        0,
        5,
        0,
        7,
        0,
        2,
        0,
        8,
        0,
        6,
        0,
        0,
        0,
        9,
        0,
        5,
        0,
        3,
        0,
        8,
        0,
        6,
        0,
        1,
        0,
        0,
        0,
        5,
        0,
        7,
        0,
        9,
        0,
        4,
        0,
        1,
        0,
        1,
        0,
        6,
        0,
        2,
        0,
        2,
        0,
        5,
        0,
        4,
        0,
        0,
        0,
        5,
        0,
        6,
        0,
        8,
        0,
        2,
        0,
        4,
        0
    ],
    "makespan": 404,
    "normalized_makespan": 0.10764662212323682,
    "energy": 3635,
    "normalized_energy": 0,
    "tardiness": 0,
    "normalized_tardiness": 0,
    "bestObjectiveFunction": 0.10764662212323682,
    "tiempo_por_iteracion": 0.19453891118367514
}