{
    "bestSolution": [
        0,
        4,
        0,
        4,
        3,
        0,
        2,
        0,
        4,
        4,
        4,
        0,
        1,
        0,
        0,
        4,
        3,
        4,
        3,
        0,
        3,
        0,
        2,
        4,
        4,
        0,
        0,
        4,
        2,
        0,
        1,
        0,
        4,
        0,
        0,
        0,
        2,
        4,
        2,
        0,
        0,
        0,
        1,
        0,
        2,
        4,
        3,
        2,
        0,
        0,
        4,
        4,
        2,
        0,
        4,
        0,
        4,
        4,
        2,
        2,
        0,
        3,
        2,
        0,
        3,
        0,
        3,
        4,
        3,
        4,
        1,
        4,
        1,
        1,
        4,
        0,
        4,
        4,
        4,
        0,
        0,
        4,
        4,
        0,
        0,
        2,
        2,
        4,
        1,
        0,
        1,
        3,
        1,
        4,
        1,
        0,
        4,
        2,
        3,
        0,
        0,
        0,
        1,
        4,
        1,
        4,
        2,
        0,
        0,
        0,
        1,
        0,
        4,
        4,
        3,
        0,
        3,
        4,
        4,
        0,
        3,
        4,
        4,
        0,
        2,
        2,
        0,
        0,
        1,
        0,
        0,
        4,
        3,
        4,
        3,
        0,
        1,
        0,
        1,
        1,
        3,
        0,
        1,
        2,
        2,
        3,
        0,
        4,
        0,
        1,
        1,
        1,
        3,
        4,
        0,
        0,
        3,
        0,
        4,
        4,
        2,
        4,
        2,
        4,
        4,
        0,
        0,
        0,
        4,
        0,
        0,
        4,
        2,
        2,
        2,
        0,
        2,
        4,
        4,
        0,
        1,
        0,
        3,
        0,
        2,
        4,
        4,
        0,
        1,
        0,
        3,
        0,
        1,
        0,
        3,
        2,
        2,
        4,
        0,
        0
    ],
    "makespan": 548,
    "normalized_makespan": 0.1809640522875817,
    "energy": 8446,
    "normalized_energy": 0.3232810615199035,
    "tardiness": 0,
    "normalized_tardiness": 0,
    "bestObjectiveFunction": 0.5042451138074852,
    "tiempo_por_iteracion": 3.7367821165493558
}