{
    "bestSolution": [
        7,
        0,
        7,
        0,
        0,
        0,
        0,
        0,
        0,
        0,
        0,
        0,
        6,
        0,
        7,
        0,
        8,
        0,
        4,
        0,
        3,
        0,
        8,
        0,
        5,
        0,
        4,
        0,
        6,
        0,
        3,
        0,
        5,
        0,
        4,
        0,
        8,
        0,
        6,
        0,
        6,
        0,
        4,
        0,
        6,
        0,
        3,
        0,
        4,
        0,
        8,
        0,
        9,
        0,
        8,
        0,
        9,
        0,
        1,
        0,
        1,
        0,
        5,
        0,
        1,
        0,
        1,
        0,
        9,
        0,
        2,
        0,
        0,
        0,
        3,
        0,
        5,
        0,
        7,
        0,
        3,
        0,
        2,
        0,
        7,
        0,
        1,
        0,
        9,
        0,
        5,
        0,
        2,
        0,
        9,
        0,
        2,
        0,
        2,
        0
    ],
    "makespan": 144,
    "normalized_makespan": 0.47596153846153844,
    "energy": 4752,
    "normalized_energy": 0,
    "tardiness": 36,
    "normalized_tardiness": 0.1422924901185771,
    "bestObjectiveFunction": 0.6182540285801155,
    "tiempo_por_iteracion": 0.3058244715253991
}