{
    "bestSolution": [
        4,
        0,
        2,
        0,
        1,
        0,
        2,
        0,
        1,
        0,
        3,
        0,
        3,
        0,
        1,
        0,
        2,
        0,
        1,
        0,
        0,
        0,
        4,
        0,
        3,
        0,
        1,
        0,
        0,
        0,
        4,
        0,
        3,
        0,
        3,
        0,
        3,
        0,
        2,
        0,
        2,
        0,
        3,
        0,
        0,
        0,
        2,
        0,
        0,
        0,
        4,
        0,
        4,
        0,
        1,
        0,
        0,
        0,
        1,
        0,
        4,
        0,
        0,
        0,
        4,
        0,
        0,
        0,
        2,
        0,
        2,
        0,
        1,
        0,
        4,
        0,
        4,
        0,
        1,
        0,
        4,
        0,
        3,
        0,
        1,
        0,
        3,
        0,
        0,
        0,
        2,
        0,
        0,
        0,
        0,
        0,
        2,
        0,
        3,
        0
    ],
    "makespan": 90,
    "normalized_makespan": 0.0136986301369863,
    "energy": 4705,
    "normalized_energy": 0,
    "tardiness": 0,
    "normalized_tardiness": 0,
    "bestObjectiveFunction": 0.0136986301369863,
    "tiempo_por_iteracion": 2.9863898754119873
}