{
    "bestSolution": [
        5,
        0,
        8,
        0,
        5,
        2,
        0,
        3,
        3,
        3,
        8,
        4,
        5,
        0,
        0,
        3,
        7,
        0,
        9,
        4,
        5,
        1,
        0,
        4,
        8,
        1,
        2,
        1,
        0,
        3,
        3,
        2,
        8,
        0,
        9,
        1,
        3,
        2,
        2,
        1,
        8,
        2,
        7,
        3,
        6,
        4,
        6,
        3,
        4,
        4,
        1,
        4,
        4,
        2,
        5,
        0,
        3,
        0,
        1,
        2,
        2,
        3,
        3,
        4,
        6,
        3,
        1,
        3,
        3,
        4,
        7,
        3,
        2,
        1,
        8,
        4,
        4,
        4,
        3,
        4,
        9,
        0,
        7,
        1,
        2,
        2,
        6,
        3,
        2,
        2,
        9,
        0,
        9,
        4,
        7,
        0,
        0,
        4,
        3,
        0,
        2,
        1,
        1,
        1,
        6,
        3,
        4,
        2,
        6,
        2,
        2,
        2,
        2,
        2,
        0,
        0,
        8,
        0,
        1,
        1,
        2,
        0,
        9,
        4,
        1,
        2,
        8,
        3,
        7,
        2,
        8,
        2,
        3,
        4,
        5,
        0,
        4,
        0,
        5,
        4,
        1,
        1,
        5,
        2,
        0,
        4,
        6,
        0,
        3,
        3,
        1,
        1,
        7,
        1,
        4,
        1,
        5,
        4,
        6,
        4,
        6,
        0,
        4,
        2,
        1,
        2,
        9,
        1,
        7,
        2,
        6,
        0,
        5,
        3,
        1,
        4,
        0,
        3,
        4,
        4,
        9,
        1,
        9,
        1,
        4,
        2,
        8,
        1,
        7,
        2,
        0,
        3,
        9,
        3,
        0,
        2,
        7,
        4,
        4,
        4
    ],
    "makespan": 208,
    "normalized_makespan": 0.060991105463786534,
    "energy": 9254,
    "normalized_energy": 0.7949816401468788,
    "tardiness": 474,
    "normalized_tardiness": 0.1954639175257732,
    "bestObjectiveFunction": 1.0514366631364385,
    "tiempo_por_iteracion": 1.5825128849641776
}