{
    "status": "OPTIMAL_SOLUTION",
    "solution": {
        "objective": 0.8958370494254881,
        "start_time": [
            [
                433,
                143,
                327,
                528,
                292
            ],
            [
                509,
                87,
                211,
                308,
                318
            ],
            [
                274,
                0,
                113,
                73,
                215
            ],
            [
                194,
                344,
                60,
                276,
                147
            ],
            [
                222,
                42,
                195,
                316,
                87
            ]
        ],
        "SpeedScaling": [
            [
                1,
                1,
                1,
                1,
                2
            ],
            [
                1,
                2,
                2,
                2,
                1
            ],
            [
                1,
                3,
                2,
                2,
                2
            ],
            [
                2,
                1,
                2,
                2,
                3
            ],
            [
                2,
                3,
                2,
                1,
                2
            ]
        ],
        "_output_item": "Objective function normalized: M-0.1084592946168125 + E-0.5868694955964773 + T-0.2005082592121982 = 0.8958370494254881 \nObjective function: M-573.0 + E-1376.0 + T-789.0 = 0.8958370494254881 \nStart Times: [433, 143, 327, 528, 292, 509, 87, 211, 308, 318, 274, 0, 113, 73, 215, 194, 344, 60, 276, 147, 222, 42, 195, 316, 87]\nSpeed Scaling; [1, 1, 1, 1, 2, 1, 2, 2, 2, 1, 1, 3, 2, 2, 2, 2, 1, 2, 2, 3, 2, 3, 2, 1, 2]\n",
        "_checker": ""
    },
    "statistics": {
        "paths": 0,
        "flatIntVars": 451,
        "flatFloatVars": 54,
        "flatIntConstraints": 576,
        "flatFloatConstraints": 54,
        "evaluatedHalfReifiedConstraints": 100,
        "method": "minimize",
        "flatTime": 91.401,
        "objective": 0.895837049425,
        "objectiveBound": 0.895837049425,
        "nodes": 40190,
        "openNodes": 4493,
        "solveTime": 51504.0,
        "time": 15744.0,
        "nSolutions": 10
    }
}