{
    "bestSolution": [
        4,
        2,
        4,
        1,
        3,
        1,
        3,
        1,
        0,
        0,
        3,
        1,
        4,
        0,
        3,
        2,
        1,
        1,
        0,
        0,
        2,
        1,
        1,
        1,
        3,
        0,
        4,
        1,
        2,
        2,
        0,
        1,
        2,
        1,
        1,
        2,
        1,
        1,
        0,
        0,
        2,
        1,
        4,
        2,
        1,
        0,
        2,
        2,
        0,
        2
    ],
    "makespan": 531,
    "normalized_makespan": 0.09732166534075842,
    "energy": 1521,
    "normalized_energy": 0.7029623698959168,
    "tardiness": 751,
    "normalized_tardiness": 0.19085133418043201,
    "bestObjectiveFunction": 0.9911353694171071,
    "tiempo_por_iteracion": 0.4566182095369847
}