{
    "bestSolution": [
        8,
        2,
        7,
        2,
        5,
        1,
        1,
        1,
        6,
        1,
        3,
        0,
        9,
        1,
        3,
        1,
        4,
        2,
        4,
        0,
        0,
        1,
        2,
        1,
        7,
        1,
        5,
        1,
        3,
        1,
        8,
        1,
        7,
        1,
        0,
        1,
        6,
        0,
        9,
        0,
        0,
        1,
        8,
        1,
        7,
        1,
        2,
        2,
        4,
        0,
        3,
        1,
        3,
        2,
        5,
        1,
        6,
        1,
        8,
        0,
        5,
        2,
        0,
        0,
        7,
        0,
        6,
        1,
        8,
        1,
        1,
        0,
        9,
        0,
        3,
        2,
        6,
        0,
        1,
        1,
        2,
        1,
        8,
        2,
        7,
        1,
        5,
        0,
        9,
        2,
        7,
        2,
        3,
        0,
        2,
        2,
        0,
        1,
        4,
        0,
        5,
        1,
        0,
        1,
        5,
        2,
        8,
        0,
        4,
        2,
        2,
        0,
        0,
        1,
        9,
        2,
        8,
        2,
        4,
        2,
        0,
        0,
        8,
        2,
        9,
        0,
        1,
        2,
        8,
        0,
        2,
        1,
        1,
        2,
        1,
        1,
        0,
        1,
        5,
        2,
        4,
        0,
        6,
        0,
        3,
        2,
        5,
        0,
        6,
        2,
        1,
        1,
        4,
        1,
        6,
        2,
        6,
        2,
        9,
        0,
        2,
        2,
        7,
        2,
        9,
        1,
        2,
        1,
        4,
        2,
        7,
        0,
        1,
        0,
        0,
        0,
        5,
        0,
        9,
        2,
        3,
        1,
        6,
        1,
        9,
        0,
        1,
        0,
        1,
        2,
        4,
        0,
        2,
        1,
        7,
        2,
        3,
        0,
        2,
        0
    ],
    "makespan": 1181,
    "normalized_makespan": 0.058900795022468026,
    "energy": 5981,
    "normalized_energy": 0.6526294579891195,
    "tardiness": 3789,
    "normalized_tardiness": 0.2561173448695417,
    "bestObjectiveFunction": 0.9676475978811292,
    "tiempo_por_iteracion": 1.1783543070521922
}