{
    "bestSolution": [
        1,
        0,
        0,
        2,
        2,
        2,
        3,
        2,
        2,
        2,
        4,
        2,
        3,
        0,
        0,
        0,
        2,
        2,
        0,
        2,
        2,
        0,
        1,
        1,
        4,
        0,
        2,
        1,
        2,
        1,
        1,
        0,
        0,
        2,
        2,
        1,
        4,
        2,
        0,
        1,
        1,
        2,
        3,
        2,
        4,
        2,
        3,
        0,
        3,
        2,
        1,
        1,
        1,
        0,
        1,
        1,
        4,
        2,
        2,
        2,
        4,
        2,
        0,
        2,
        3,
        2,
        4,
        2,
        3,
        0,
        4,
        1,
        2,
        1,
        4,
        0,
        3,
        2,
        0,
        2,
        1,
        1,
        0,
        2,
        0,
        0,
        2,
        2,
        3,
        0,
        0,
        2,
        3,
        2,
        2,
        0,
        1,
        0,
        2,
        2,
        2,
        2,
        4,
        2,
        1,
        0,
        0,
        2,
        0,
        1,
        4,
        2,
        1,
        0,
        0,
        2,
        3,
        2,
        4,
        1,
        3,
        2,
        1,
        1,
        1,
        2,
        0,
        0,
        4,
        0,
        0,
        2,
        2,
        2,
        4,
        0,
        3,
        2,
        2,
        2,
        3,
        2,
        3,
        2,
        2,
        0,
        1,
        2,
        0,
        2,
        3,
        0,
        0,
        1,
        4,
        2,
        1,
        2,
        2,
        0,
        1,
        1,
        0,
        0,
        3,
        2,
        4,
        1,
        1,
        2,
        3,
        2,
        4,
        0,
        4,
        0,
        0,
        0,
        2,
        2,
        4,
        1,
        4,
        1,
        3,
        1,
        2,
        0,
        1,
        2,
        1,
        1,
        2,
        2,
        3,
        0,
        0,
        2,
        1,
        1
    ],
    "makespan": 1374,
    "normalized_makespan": 0.0659375,
    "energy": 6326,
    "normalized_energy": 0.6859337105901374,
    "tardiness": 193,
    "normalized_tardiness": 0.014478619654913729,
    "bestObjectiveFunction": 0.7663498302450511,
    "tiempo_por_iteracion": 3.2598606558407055
}