{
    "bestSolution": [
        5,
        1,
        0,
        1,
        9,
        2,
        6,
        2,
        6,
        2,
        1,
        2,
        9,
        0,
        8,
        1,
        4,
        0,
        4,
        1,
        5,
        0,
        3,
        1,
        2,
        0,
        0,
        2,
        6,
        1,
        5,
        1,
        8,
        1,
        9,
        1,
        0,
        0,
        4,
        1,
        6,
        2,
        7,
        2,
        2,
        2,
        4,
        2,
        9,
        2,
        3,
        0,
        5,
        1,
        5,
        2,
        8,
        0,
        6,
        1,
        1,
        2,
        0,
        1,
        2,
        1,
        0,
        1,
        7,
        0,
        4,
        0,
        9,
        0,
        7,
        2,
        2,
        0,
        7,
        0,
        3,
        0,
        8,
        2,
        2,
        2,
        1,
        2,
        1,
        2,
        8,
        1,
        3,
        1,
        7,
        2,
        1,
        0,
        3,
        1
    ],
    "makespan": 584,
    "normalized_makespan": 0.06625482625482626,
    "energy": 3306,
    "normalized_energy": 0.7153945666235446,
    "tardiness": 645,
    "normalized_tardiness": 0.09728506787330317,
    "bestObjectiveFunction": 0.878934460751674,
    "tiempo_por_iteracion": 0.834996538895827
}