{
    "bestSolution": [
        4,
        1,
        1,
        2,
        1,
        1,
        2,
        1,
        1,
        2,
        0,
        1,
        0,
        2,
        1,
        1,
        0,
        2,
        1,
        2,
        0,
        1,
        2,
        1,
        2,
        2,
        0,
        1,
        2,
        2,
        2,
        1,
        1,
        1,
        3,
        2,
        4,
        2,
        2,
        2,
        3,
        0,
        4,
        2,
        4,
        2,
        2,
        1,
        2,
        1,
        1,
        0,
        0,
        2,
        3,
        2,
        0,
        1,
        2,
        1,
        4,
        1,
        4,
        1,
        1,
        2,
        3,
        1,
        1,
        1,
        0,
        2,
        2,
        1,
        2,
        2,
        4,
        2,
        2,
        0,
        2,
        1,
        3,
        1,
        0,
        1,
        1,
        1,
        4,
        1,
        0,
        1,
        0,
        1,
        4,
        2,
        4,
        2,
        3,
        2,
        1,
        1,
        4,
        1,
        4,
        0,
        1,
        2,
        3,
        1,
        2,
        1,
        3,
        2,
        3,
        2,
        3,
        1,
        4,
        2,
        4,
        1,
        4,
        0,
        4,
        1,
        0,
        2,
        3,
        1,
        4,
        2,
        0,
        1,
        3,
        2,
        0,
        1,
        2,
        1,
        1,
        1,
        0,
        1,
        0,
        1,
        3,
        1,
        3,
        2,
        0,
        2,
        3,
        2,
        2,
        1,
        1,
        1,
        0,
        2,
        2,
        2,
        1,
        2,
        0,
        2,
        0,
        1,
        4,
        2,
        4,
        2,
        4,
        1,
        3,
        1,
        2,
        2,
        3,
        2,
        1,
        2,
        2,
        2,
        3,
        1,
        1,
        2,
        3,
        2,
        1,
        1,
        3,
        1,
        1,
        2,
        2,
        1,
        1,
        1
    ],
    "makespan": 257,
    "normalized_makespan": 0.05452946350043975,
    "energy": 9413,
    "normalized_energy": 0.8878326996197718,
    "tardiness": 284,
    "normalized_tardiness": 0.11798919817199834,
    "bestObjectiveFunction": 1.06035136129221,
    "tiempo_por_iteracion": 1.7639576067795624
}