{
    "bestSolution": [
        0,
        0,
        2,
        0,
        5,
        0,
        4,
        0,
        3,
        0,
        1,
        0,
        6,
        0,
        7,
        0,
        0,
        0,
        8,
        0,
        0,
        0,
        5,
        0,
        2,
        0,
        8,
        0,
        3,
        0,
        6,
        0,
        3,
        0,
        8,
        1,
        0,
        1,
        4,
        2,
        1,
        0,
        2,
        0,
        5,
        0,
        9,
        2,
        6,
        0,
        7,
        0,
        3,
        2,
        2,
        0,
        9,
        0,
        6,
        0,
        4,
        0,
        1,
        1,
        5,
        0,
        9,
        0,
        3,
        0,
        8,
        0,
        0,
        0,
        7,
        0,
        4,
        0,
        2,
        0,
        6,
        0,
        7,
        0,
        7,
        0,
        1,
        0,
        9,
        0,
        4,
        0,
        5,
        0,
        8,
        0,
        1,
        0,
        9,
        0
    ],
    "makespan": 1351,
    "normalized_makespan": 0.19798111364376425,
    "energy": 1838,
    "normalized_energy": 0.11371100164203612,
    "tardiness": 0,
    "normalized_tardiness": 0,
    "bestObjectiveFunction": 0.3116921152858004,
    "tiempo_por_iteracion": 0.3956817539644913
}