{
    "bestSolution": [
        9,
        3,
        2,
        2,
        3,
        2,
        5,
        1,
        4,
        4,
        0,
        3,
        2,
        3,
        1,
        2,
        6,
        2,
        6,
        3,
        7,
        3,
        8,
        2,
        9,
        3,
        4,
        2,
        2,
        2,
        9,
        2,
        4,
        1,
        3,
        1,
        7,
        2,
        2,
        1,
        8,
        4,
        7,
        2,
        8,
        3,
        7,
        2,
        4,
        1,
        5,
        1,
        6,
        3,
        0,
        3,
        5,
        3,
        0,
        1,
        9,
        0,
        6,
        3,
        1,
        2,
        6,
        1,
        2,
        1,
        6,
        1,
        7,
        3,
        5,
        4,
        2,
        2,
        6,
        2,
        8,
        3,
        4,
        2,
        3,
        3,
        0,
        2,
        1,
        2,
        8,
        2,
        0,
        2,
        2,
        3,
        8,
        1,
        9,
        3,
        9,
        3,
        0,
        2,
        8,
        3,
        7,
        1,
        3,
        3,
        1,
        2,
        9,
        2,
        1,
        4,
        7,
        2,
        4,
        4,
        1,
        3,
        3,
        3,
        9,
        2,
        5,
        2,
        9,
        4,
        8,
        2,
        3,
        1,
        6,
        3,
        4,
        2,
        5,
        3,
        7,
        3,
        1,
        3,
        5,
        2,
        5,
        2,
        0,
        2,
        4,
        3,
        1,
        2,
        0,
        4,
        6,
        4,
        3,
        3,
        0,
        4,
        5,
        4,
        4,
        4,
        7,
        1,
        8,
        3,
        8,
        2,
        4,
        2,
        3,
        4,
        7,
        1,
        1,
        4,
        9,
        3,
        0,
        3,
        6,
        1,
        5,
        2,
        3,
        3,
        2,
        2,
        2,
        3,
        3,
        1,
        1,
        2,
        2,
        1
    ],
    "makespan": 866,
    "normalized_makespan": 0.04724037477363987,
    "energy": 7314,
    "normalized_energy": 0.8705375461633156,
    "tardiness": 886,
    "normalized_tardiness": 0.06832729235752294,
    "bestObjectiveFunction": 0.9861052132944783,
    "tiempo_por_iteracion": 2.2824877202510834
}