{
    "bestSolution": [
        4,
        4,
        0,
        2,
        1,
        1,
        2,
        0,
        7,
        2,
        3,
        1,
        2,
        4,
        5,
        0,
        8,
        2,
        4,
        2,
        0,
        2,
        9,
        1,
        5,
        1,
        2,
        0,
        9,
        0,
        2,
        4,
        9,
        0,
        4,
        2,
        7,
        1,
        9,
        4,
        1,
        1,
        1,
        2,
        7,
        2,
        9,
        3,
        0,
        1,
        7,
        3,
        8,
        2,
        3,
        3,
        0,
        3,
        3,
        2,
        2,
        4,
        9,
        4,
        6,
        0,
        9,
        1,
        4,
        3,
        5,
        1,
        2,
        3,
        6,
        3,
        1,
        1,
        5,
        1,
        0,
        0,
        6,
        4,
        4,
        1,
        7,
        1,
        6,
        0,
        8,
        1,
        3,
        1,
        6,
        3,
        1,
        1,
        1,
        0,
        8,
        1,
        7,
        1,
        5,
        2,
        9,
        4,
        4,
        3,
        6,
        1,
        0,
        3,
        8,
        1,
        1,
        1,
        5,
        1,
        3,
        1,
        4,
        3,
        7,
        1,
        2,
        2,
        0,
        1,
        6,
        2,
        5,
        3,
        8,
        2,
        0,
        3,
        1,
        2,
        2,
        2,
        3,
        3,
        5,
        1,
        8,
        1,
        3,
        1,
        8,
        4,
        8,
        1,
        3,
        1,
        0,
        2,
        4,
        2,
        5,
        0,
        6,
        3,
        4,
        1,
        5,
        3,
        7,
        4,
        8,
        3,
        7,
        3,
        9,
        2,
        3,
        2,
        9,
        2,
        2,
        4,
        6,
        2,
        2,
        3,
        4,
        2,
        1,
        0,
        3,
        0,
        1,
        0,
        6,
        0,
        7,
        0,
        0,
        1
    ],
    "makespan": 922,
    "normalized_makespan": 0.051649476419179594,
    "energy": 6644,
    "normalized_energy": 0.7330734509643003,
    "tardiness": 2015,
    "normalized_tardiness": 0.15539446286727848,
    "bestObjectiveFunction": 0.9401173902507585,
    "tiempo_por_iteracion": 1.1221609550286393
}