{
    "bestSolution": [
        4,
        0,
        3,
        0,
        3,
        0,
        1,
        0,
        0,
        0,
        0,
        0,
        4,
        0,
        2,
        0,
        3,
        2,
        2,
        0,
        4,
        0,
        3,
        0,
        0,
        0,
        2,
        1,
        4,
        0,
        0,
        0,
        1,
        0,
        0,
        0,
        1,
        0,
        1,
        0,
        2,
        0,
        4,
        0,
        3,
        0,
        2,
        0,
        1,
        0
    ],
    "makespan": 231,
    "normalized_makespan": 0.26512968299711814,
    "energy": 1942,
    "normalized_energy": 0.0918580375782881,
    "tardiness": 0,
    "normalized_tardiness": 0,
    "bestObjectiveFunction": 0.35698772057540623,
    "tiempo_por_iteracion": 0.3336172574832116
}