{
    "bestSolution": [
        11,
        0,
        3,
        0,
        12,
        0,
        14,
        0,
        16,
        0,
        11,
        0,
        1,
        0,
        4,
        0,
        0,
        0,
        19,
        0,
        17,
        0,
        0,
        0,
        1,
        0,
        18,
        0,
        8,
        0,
        19,
        0,
        10,
        0,
        16,
        0,
        5,
        0,
        4,
        0,
        10,
        0,
        14,
        0,
        1,
        0,
        3,
        0,
        4,
        0,
        2,
        0,
        9,
        0,
        8,
        0,
        5,
        0,
        0,
        0,
        16,
        0,
        19,
        0,
        13,
        0,
        6,
        0,
        15,
        0,
        14,
        0,
        18,
        0,
        8,
        0,
        9,
        0,
        17,
        0,
        13,
        0,
        10,
        0,
        7,
        0,
        12,
        0,
        16,
        0,
        16,
        0,
        10,
        0,
        6,
        0,
        18,
        0,
        19,
        0,
        12,
        0,
        2,
        0,
        12,
        0,
        2,
        0,
        8,
        0,
        18,
        0,
        3,
        0,
        1,
        0,
        15,
        0,
        9,
        0,
        14,
        0,
        19,
        0,
        18,
        0,
        4,
        0,
        7,
        0,
        13,
        0,
        13,
        0,
        9,
        0,
        17,
        0,
        2,
        0,
        12,
        0,
        0,
        0,
        10,
        0,
        15,
        0,
        1,
        0,
        5,
        0,
        5,
        0,
        17,
        0,
        14,
        0,
        15,
        0,
        7,
        0,
        9,
        0,
        2,
        0,
        17,
        0,
        0,
        0,
        6,
        0,
        6,
        0,
        11,
        0,
        15,
        0,
        7,
        0,
        7,
        0,
        11,
        0,
        4,
        0,
        5,
        0,
        3,
        0,
        11,
        0,
        13,
        0,
        6,
        0,
        8,
        0,
        3,
        0
    ],
    "makespan": 206,
    "normalized_makespan": 0.31106471816283926,
    "energy": 9477,
    "normalized_energy": 0,
    "tardiness": 426,
    "normalized_tardiness": 0.7947761194029851,
    "bestObjectiveFunction": 1.1058408375658244,
    "tiempo_por_iteracion": 3.193065192964342
}