{
    "bestSolution": [
        6,
        0,
        0,
        0,
        9,
        0,
        9,
        0,
        4,
        0,
        1,
        0,
        7,
        0,
        9,
        0,
        8,
        0,
        6,
        0,
        5,
        0,
        8,
        0,
        0,
        0,
        5,
        0,
        0,
        0,
        9,
        0,
        3,
        0,
        7,
        0,
        4,
        0,
        1,
        0,
        6,
        0,
        4,
        0,
        7,
        0,
        3,
        0,
        1,
        0,
        2,
        0,
        5,
        0,
        8,
        0,
        0,
        0,
        5,
        0,
        4,
        0,
        6,
        0,
        6,
        0,
        0,
        0,
        2,
        0,
        3,
        0,
        1,
        0,
        9,
        0,
        8,
        0,
        2,
        0,
        4,
        0,
        2,
        0,
        7,
        0,
        7,
        0,
        8,
        0,
        3,
        0,
        5,
        0,
        3,
        0,
        2,
        0,
        1,
        0
    ],
    "makespan": 491,
    "normalized_makespan": 0.22131147540983606,
    "energy": 3681,
    "normalized_energy": 0,
    "tardiness": 351,
    "normalized_tardiness": 0.228515625,
    "bestObjectiveFunction": 0.4498271004098361,
    "tiempo_por_iteracion": 0.47010700349454526
}