{
    "bestSolution": [
        0,
        0,
        0,
        0,
        1,
        0,
        6,
        0,
        9,
        0,
        2,
        0,
        8,
        0,
        8,
        0,
        9,
        0,
        5,
        0,
        3,
        0,
        2,
        0,
        4,
        0,
        5,
        0,
        2,
        0,
        6,
        0,
        8,
        0,
        1,
        0,
        2,
        0,
        9,
        0,
        5,
        0,
        6,
        0,
        6,
        0,
        1,
        0,
        3,
        0,
        4,
        0,
        2,
        0,
        4,
        0,
        4,
        0,
        8,
        0,
        5,
        0,
        5,
        0,
        0,
        0,
        3,
        0,
        8,
        0,
        0,
        0,
        3,
        0,
        7,
        0,
        6,
        0,
        1,
        0,
        7,
        0,
        4,
        0,
        1,
        0,
        9,
        0,
        7,
        0,
        7,
        0,
        3,
        0,
        7,
        0,
        9,
        0,
        0,
        0
    ],
    "makespan": 515,
    "normalized_makespan": 0.2391952309985097,
    "energy": 3681,
    "normalized_energy": 0,
    "tardiness": 514,
    "normalized_tardiness": 0.3346354166666667,
    "bestObjectiveFunction": 0.5738306476651764,
    "tiempo_por_iteracion": 1.5159498399762965
}