{
    "bestSolution": [
        2,
        0,
        3,
        0,
        1,
        4,
        2,
        1,
        0,
        4,
        3,
        4,
        0,
        2,
        0,
        2,
        3,
        0,
        1,
        0,
        3,
        0,
        4,
        2,
        1,
        0,
        3,
        4,
        4,
        2,
        2,
        1,
        0,
        0,
        4,
        2,
        0,
        1,
        1,
        4,
        0,
        1,
        4,
        4,
        0,
        3,
        4,
        4,
        1,
        3,
        0,
        3,
        2,
        3,
        3,
        4,
        4,
        2,
        1,
        2,
        3,
        1,
        0,
        3,
        1,
        3,
        1,
        1,
        2,
        0,
        2,
        4,
        2,
        1,
        3,
        3,
        4,
        0,
        0,
        0,
        1,
        3,
        2,
        0,
        4,
        2,
        3,
        1,
        4,
        2,
        2,
        2,
        4,
        4,
        3,
        4,
        2,
        4,
        1,
        4
    ],
    "makespan": 155,
    "normalized_makespan": 0.10580912863070539,
    "energy": 4633,
    "normalized_energy": 0.7185289957567186,
    "tardiness": 144,
    "normalized_tardiness": 0.1415929203539823,
    "bestObjectiveFunction": 0.9659310447414062,
    "tiempo_por_iteracion": 1.1669338974383994
}