{
    "bestSolution": [
        3,
        0,
        4,
        0,
        2,
        0,
        1,
        0,
        0,
        0,
        4,
        0,
        2,
        0,
        1,
        0,
        4,
        0,
        2,
        0,
        0,
        0,
        2,
        0,
        4,
        0,
        2,
        0,
        1,
        0,
        1,
        0,
        3,
        0,
        0,
        0,
        4,
        0,
        3,
        0,
        3,
        0,
        0,
        0,
        3,
        0,
        0,
        0,
        1,
        0
    ],
    "makespan": 389,
    "normalized_makespan": 0.3519163763066202,
    "energy": 1848,
    "normalized_energy": 0,
    "tardiness": 14,
    "normalized_tardiness": 0.018396846254927726,
    "bestObjectiveFunction": 0.3703132225615479,
    "tiempo_por_iteracion": 0.47799191881695063
}