{
    "bestSolution": [
        7,
        0,
        7,
        0,
        7,
        0,
        8,
        0,
        2,
        0,
        9,
        0,
        8,
        0,
        7,
        0,
        4,
        0,
        3,
        0,
        1,
        0,
        8,
        0,
        2,
        0,
        2,
        0,
        3,
        0,
        9,
        0,
        7,
        0,
        8,
        0,
        4,
        0,
        0,
        0,
        7,
        0,
        1,
        0,
        8,
        0,
        4,
        0,
        2,
        0,
        5,
        0,
        3,
        0,
        4,
        0,
        1,
        0,
        1,
        0,
        2,
        0,
        9,
        0,
        7,
        0,
        2,
        0,
        2,
        0,
        7,
        0,
        5,
        0,
        3,
        0,
        3,
        0,
        0,
        0,
        4,
        0,
        6,
        0,
        7,
        0,
        8,
        0,
        0,
        0,
        3,
        0,
        8,
        0,
        7,
        0,
        0,
        0,
        2,
        0,
        9,
        0,
        6,
        0,
        3,
        0,
        5,
        0,
        9,
        0,
        0,
        0,
        1,
        0,
        4,
        0,
        5,
        0,
        0,
        0,
        1,
        0,
        5,
        0,
        5,
        0,
        2,
        0,
        1,
        0,
        5,
        0,
        9,
        0,
        6,
        0,
        6,
        0,
        4,
        0,
        8,
        0,
        9,
        0,
        9,
        0,
        0,
        0,
        4,
        0,
        9,
        0,
        3,
        0,
        3,
        0,
        6,
        0,
        0,
        0,
        5,
        0,
        6,
        0,
        0,
        0,
        8,
        0,
        4,
        0,
        0,
        0,
        2,
        0,
        6,
        0,
        1,
        0,
        5,
        0,
        5,
        0,
        6,
        0,
        3,
        0,
        6,
        0,
        1,
        0,
        4,
        0,
        1,
        0,
        6,
        0,
        9,
        0,
        8,
        0
    ],
    "makespan": 181,
    "normalized_makespan": 0.20275590551181102,
    "energy": 9423,
    "normalized_energy": 0,
    "tardiness": 153,
    "normalized_tardiness": 0.26109215017064846,
    "bestObjectiveFunction": 0.46384805568245946,
    "tiempo_por_iteracion": 0.595771383407504
}