{
    "bestSolution": [
        16,
        0,
        8,
        0,
        17,
        0,
        19,
        0,
        3,
        0,
        13,
        0,
        0,
        0,
        1,
        0,
        19,
        0,
        12,
        0,
        7,
        0,
        18,
        0,
        6,
        0,
        6,
        0,
        10,
        0,
        15,
        0,
        17,
        0,
        0,
        0,
        11,
        0,
        18,
        0,
        9,
        0,
        18,
        0,
        13,
        0,
        5,
        0,
        4,
        0,
        2,
        0,
        12,
        0,
        7,
        0,
        11,
        0,
        0,
        0,
        7,
        0,
        10,
        0,
        6,
        0,
        2,
        0,
        5,
        0,
        11,
        0,
        12,
        0,
        9,
        0,
        16,
        0,
        5,
        0,
        7,
        0,
        1,
        0,
        18,
        0,
        4,
        0,
        17,
        0,
        13,
        0,
        3,
        0,
        1,
        0,
        19,
        0,
        2,
        0,
        9,
        0,
        5,
        0,
        1,
        0,
        11,
        0,
        10,
        0,
        14,
        0,
        9,
        0,
        9,
        0,
        11,
        0,
        14,
        0,
        0,
        0,
        3,
        0,
        5,
        0,
        17,
        0,
        3,
        0,
        10,
        0,
        8,
        0,
        17,
        0,
        4,
        0,
        15,
        0,
        2,
        0,
        14,
        0,
        0,
        0,
        19,
        0,
        19,
        0,
        4,
        0,
        4,
        0,
        15,
        0,
        7,
        0,
        16,
        0,
        8,
        0,
        6,
        0,
        14,
        0,
        8,
        0,
        18,
        0,
        1,
        0,
        2,
        0,
        15,
        0,
        6,
        0,
        3,
        0,
        14,
        0,
        10,
        0,
        15,
        0,
        12,
        0,
        13,
        0,
        16,
        0,
        12,
        0,
        13,
        0,
        8,
        0,
        16,
        0
    ],
    "makespan": 719,
    "normalized_makespan": 0.18059855521155832,
    "energy": 7341,
    "normalized_energy": 0,
    "tardiness": 0,
    "normalized_tardiness": 0,
    "bestObjectiveFunction": 0.18059855521155832,
    "tiempo_por_iteracion": 0.7055924960545131
}