{
    "bestSolution": [
        14,
        0,
        3,
        0,
        1,
        0,
        17,
        0,
        2,
        0,
        7,
        0,
        12,
        0,
        15,
        0,
        11,
        0,
        13,
        0,
        8,
        0,
        17,
        0,
        9,
        0,
        15,
        0,
        0,
        0,
        12,
        0,
        2,
        0,
        10,
        0,
        13,
        0,
        14,
        0,
        0,
        0,
        17,
        0,
        13,
        0,
        5,
        0,
        19,
        0,
        10,
        0,
        4,
        0,
        3,
        0,
        16,
        0,
        7,
        0,
        2,
        0,
        5,
        0,
        18,
        0,
        15,
        0,
        3,
        0,
        9,
        0,
        8,
        0,
        9,
        0,
        10,
        0,
        12,
        0,
        8,
        0,
        16,
        0,
        14,
        0,
        16,
        0,
        11,
        0,
        14,
        0,
        6,
        0,
        0,
        0,
        18,
        0,
        8,
        0,
        4,
        0,
        3,
        0,
        16,
        0,
        14,
        0,
        8,
        0,
        18,
        0,
        0,
        0,
        18,
        0,
        6,
        0,
        4,
        0,
        11,
        0,
        15,
        0,
        5,
        0,
        4,
        0,
        19,
        0,
        7,
        0,
        19,
        0,
        4,
        0,
        9,
        0,
        7,
        0,
        1,
        0,
        6,
        0,
        10,
        0,
        1,
        0,
        12,
        0,
        6,
        0,
        7,
        0,
        11,
        0,
        9,
        0,
        1,
        0,
        19,
        0,
        5,
        0,
        13,
        0,
        5,
        0,
        6,
        0,
        17,
        0,
        13,
        0,
        1,
        0,
        17,
        0,
        15,
        0,
        10,
        0,
        19,
        0,
        2,
        0,
        0,
        0,
        18,
        0,
        3,
        0,
        11,
        0,
        16,
        0,
        2,
        0,
        12,
        0
    ],
    "makespan": 831,
    "normalized_makespan": 0.2092328130189306,
    "energy": 7251,
    "normalized_energy": 0,
    "tardiness": 0,
    "normalized_tardiness": 0,
    "bestObjectiveFunction": 0.2092328130189306,
    "tiempo_por_iteracion": 4.828038215637207
}