{
    "bestSolution": [
        3,
        0,
        4,
        2,
        3,
        0,
        1,
        0,
        1,
        1,
        0,
        0,
        0,
        1,
        2,
        0,
        0,
        2,
        4,
        0,
        2,
        3,
        0,
        0,
        2,
        0,
        3,
        0,
        1,
        0,
        4,
        0,
        3,
        2,
        1,
        0,
        0,
        0,
        4,
        1,
        2,
        1,
        1,
        0,
        3,
        0,
        4,
        0,
        2,
        0
    ],
    "makespan": 807,
    "normalized_makespan": 0.18398332837153916,
    "energy": 1015,
    "normalized_energy": 0.26073131955484896,
    "tardiness": 0,
    "normalized_tardiness": 0,
    "bestObjectiveFunction": 0.44471464792638815,
    "tiempo_por_iteracion": 0.4075804664055828
}