{
    "bestSolution": [
        2,
        0,
        3,
        0,
        0,
        0,
        4,
        0,
        0,
        0,
        3,
        0,
        0,
        0,
        0,
        0,
        4,
        0,
        2,
        0,
        3,
        0,
        0,
        0,
        2,
        0,
        2,
        0,
        4,
        0,
        1,
        0,
        3,
        0,
        3,
        0,
        1,
        0,
        4,
        0,
        1,
        0,
        2,
        0,
        4,
        0,
        1,
        0,
        1,
        0
    ],
    "makespan": 378,
    "normalized_makespan": 0.2079343365253078,
    "energy": 1717,
    "normalized_energy": 0,
    "tardiness": 0,
    "normalized_tardiness": 0.0,
    "bestObjectiveFunction": 0.2079343365253078,
    "tiempo_por_iteracion": 0.7520861294534471
}