{
    "bestSolution": [
        3,
        2,
        1,
        0,
        3,
        2,
        3,
        2,
        2,
        0,
        2,
        2,
        0,
        1,
        1,
        0,
        0,
        0,
        2,
        0,
        4,
        0,
        3,
        0,
        0,
        1,
        4,
        1,
        3,
        1,
        0,
        0,
        1,
        2,
        1,
        1,
        2,
        2,
        0,
        1,
        4,
        1,
        1,
        0,
        0,
        0,
        4,
        2,
        1,
        2,
        3,
        2,
        4,
        2,
        2,
        1,
        2,
        0,
        2,
        0,
        1,
        2,
        0,
        2,
        1,
        0,
        4,
        2,
        2,
        2,
        2,
        1,
        4,
        0,
        4,
        2,
        0,
        2,
        3,
        2,
        0,
        2,
        3,
        2,
        4,
        0,
        3,
        0,
        4,
        2,
        3,
        1,
        1,
        2,
        2,
        0,
        0,
        1,
        1,
        2
    ],
    "makespan": 675,
    "normalized_makespan": 0.05802204531537048,
    "energy": 3248,
    "normalized_energy": 0.70406852248394,
    "tardiness": 59,
    "normalized_tardiness": 0.008640890451083773,
    "bestObjectiveFunction": 0.7707314582503942,
    "tiempo_por_iteracion": 1.3320548295974732
}