{
    "bestSolution": [
        0,
        1,
        0,
        0,
        2,
        0,
        3,
        1,
        2,
        2,
        4,
        0,
        2,
        0,
        4,
        1,
        0,
        0,
        2,
        0,
        3,
        2,
        1,
        0,
        4,
        1,
        1,
        0,
        4,
        2,
        0,
        0,
        3,
        0,
        1,
        2,
        1,
        1,
        2,
        1,
        3,
        2,
        1,
        0,
        0,
        1,
        4,
        0,
        3,
        0,
        0,
        0,
        2,
        0,
        0,
        1,
        3,
        1,
        2,
        0,
        1,
        0,
        2,
        1,
        3,
        1,
        4,
        0,
        0,
        2,
        4,
        0,
        0,
        1,
        4,
        0,
        3,
        0,
        2,
        2,
        0,
        0,
        1,
        1,
        4,
        0,
        1,
        0,
        3,
        1,
        2,
        1,
        4,
        2,
        1,
        1,
        1,
        2,
        3,
        1
    ],
    "makespan": 851,
    "normalized_makespan": 0.08496631965707287,
    "energy": 2813,
    "normalized_energy": 0.5177730192719486,
    "tardiness": 574,
    "normalized_tardiness": 0.0840656121851201,
    "bestObjectiveFunction": 0.6868049511141416,
    "tiempo_por_iteracion": 0.4368055885837924
}