{
    "bestSolution": [
        15,
        0,
        10,
        0,
        17,
        0,
        5,
        0,
        2,
        0,
        14,
        0,
        13,
        0,
        2,
        0,
        6,
        0,
        15,
        0,
        5,
        0,
        18,
        0,
        14,
        0,
        7,
        0,
        13,
        0,
        13,
        0,
        17,
        0,
        19,
        0,
        10,
        0,
        15,
        0,
        6,
        0,
        11,
        0,
        12,
        0,
        2,
        0,
        6,
        0,
        19,
        0,
        17,
        0,
        1,
        0,
        18,
        0,
        18,
        0,
        15,
        0,
        10,
        0,
        2,
        0,
        6,
        0,
        18,
        0,
        0,
        0,
        16,
        0,
        13,
        0,
        10,
        0,
        8,
        0,
        4,
        0,
        18,
        0,
        14,
        0,
        19,
        0,
        14,
        0,
        11,
        0,
        7,
        0,
        8,
        0,
        15,
        0,
        16,
        0,
        9,
        0,
        2,
        0,
        3,
        0,
        6,
        0,
        1,
        0,
        10,
        0,
        5,
        0,
        3,
        0,
        7,
        0,
        0,
        0,
        8,
        0,
        11,
        0,
        12,
        0,
        8,
        0,
        19,
        0,
        5,
        0,
        17,
        0,
        16,
        0,
        0,
        0,
        8,
        0,
        1,
        0,
        7,
        0,
        9,
        0,
        3,
        0,
        0,
        0,
        5,
        0,
        12,
        0,
        11,
        0,
        9,
        0,
        3,
        0,
        13,
        0,
        16,
        0,
        4,
        0,
        4,
        0,
        11,
        0,
        12,
        0,
        17,
        0,
        1,
        0,
        9,
        0,
        9,
        0,
        7,
        0,
        19,
        0,
        4,
        0,
        14,
        0,
        12,
        0,
        4,
        0,
        16,
        0,
        1,
        0,
        0,
        0,
        3,
        0
    ],
    "makespan": 783,
    "normalized_makespan": 0.1874791874791875,
    "energy": 7251,
    "normalized_energy": 0,
    "tardiness": 1939,
    "normalized_tardiness": 0.6016134036611852,
    "bestObjectiveFunction": 0.7890925911403727,
    "tiempo_por_iteracion": 0.9212483684573554
}