{
    "bestSolution": [
        4,
        3,
        2,
        4,
        3,
        0,
        2,
        1,
        0,
        4,
        1,
        4,
        4,
        4,
        3,
        4,
        3,
        4,
        0,
        1,
        2,
        3,
        3,
        4,
        1,
        0,
        4,
        0,
        1,
        3,
        0,
        2,
        3,
        2,
        1,
        3,
        3,
        1,
        4,
        2,
        2,
        4,
        4,
        0,
        0,
        4,
        3,
        1,
        4,
        2,
        3,
        1,
        0,
        0,
        3,
        1,
        0,
        1,
        2,
        3,
        1,
        4,
        2,
        1,
        3,
        2,
        0,
        1,
        4,
        0,
        1,
        4,
        1,
        1,
        0,
        4,
        2,
        1,
        0,
        0,
        4,
        4,
        0,
        3,
        2,
        3,
        4,
        2,
        1,
        4,
        1,
        4,
        2,
        0,
        4,
        1,
        1,
        4,
        2,
        4
    ],
    "makespan": 877,
    "normalized_makespan": 0.09064594759293114,
    "energy": 3347,
    "normalized_energy": 0.7491438356164384,
    "tardiness": 659,
    "normalized_tardiness": 0.0962605901256208,
    "bestObjectiveFunction": 0.9360503733349903,
    "tiempo_por_iteracion": 0.9844772348216936
}