{
    "bestSolution": [
        2,
        1,
        4,
        2,
        2,
        1,
        0,
        0,
        0,
        4,
        1,
        0,
        4,
        1,
        0,
        0,
        2,
        3,
        4,
        0,
        3,
        0,
        1,
        0,
        1,
        2,
        2,
        0,
        4,
        2,
        0,
        2,
        1,
        1,
        0,
        2,
        3,
        1,
        4,
        1,
        4,
        0,
        0,
        1,
        4,
        3,
        2,
        3,
        0,
        1,
        3,
        0,
        1,
        3,
        2,
        2,
        2,
        1,
        1,
        1,
        4,
        0,
        3,
        2,
        3,
        3,
        3,
        1,
        4,
        0,
        2,
        4,
        1,
        3,
        0,
        1,
        0,
        0,
        0,
        2,
        1,
        1,
        3,
        2,
        2,
        0,
        1,
        2,
        4,
        0,
        1,
        3,
        3,
        1,
        3,
        4,
        3,
        1,
        2,
        4
    ],
    "makespan": 880,
    "normalized_makespan": 0.091102985984156,
    "energy": 3023,
    "normalized_energy": 0.610445205479452,
    "tardiness": 1264,
    "normalized_tardiness": 0.18463336254747298,
    "bestObjectiveFunction": 0.886181554011081,
    "tiempo_por_iteracion": 0.5732467235662998
}