{
    "bestSolution": [
        8,
        0,
        6,
        0,
        5,
        0,
        7,
        0,
        6,
        0,
        3,
        0,
        8,
        0,
        6,
        0,
        4,
        0,
        5,
        0,
        2,
        0,
        6,
        0,
        5,
        0,
        4,
        0,
        7,
        0,
        0,
        0,
        2,
        0,
        1,
        0,
        1,
        0,
        3,
        0,
        5,
        0,
        2,
        0,
        8,
        0,
        0,
        0,
        9,
        0,
        7,
        0,
        8,
        0,
        5,
        0,
        2,
        0,
        9,
        0,
        3,
        0,
        5,
        0,
        8,
        0,
        3,
        0,
        8,
        0,
        6,
        0,
        7,
        0,
        6,
        0,
        1,
        0,
        5,
        0,
        1,
        0,
        9,
        0,
        4,
        0,
        1,
        0,
        8,
        0,
        0,
        0,
        8,
        0,
        5,
        0,
        7,
        0,
        3,
        0,
        6,
        0,
        4,
        0,
        0,
        0,
        2,
        0,
        9,
        0,
        0,
        0,
        2,
        0,
        6,
        0,
        1,
        0,
        5,
        0,
        2,
        0,
        9,
        0,
        7,
        0,
        7,
        0,
        3,
        0,
        2,
        0,
        3,
        0,
        3,
        0,
        6,
        0,
        4,
        0,
        4,
        0,
        1,
        0,
        9,
        0,
        9,
        0,
        7,
        0,
        9,
        0,
        2,
        0,
        1,
        0,
        4,
        0,
        6,
        0,
        0,
        0,
        8,
        0,
        9,
        0,
        5,
        0,
        0,
        0,
        7,
        0,
        3,
        0,
        8,
        0,
        7,
        0,
        1,
        0,
        0,
        0,
        1,
        0,
        4,
        0,
        2,
        0,
        3,
        0,
        4,
        0,
        4,
        0,
        9,
        0,
        0,
        0,
        0,
        0
    ],
    "makespan": 819,
    "normalized_makespan": 0.12617765814266488,
    "energy": 7154,
    "normalized_energy": 0,
    "tardiness": 154,
    "normalized_tardiness": 0.045081967213114756,
    "bestObjectiveFunction": 0.17125962535577963,
    "tiempo_por_iteracion": 3.0971075693766275
}