{
    "bestSolution": [
        0,
        3,
        4,
        4,
        3,
        0,
        2,
        0,
        4,
        1,
        3,
        4,
        3,
        0,
        0,
        1,
        0,
        1,
        4,
        3,
        2,
        0,
        3,
        0,
        2,
        1,
        1,
        0,
        1,
        4,
        4,
        1,
        4,
        4,
        1,
        3,
        2,
        3,
        1,
        1,
        0,
        4,
        1,
        4,
        4,
        2,
        3,
        3,
        2,
        0,
        2,
        1,
        0,
        1,
        1,
        0,
        1,
        2,
        3,
        0,
        1,
        4,
        0,
        0,
        4,
        0,
        0,
        4,
        3,
        0,
        2,
        2,
        3,
        4,
        4,
        0,
        2,
        2,
        0,
        4,
        3,
        1,
        4,
        2,
        2,
        3,
        4,
        4,
        0,
        0,
        1,
        0,
        0,
        3,
        3,
        0,
        2,
        1,
        1,
        0
    ],
    "makespan": 672,
    "normalized_makespan": 0.07781545600571123,
    "energy": 3167,
    "normalized_energy": 0.6091304347826086,
    "tardiness": 240,
    "normalized_tardiness": 0.04110292858366159,
    "bestObjectiveFunction": 0.7280488193719815,
    "tiempo_por_iteracion": 0.6198049766429956
}