{
    "bestSolution": [
        1,
        1,
        3,
        2,
        4,
        1,
        2,
        1,
        0,
        1,
        1,
        0,
        3,
        2,
        3,
        4,
        4,
        2,
        0,
        1,
        3,
        1,
        4,
        2,
        1,
        4,
        4,
        3,
        0,
        3,
        2,
        4,
        2,
        1,
        2,
        1,
        4,
        0,
        1,
        2,
        1,
        1,
        0,
        1,
        3,
        0,
        0,
        0,
        2,
        0
    ],
    "makespan": 582,
    "normalized_makespan": 0.11926605504587157,
    "energy": 1461,
    "normalized_energy": 0.6486486486486487,
    "tardiness": 262,
    "normalized_tardiness": 0.06986666666666666,
    "bestObjectiveFunction": 0.8377813703611868,
    "tiempo_por_iteracion": 0.3030215256884019
}