{
    "bestSolution": [
        2,
        2,
        2,
        0,
        0,
        2,
        4,
        0,
        1,
        0,
        3,
        1,
        1,
        2,
        1,
        0,
        2,
        0,
        2,
        0,
        4,
        0,
        3,
        2,
        1,
        2,
        1,
        0,
        1,
        0,
        3,
        0,
        0,
        0,
        1,
        2,
        3,
        1,
        3,
        2,
        3,
        0,
        3,
        0,
        3,
        0,
        0,
        0,
        3,
        2,
        4,
        2,
        2,
        0,
        0,
        0,
        2,
        2,
        0,
        2,
        0,
        0,
        2,
        2,
        4,
        0,
        3,
        0,
        0,
        0,
        1,
        0,
        1,
        0,
        1,
        0,
        1,
        0,
        2,
        2,
        4,
        0,
        3,
        0,
        2,
        0,
        2,
        2,
        4,
        0,
        3,
        0,
        3,
        0,
        3,
        0,
        3,
        0,
        3,
        0,
        1,
        0,
        1,
        2,
        0,
        2,
        1,
        0,
        4,
        0,
        1,
        0,
        4,
        0,
        0,
        0,
        2,
        0,
        4,
        2,
        3,
        2,
        0,
        0,
        0,
        1,
        1,
        0,
        4,
        1,
        2,
        0,
        1,
        0,
        1,
        2,
        4,
        0,
        2,
        0,
        2,
        0,
        3,
        0,
        0,
        0,
        4,
        0,
        1,
        0,
        2,
        0,
        4,
        0,
        0,
        0,
        4,
        2,
        4,
        2,
        4,
        2,
        0,
        2,
        2,
        1,
        0,
        0,
        1,
        0,
        0,
        0,
        4,
        2,
        3,
        2,
        2,
        0,
        2,
        0,
        4,
        2,
        2,
        0,
        0,
        2,
        0,
        0,
        4,
        0,
        0,
        2,
        0,
        2,
        4,
        0,
        2,
        0,
        3,
        0
    ],
    "makespan": 2686,
    "normalized_makespan": 0.17456140350877192,
    "energy": 4680,
    "normalized_energy": 0.3331283312833128,
    "tardiness": 0,
    "normalized_tardiness": 0,
    "bestObjectiveFunction": 0.5076897347920848,
    "tiempo_por_iteracion": 2.3076801666846642
}