{
    "bestSolution": [
        3,
        0,
        13,
        0,
        10,
        0,
        4,
        0,
        10,
        0,
        6,
        1,
        10,
        0,
        2,
        1,
        17,
        0,
        14,
        0,
        19,
        0,
        16,
        0,
        7,
        1,
        13,
        0,
        14,
        0,
        2,
        2,
        12,
        0,
        18,
        0,
        5,
        1,
        8,
        0,
        18,
        2,
        17,
        0,
        18,
        0,
        13,
        0,
        17,
        2,
        0,
        0,
        1,
        0,
        15,
        0,
        16,
        0,
        19,
        1,
        5,
        1,
        15,
        0,
        12,
        1,
        4,
        0,
        14,
        0,
        12,
        0,
        5,
        2,
        2,
        2,
        4,
        0,
        19,
        0,
        9,
        1,
        9,
        0,
        17,
        0,
        2,
        0,
        11,
        0,
        11,
        0,
        8,
        0,
        6,
        0,
        6,
        1,
        15,
        1,
        12,
        0,
        14,
        0,
        18,
        0,
        8,
        2,
        0,
        0,
        4,
        0,
        2,
        0,
        13,
        0,
        11,
        1,
        9,
        0,
        5,
        0,
        0,
        0,
        3,
        0,
        17,
        0,
        7,
        0,
        9,
        0,
        16,
        0,
        15,
        0,
        1,
        0,
        15,
        0,
        11,
        2,
        18,
        0,
        7,
        1,
        1,
        0,
        5,
        0,
        10,
        0,
        19,
        1,
        3,
        0,
        3,
        1,
        14,
        1,
        16,
        1,
        8,
        0,
        9,
        0,
        6,
        1,
        4,
        0,
        1,
        0,
        6,
        0,
        0,
        0,
        16,
        0,
        8,
        0,
        0,
        0,
        7,
        0,
        3,
        0,
        19,
        1,
        1,
        0,
        13,
        0,
        7,
        0,
        11,
        0,
        12,
        0,
        10,
        0
    ],
    "makespan": 3114,
    "normalized_makespan": 0.21547001679935723,
    "energy": 4099,
    "normalized_energy": 0.22414151925078044,
    "tardiness": 0,
    "normalized_tardiness": 0,
    "bestObjectiveFunction": 0.4396115360501377,
    "tiempo_por_iteracion": 0.7388625428790138
}