{
    "bestSolution": [
        19,
        0,
        14,
        1,
        13,
        0,
        1,
        0,
        1,
        2,
        19,
        2,
        14,
        0,
        12,
        0,
        5,
        0,
        7,
        2,
        19,
        0,
        1,
        0,
        18,
        2,
        6,
        0,
        8,
        0,
        9,
        0,
        6,
        2,
        11,
        0,
        0,
        0,
        11,
        1,
        10,
        2,
        2,
        0,
        12,
        0,
        6,
        1,
        4,
        0,
        0,
        0,
        0,
        2,
        18,
        2,
        4,
        0,
        2,
        0,
        5,
        0,
        12,
        2,
        9,
        2,
        6,
        0,
        15,
        2,
        14,
        0,
        1,
        0,
        11,
        2,
        7,
        2,
        14,
        1,
        4,
        0,
        3,
        2,
        5,
        0,
        7,
        2,
        2,
        0,
        15,
        2,
        12,
        0,
        16,
        2,
        9,
        2,
        13,
        0,
        8,
        0,
        10,
        0,
        2,
        0,
        5,
        2,
        17,
        0,
        16,
        0,
        5,
        2,
        2,
        1,
        18,
        2,
        8,
        0,
        6,
        2,
        14,
        0,
        3,
        0,
        17,
        0,
        13,
        0,
        9,
        0,
        10,
        0,
        10,
        0,
        4,
        0,
        16,
        0,
        12,
        0,
        17,
        0,
        18,
        0,
        11,
        2,
        16,
        2,
        3,
        0,
        17,
        0,
        19,
        2,
        15,
        2,
        16,
        0,
        9,
        2,
        8,
        0,
        18,
        0,
        15,
        0,
        8,
        0,
        0,
        0,
        15,
        0,
        17,
        2,
        1,
        2,
        4,
        0,
        7,
        0,
        3,
        0,
        13,
        2,
        10,
        2,
        19,
        0,
        13,
        0,
        11,
        0,
        3,
        2,
        0,
        0,
        7,
        0
    ],
    "makespan": 2534,
    "normalized_makespan": 0.1731064202760938,
    "energy": 4697,
    "normalized_energy": 0.3485952133194589,
    "tardiness": 0,
    "normalized_tardiness": 0,
    "bestObjectiveFunction": 0.5217016335955527,
    "tiempo_por_iteracion": 2.0147759119669595
}