{
    "bestSolution": [
        1,
        1,
        1,
        2,
        1,
        0,
        3,
        0,
        2,
        1,
        0,
        2,
        0,
        1,
        2,
        1,
        2,
        2,
        2,
        2,
        2,
        0,
        3,
        0,
        0,
        1,
        2,
        1,
        3,
        0,
        4,
        0,
        4,
        0,
        3,
        2,
        0,
        2,
        1,
        2,
        3,
        2,
        0,
        2,
        4,
        0,
        0,
        1,
        2,
        0,
        1,
        1,
        4,
        2,
        1,
        1,
        4,
        2,
        2,
        1,
        0,
        0,
        3,
        1,
        3,
        1,
        2,
        1,
        3,
        2,
        3,
        1,
        4,
        1,
        1,
        0,
        1,
        1,
        1,
        2,
        1,
        0,
        0,
        1,
        4,
        1,
        0,
        1,
        0,
        0,
        4,
        0,
        4,
        0,
        2,
        0,
        4,
        2,
        3,
        1
    ],
    "makespan": 246,
    "normalized_makespan": 0.12157413914265636,
    "energy": 4369,
    "normalized_energy": 0.6019108280254777,
    "tardiness": 314,
    "normalized_tardiness": 0.20989304812834225,
    "bestObjectiveFunction": 0.9333780152964763,
    "tiempo_por_iteracion": 0.8119009877696182
}