{
    "bestSolution": [
        4,
        1,
        1,
        1,
        2,
        2,
        3,
        2,
        2,
        0,
        3,
        2,
        3,
        2,
        0,
        1,
        0,
        0,
        1,
        1,
        0,
        2,
        0,
        0,
        2,
        1,
        4,
        0,
        4,
        2,
        2,
        1,
        1,
        0,
        4,
        1,
        3,
        1,
        0,
        1,
        1,
        1,
        2,
        1,
        4,
        1,
        3,
        2,
        1,
        1
    ],
    "makespan": 406,
    "normalized_makespan": 0.08663916217073944,
    "energy": 1689,
    "normalized_energy": 0.7628361858190709,
    "tardiness": 313,
    "normalized_tardiness": 0.09531059683313033,
    "bestObjectiveFunction": 0.9447859448229406,
    "tiempo_por_iteracion": 0.6334390354156494
}