{
    "bestSolution": [
        3,
        0,
        6,
        0,
        0,
        0,
        7,
        0,
        5,
        0,
        1,
        0,
        8,
        0,
        7,
        0,
        1,
        0,
        1,
        0,
        0,
        0,
        7,
        0,
        4,
        0,
        3,
        0,
        8,
        0,
        0,
        0,
        2,
        0,
        9,
        0,
        4,
        0,
        6,
        0,
        2,
        0,
        5,
        0,
        3,
        0,
        8,
        0,
        2,
        0,
        9,
        0,
        6,
        0,
        8,
        0,
        6,
        0,
        7,
        0,
        5,
        0,
        9,
        0,
        4,
        0,
        1,
        0,
        2,
        0,
        2,
        0,
        3,
        0,
        4,
        0,
        9,
        0,
        6,
        0,
        7,
        0,
        0,
        0,
        1,
        0,
        8,
        0,
        7,
        0,
        8,
        0,
        1,
        0,
        7,
        0,
        5,
        0,
        0,
        0,
        4,
        0,
        1,
        0,
        0,
        0,
        5,
        0,
        7,
        0,
        8,
        0,
        1,
        0,
        2,
        0,
        9,
        0,
        5,
        0,
        9,
        0,
        5,
        0,
        5,
        0,
        6,
        0,
        6,
        0,
        3,
        0,
        7,
        0,
        9,
        0,
        9,
        0,
        0,
        0,
        3,
        0,
        2,
        0,
        6,
        0,
        0,
        0,
        4,
        0,
        9,
        0,
        9,
        0,
        4,
        0,
        6,
        0,
        1,
        0,
        4,
        0,
        3,
        0,
        5,
        0,
        3,
        0,
        2,
        0,
        1,
        0,
        0,
        0,
        6,
        0,
        7,
        0,
        8,
        0,
        4,
        0,
        2,
        0,
        8,
        0,
        5,
        0,
        8,
        0,
        0,
        0,
        3,
        0,
        4,
        0,
        3,
        0,
        2,
        0
    ],
    "makespan": 859,
    "normalized_makespan": 0.17118055555555556,
    "energy": 7232,
    "normalized_energy": 0,
    "tardiness": 725,
    "normalized_tardiness": 0.22335181762168824,
    "bestObjectiveFunction": 0.39453237317724377,
    "tiempo_por_iteracion": 2.7843463685777454
}