{
    "bestSolution": [
        7,
        0,
        11,
        0,
        0,
        0,
        3,
        0,
        3,
        0,
        3,
        0,
        14,
        0,
        13,
        0,
        6,
        0,
        18,
        0,
        19,
        0,
        9,
        0,
        1,
        0,
        3,
        0,
        14,
        0,
        11,
        0,
        0,
        0,
        19,
        0,
        15,
        0,
        0,
        0,
        19,
        0,
        15,
        0,
        6,
        0,
        19,
        0,
        2,
        0,
        14,
        0,
        9,
        0,
        18,
        0,
        3,
        0,
        9,
        0,
        15,
        0,
        15,
        0,
        11,
        0,
        0,
        0,
        4,
        0,
        19,
        0,
        11,
        0,
        10,
        0,
        7,
        0,
        15,
        0,
        0,
        0,
        10,
        0,
        11,
        0,
        5,
        0,
        8,
        0,
        13,
        0,
        17,
        0,
        13,
        0,
        1,
        0,
        16,
        0,
        12,
        0,
        9,
        0,
        13,
        0,
        18,
        0,
        9,
        0,
        4,
        0,
        17,
        0,
        13,
        0,
        8,
        0,
        6,
        0,
        14,
        0,
        1,
        0,
        10,
        0,
        7,
        0,
        18,
        0,
        2,
        0,
        10,
        0,
        12,
        0,
        4,
        0,
        14,
        0,
        12,
        0,
        16,
        0,
        6,
        0,
        5,
        0,
        8,
        0,
        18,
        0,
        8,
        0,
        7,
        0,
        5,
        0,
        4,
        0,
        2,
        0,
        12,
        0,
        5,
        0,
        1,
        0,
        17,
        0,
        1,
        0,
        12,
        0,
        4,
        0,
        2,
        0,
        5,
        0,
        16,
        0,
        7,
        0,
        17,
        0,
        2,
        0,
        16,
        0,
        6,
        0,
        10,
        0,
        8,
        0,
        17,
        0,
        16,
        0
    ],
    "makespan": 824,
    "normalized_makespan": 0.2141833810888252,
    "energy": 7408,
    "normalized_energy": 0,
    "tardiness": 1771,
    "normalized_tardiness": 0.5868124585818423,
    "bestObjectiveFunction": 0.8009958396706675,
    "tiempo_por_iteracion": 0.4455664668764387
}