{
    "bestSolution": [
        17,
        0,
        14,
        0,
        16,
        0,
        13,
        0,
        9,
        0,
        4,
        0,
        15,
        0,
        10,
        0,
        4,
        0,
        2,
        0,
        5,
        0,
        16,
        0,
        12,
        0,
        16,
        0,
        7,
        0,
        16,
        0,
        19,
        0,
        5,
        0,
        5,
        0,
        14,
        0,
        11,
        0,
        9,
        0,
        16,
        0,
        12,
        0,
        13,
        0,
        19,
        0,
        0,
        0,
        2,
        0,
        17,
        0,
        8,
        0,
        19,
        0,
        4,
        0,
        11,
        0,
        15,
        0,
        1,
        0,
        6,
        0,
        0,
        0,
        1,
        0,
        12,
        0,
        19,
        0,
        14,
        0,
        14,
        0,
        0,
        0,
        8,
        0,
        5,
        0,
        8,
        0,
        9,
        0,
        18,
        0,
        17,
        0,
        18,
        0,
        1,
        0,
        15,
        0,
        9,
        0,
        13,
        0,
        0,
        0,
        8,
        0,
        10,
        0,
        9,
        0,
        6,
        0,
        1,
        0,
        12,
        0,
        4,
        0,
        17,
        0,
        7,
        0,
        19,
        0,
        10,
        0,
        14,
        0,
        6,
        0,
        11,
        0,
        2,
        0,
        18,
        0,
        11,
        0,
        4,
        0,
        12,
        0,
        3,
        0,
        8,
        0,
        3,
        0,
        17,
        0,
        1,
        0,
        5,
        0,
        18,
        0,
        15,
        0,
        3,
        0,
        0,
        0,
        6,
        0,
        11,
        0,
        10,
        0,
        6,
        0,
        3,
        0,
        18,
        0,
        2,
        0,
        15,
        0,
        2,
        0,
        13,
        0,
        3,
        0,
        13,
        0,
        7,
        0,
        7,
        0,
        7,
        0,
        10,
        0
    ],
    "makespan": 841,
    "normalized_makespan": 0.22027220630372493,
    "energy": 7408,
    "normalized_energy": 0,
    "tardiness": 2468,
    "normalized_tardiness": 0.8177601060304838,
    "bestObjectiveFunction": 1.0380323123342088,
    "tiempo_por_iteracion": 3.510962128639221
}