{
    "bestSolution": [
        0,
        0,
        2,
        0,
        3,
        0,
        0,
        0,
        3,
        0,
        4,
        0,
        1,
        0,
        3,
        0,
        0,
        0,
        3,
        0,
        3,
        0,
        3,
        0,
        2,
        0,
        1,
        0,
        4,
        0,
        1,
        0,
        1,
        0,
        4,
        0,
        1,
        0,
        4,
        0,
        2,
        0,
        0,
        0,
        0,
        0,
        0,
        0,
        1,
        0,
        2,
        0,
        3,
        0,
        2,
        0,
        4,
        0,
        1,
        0,
        1,
        0,
        1,
        0,
        2,
        0,
        4,
        0,
        1,
        0,
        2,
        0,
        1,
        0,
        2,
        0,
        0,
        0,
        0,
        0,
        3,
        0,
        0,
        0,
        3,
        0,
        1,
        0,
        2,
        0,
        0,
        0,
        3,
        0,
        2,
        0,
        3,
        0,
        1,
        0,
        2,
        0,
        1,
        0,
        0,
        0,
        4,
        0,
        1,
        0,
        2,
        0,
        4,
        0,
        0,
        0,
        3,
        0,
        4,
        0,
        1,
        0,
        4,
        0,
        3,
        0,
        4,
        0,
        3,
        0,
        4,
        0,
        0,
        0,
        1,
        0,
        0,
        0,
        2,
        0,
        3,
        0,
        0,
        0,
        0,
        0,
        2,
        0,
        0,
        0,
        3,
        0,
        2,
        0,
        4,
        0,
        4,
        0,
        4,
        0,
        4,
        0,
        2,
        0,
        1,
        0,
        2,
        0,
        0,
        0,
        4,
        0,
        3,
        0,
        3,
        0,
        2,
        0,
        1,
        0,
        2,
        0,
        3,
        0,
        3,
        0,
        0,
        0,
        1,
        0,
        4,
        0,
        4,
        0,
        0,
        0,
        2,
        0,
        4,
        0
    ],
    "makespan": 899,
    "normalized_makespan": 0.0524822695035461,
    "energy": 7027,
    "normalized_energy": 0,
    "tardiness": 0,
    "normalized_tardiness": 0,
    "bestObjectiveFunction": 0.0524822695035461,
    "tiempo_por_iteracion": 4.5089030265808105
}