{
    "bestSolution": [
        14,
        1,
        15,
        2,
        15,
        1,
        6,
        0,
        2,
        0,
        13,
        1,
        5,
        0,
        16,
        0,
        13,
        0,
        18,
        1,
        16,
        0,
        12,
        0,
        8,
        1,
        10,
        1,
        19,
        1,
        10,
        2,
        11,
        0,
        1,
        0,
        8,
        2,
        18,
        2,
        7,
        2,
        15,
        1,
        17,
        1,
        8,
        1,
        19,
        2,
        18,
        0,
        0,
        2,
        10,
        2,
        9,
        1,
        8,
        0,
        9,
        0,
        12,
        0,
        7,
        0,
        10,
        0,
        3,
        0,
        18,
        0,
        19,
        0,
        17,
        0,
        2,
        2,
        1,
        0,
        13,
        1,
        16,
        1,
        11,
        0,
        2,
        2,
        17,
        0,
        6,
        2,
        14,
        1,
        1,
        2,
        6,
        0,
        18,
        1,
        8,
        1,
        4,
        0,
        4,
        0,
        16,
        1,
        17,
        1,
        7,
        0,
        15,
        0,
        5,
        1,
        0,
        1,
        4,
        2,
        12,
        0,
        11,
        1,
        0,
        1,
        2,
        1,
        19,
        2,
        3,
        0,
        10,
        1,
        15,
        0,
        14,
        2,
        1,
        1,
        6,
        2,
        2,
        1,
        9,
        0,
        4,
        1,
        5,
        2,
        1,
        0,
        14,
        2,
        11,
        0,
        3,
        1,
        14,
        2,
        16,
        0,
        6,
        0,
        7,
        0,
        4,
        1,
        5,
        1,
        19,
        2,
        3,
        2,
        11,
        0,
        17,
        0,
        13,
        0,
        3,
        1,
        9,
        2,
        13,
        2,
        0,
        0,
        9,
        0,
        7,
        0,
        12,
        0,
        0,
        2,
        5,
        1,
        12,
        2
    ],
    "makespan": 330,
    "normalized_makespan": 0.10530391018195896,
    "energy": 8921,
    "normalized_energy": 0.6183894230769231,
    "tardiness": 956,
    "normalized_tardiness": 0.36198409693297995,
    "bestObjectiveFunction": 1.0856774301918621,
    "tiempo_por_iteracion": 0.9487353183221126
}