{
    "bestSolution": [
        0,
        0,
        1,
        0,
        1,
        0,
        2,
        0,
        2,
        0,
        3,
        0,
        0,
        0,
        1,
        0,
        3,
        0,
        3,
        0,
        2,
        0,
        4,
        0,
        4,
        0,
        0,
        0,
        4,
        0,
        4,
        0,
        3,
        0,
        3,
        0,
        1,
        0,
        2,
        0,
        0,
        0,
        3,
        0,
        0,
        0,
        3,
        0,
        0,
        0,
        0,
        0,
        0,
        0,
        1,
        0,
        4,
        0,
        2,
        0,
        1,
        0,
        3,
        0,
        4,
        0,
        4,
        0,
        1,
        0,
        1,
        0,
        2,
        0,
        3,
        0,
        3,
        0,
        2,
        0,
        4,
        0,
        2,
        0,
        4,
        0,
        4,
        0,
        0,
        0,
        2,
        0,
        0,
        0,
        1,
        0,
        1,
        0,
        2,
        0
    ],
    "makespan": 786,
    "normalized_makespan": 0.35177865612648224,
    "energy": 3630,
    "normalized_energy": 0,
    "tardiness": 2,
    "normalized_tardiness": 0.0012453300124533001,
    "bestObjectiveFunction": 0.35302398613893554,
    "tiempo_por_iteracion": 1.3479000918070476
}