{
    "bestSolution": [
        4,
        0,
        3,
        0,
        3,
        0,
        2,
        0,
        4,
        0,
        4,
        0,
        1,
        0,
        1,
        0,
        2,
        0,
        0,
        0,
        4,
        0,
        1,
        0,
        3,
        0,
        1,
        0,
        3,
        0,
        3,
        0,
        0,
        0,
        0,
        0,
        3,
        0,
        1,
        0,
        4,
        0,
        2,
        0,
        0,
        0,
        4,
        0,
        4,
        0,
        1,
        0,
        2,
        0,
        4,
        0,
        2,
        0,
        0,
        0,
        4,
        0,
        2,
        0,
        1,
        0,
        1,
        0,
        0,
        0,
        2,
        0,
        0,
        0,
        2,
        0,
        4,
        0,
        1,
        0,
        0,
        0,
        1,
        0,
        1,
        0,
        4,
        0,
        0,
        0,
        1,
        0,
        3,
        0,
        2,
        0,
        4,
        0,
        4,
        0,
        2,
        0,
        3,
        0,
        3,
        0,
        3,
        0,
        2,
        0,
        3,
        0,
        3,
        0,
        3,
        0,
        4,
        0,
        2,
        0,
        1,
        0,
        1,
        0,
        4,
        0,
        1,
        0,
        4,
        0,
        0,
        0,
        0,
        0,
        2,
        0,
        2,
        0,
        1,
        0,
        2,
        0,
        4,
        0,
        3,
        0,
        0,
        0,
        3,
        0,
        1,
        0,
        0,
        0,
        1,
        0,
        1,
        0,
        3,
        0,
        0,
        0,
        4,
        0,
        4,
        0,
        1,
        0,
        4,
        0,
        2,
        0,
        0,
        0,
        2,
        0,
        0,
        0,
        0,
        0,
        0,
        0,
        0,
        0,
        3,
        0,
        3,
        0,
        2,
        0,
        2,
        0,
        3,
        0,
        0,
        0,
        3,
        0,
        2,
        0
    ],
    "makespan": 1588,
    "normalized_makespan": 0.2943533697632058,
    "energy": 7062,
    "normalized_energy": 0,
    "tardiness": 121,
    "normalized_tardiness": 0.03432624113475177,
    "bestObjectiveFunction": 0.3286796108979576,
    "tiempo_por_iteracion": 2.1509152154127755
}