{
    "bestSolution": [
        2,
        0,
        3,
        0,
        2,
        0,
        4,
        3,
        4,
        4,
        0,
        0,
        4,
        0,
        3,
        0,
        1,
        0,
        1,
        0,
        3,
        1,
        0,
        0,
        4,
        0,
        2,
        0,
        0,
        4,
        1,
        0,
        1,
        2,
        3,
        0,
        3,
        0,
        4,
        0,
        2,
        1,
        1,
        0,
        2,
        1,
        0,
        0,
        0,
        0
    ],
    "makespan": 201,
    "normalized_makespan": 0.3092979127134725,
    "energy": 2064,
    "normalized_energy": 0.08130081300813008,
    "tardiness": 0,
    "normalized_tardiness": 0,
    "bestObjectiveFunction": 0.3905987257216026,
    "tiempo_por_iteracion": 0.4154745970875764
}