{
    "bestSolution": [
        2,
        2,
        0,
        2,
        4,
        2,
        0,
        0,
        2,
        0,
        3,
        0,
        3,
        0,
        2,
        2,
        2,
        0,
        0,
        2,
        3,
        0,
        4,
        2,
        4,
        2,
        3,
        2,
        1,
        2,
        2,
        2,
        1,
        0,
        0,
        0,
        4,
        2,
        2,
        2,
        3,
        0,
        4,
        0,
        4,
        0,
        0,
        2,
        1,
        0,
        1,
        0,
        4,
        1,
        1,
        0,
        3,
        0,
        0,
        0,
        0,
        0,
        2,
        0,
        1,
        0,
        3,
        0,
        2,
        2,
        3,
        0,
        0,
        0,
        4,
        2,
        2,
        0,
        4,
        2,
        1,
        2,
        0,
        2,
        1,
        0,
        0,
        0,
        3,
        2,
        1,
        0,
        3,
        2,
        2,
        2,
        4,
        0,
        1,
        0
    ],
    "makespan": 376,
    "normalized_makespan": 0.2129304286718201,
    "energy": 4098,
    "normalized_energy": 0.31422505307855625,
    "tardiness": 0,
    "normalized_tardiness": 0,
    "bestObjectiveFunction": 0.5271554817503763,
    "tiempo_por_iteracion": 1.5185696283976238
}