{
    "bestSolution": [
        8,
        1,
        1,
        0,
        2,
        4,
        6,
        2,
        5,
        2,
        3,
        2,
        0,
        2,
        5,
        1,
        7,
        3,
        4,
        1,
        9,
        3,
        2,
        1,
        8,
        2,
        7,
        0,
        8,
        1,
        6,
        4,
        4,
        2,
        2,
        2,
        1,
        2,
        1,
        4,
        2,
        3,
        8,
        4,
        7,
        3,
        1,
        1,
        3,
        4,
        0,
        3,
        0,
        1,
        3,
        1,
        6,
        2,
        1,
        1,
        9,
        1,
        9,
        3,
        6,
        3,
        6,
        4,
        7,
        1,
        1,
        2,
        0,
        0,
        5,
        1,
        6,
        3,
        7,
        3,
        9,
        2,
        4,
        4,
        3,
        1,
        5,
        4,
        2,
        1,
        7,
        3,
        4,
        3,
        0,
        1,
        1,
        4,
        8,
        2,
        3,
        2,
        8,
        2,
        0,
        2,
        3,
        1,
        1,
        0,
        0,
        1,
        2,
        2,
        9,
        2,
        9,
        3,
        6,
        2,
        0,
        1,
        4,
        2,
        4,
        2,
        2,
        4,
        2,
        3,
        4,
        4,
        3,
        3,
        8,
        4,
        7,
        3,
        5,
        3,
        1,
        3,
        7,
        3,
        9,
        1,
        6,
        4,
        5,
        3,
        9,
        3,
        8,
        4,
        5,
        1,
        6,
        3,
        3,
        2,
        3,
        3,
        4,
        1,
        0,
        2,
        8,
        3,
        2,
        4,
        7,
        4,
        4,
        1,
        9,
        3,
        3,
        2,
        4,
        4,
        8,
        1,
        5,
        3,
        7,
        2,
        5,
        3,
        1,
        3,
        6,
        1,
        9,
        0,
        2,
        0,
        5,
        0,
        0,
        2
    ],
    "makespan": 885,
    "normalized_makespan": 0.04735841885214747,
    "energy": 6939,
    "normalized_energy": 0.8123624724944989,
    "tardiness": 1100,
    "normalized_tardiness": 0.08198554073190728,
    "bestObjectiveFunction": 0.9417064320785535,
    "tiempo_por_iteracion": 2.511002504825592
}