{
    "bestSolution": [
        3,
        0,
        4,
        0,
        4,
        0,
        4,
        0,
        2,
        0,
        1,
        0,
        3,
        0,
        1,
        0,
        0,
        0,
        4,
        0,
        3,
        0,
        2,
        0,
        3,
        0,
        0,
        0,
        2,
        0,
        1,
        0,
        4,
        0,
        0,
        0,
        2,
        0,
        0,
        0,
        1,
        0,
        3,
        0,
        2,
        0,
        1,
        0,
        0,
        0
    ],
    "makespan": 326,
    "normalized_makespan": 0.23217550274223034,
    "energy": 1857,
    "normalized_energy": 0,
    "tardiness": 0,
    "normalized_tardiness": 0.0,
    "bestObjectiveFunction": 0.23217550274223034,
    "tiempo_por_iteracion": 0.6984076123488577
}