{
    "bestSolution": [
        4,
        3,
        0,
        2,
        0,
        3,
        1,
        1,
        1,
        2,
        4,
        2,
        0,
        2,
        2,
        3,
        3,
        4,
        4,
        0,
        2,
        2,
        2,
        0,
        1,
        2,
        1,
        3,
        3,
        2,
        3,
        4,
        3,
        0,
        1,
        1,
        2,
        4,
        4,
        4,
        3,
        3,
        3,
        4,
        1,
        3,
        4,
        0,
        0,
        3,
        3,
        3,
        0,
        2,
        0,
        0,
        1,
        1,
        3,
        3,
        4,
        4,
        4,
        3,
        2,
        1,
        2,
        1,
        0,
        2,
        0,
        3,
        0,
        2,
        0,
        2,
        2,
        2,
        1,
        1,
        4,
        3,
        3,
        2,
        4,
        3,
        0,
        2,
        2,
        4,
        4,
        4,
        2,
        4,
        2,
        2,
        1,
        1,
        0,
        0,
        3,
        1,
        3,
        1,
        3,
        4,
        4,
        2,
        3,
        2,
        2,
        4,
        3,
        2,
        3,
        4,
        1,
        4,
        4,
        2,
        0,
        2,
        0,
        3,
        1,
        1,
        0,
        2,
        3,
        1,
        3,
        2,
        2,
        4,
        4,
        3,
        2,
        2,
        1,
        2,
        3,
        2,
        1,
        0,
        0,
        2,
        1,
        3,
        4,
        1,
        2,
        4,
        2,
        2,
        0,
        1,
        4,
        4,
        1,
        2,
        0,
        2,
        3,
        1,
        1,
        3,
        2,
        1,
        2,
        1,
        2,
        0,
        1,
        1,
        1,
        1,
        2,
        4,
        4,
        3,
        4,
        3,
        1,
        2,
        2,
        2,
        4,
        0,
        4,
        0,
        1,
        1,
        3,
        1,
        0,
        0,
        4,
        2,
        0,
        4
    ],
    "makespan": 1423,
    "normalized_makespan": 0.07268307981809628,
    "energy": 6840,
    "normalized_energy": 0.7926029031616624,
    "tardiness": 806,
    "normalized_tardiness": 0.060830188679245285,
    "bestObjectiveFunction": 0.926116171659004,
    "tiempo_por_iteracion": 1.8733115305594348
}