{
    "bestSolution": [
        1,
        4,
        2,
        2,
        0,
        0,
        4,
        0,
        3,
        0,
        0,
        4,
        1,
        4,
        2,
        0,
        0,
        0,
        2,
        2,
        1,
        0,
        3,
        0,
        2,
        0,
        4,
        0,
        1,
        0,
        3,
        0,
        2,
        0,
        3,
        1,
        4,
        4,
        4,
        0,
        0,
        0,
        1,
        0,
        0,
        0,
        4,
        0,
        3,
        0
    ],
    "makespan": 933,
    "normalized_makespan": 0.23070071258907363,
    "energy": 985,
    "normalized_energy": 0.20462046204620463,
    "tardiness": 0,
    "normalized_tardiness": 0,
    "bestObjectiveFunction": 0.43532117463527825,
    "tiempo_por_iteracion": 0.6576452146168628
}