{
    "bestSolution": [
        2,
        0,
        3,
        0,
        3,
        0,
        7,
        0,
        6,
        0,
        0,
        0,
        8,
        0,
        7,
        0,
        6,
        0,
        9,
        0,
        6,
        0,
        9,
        0,
        5,
        0,
        1,
        0,
        8,
        0,
        4,
        0,
        7,
        0,
        9,
        0,
        3,
        0,
        8,
        0,
        6,
        0,
        9,
        0,
        5,
        0,
        2,
        0,
        4,
        0,
        8,
        0,
        1,
        0,
        1,
        0,
        9,
        0,
        2,
        0,
        4,
        0,
        2,
        0,
        4,
        0,
        5,
        0,
        5,
        0,
        1,
        0,
        8,
        0,
        0,
        0,
        3,
        0,
        7,
        0,
        6,
        0,
        0,
        0,
        7,
        0,
        1,
        0,
        0,
        0,
        2,
        0,
        5,
        0,
        4,
        0,
        3,
        0,
        0,
        0
    ],
    "makespan": 143,
    "normalized_makespan": 0.5120481927710844,
    "energy": 4779,
    "normalized_energy": 0,
    "tardiness": 75,
    "normalized_tardiness": 0.33482142857142855,
    "bestObjectiveFunction": 0.8468696213425129,
    "tiempo_por_iteracion": 1.0987265343251436
}