{
    "bestSolution": [
        3,
        0,
        6,
        1,
        0,
        1,
        7,
        2,
        9,
        1,
        5,
        0,
        6,
        0,
        4,
        2,
        7,
        0,
        1,
        0,
        3,
        0,
        4,
        2,
        9,
        1,
        6,
        1,
        1,
        1,
        8,
        0,
        3,
        1,
        8,
        2,
        7,
        0,
        5,
        2,
        6,
        0,
        8,
        1,
        5,
        2,
        6,
        1,
        6,
        0,
        5,
        1,
        0,
        2,
        4,
        0,
        4,
        2,
        2,
        0,
        3,
        1,
        8,
        2,
        1,
        1,
        7,
        2,
        9,
        2,
        0,
        0,
        4,
        0,
        3,
        1,
        6,
        0,
        7,
        0,
        2,
        0,
        8,
        0,
        1,
        1,
        1,
        2,
        9,
        2,
        4,
        1,
        3,
        2,
        9,
        2,
        2,
        0,
        4,
        1,
        7,
        0,
        0,
        1,
        7,
        1,
        0,
        2,
        2,
        1,
        8,
        2,
        2,
        1,
        4,
        1,
        9,
        1,
        5,
        0,
        9,
        0,
        3,
        0,
        8,
        0,
        7,
        1,
        4,
        0,
        0,
        2,
        5,
        0,
        7,
        1,
        2,
        2,
        0,
        1,
        4,
        1,
        9,
        1,
        3,
        0,
        1,
        0,
        1,
        2,
        0,
        1,
        9,
        2,
        8,
        2,
        5,
        1,
        5,
        0,
        6,
        1,
        2,
        1,
        2,
        1,
        3,
        0,
        1,
        2,
        0,
        1,
        5,
        2,
        8,
        2,
        2,
        0,
        2,
        2,
        6,
        1,
        1,
        0,
        0,
        2,
        5,
        0,
        3,
        0,
        6,
        0,
        8,
        1,
        1,
        0,
        7,
        1,
        9,
        2
    ],
    "makespan": 234,
    "normalized_makespan": 0.07635253054101222,
    "energy": 9143,
    "normalized_energy": 0.7020860495436767,
    "tardiness": 626,
    "normalized_tardiness": 0.2662696724797958,
    "bestObjectiveFunction": 1.0447082525644849,
    "tiempo_por_iteracion": 0.9057994882265726
}