{
    "bestSolution": [
        7,
        0,
        3,
        2,
        1,
        2,
        4,
        0,
        8,
        0,
        0,
        2,
        8,
        0,
        6,
        2,
        8,
        0,
        4,
        2,
        6,
        0,
        0,
        0,
        0,
        0,
        9,
        2,
        3,
        2,
        9,
        0,
        7,
        2,
        4,
        2,
        5,
        2,
        2,
        2,
        0,
        2,
        0,
        2,
        7,
        0,
        9,
        2,
        9,
        2,
        8,
        2,
        2,
        0,
        7,
        0,
        6,
        0,
        1,
        0,
        5,
        2,
        4,
        2,
        8,
        0,
        5,
        2,
        2,
        0,
        8,
        0,
        9,
        0,
        4,
        1,
        5,
        0,
        3,
        2,
        1,
        0,
        0,
        0,
        3,
        2,
        1,
        0,
        8,
        1,
        6,
        0,
        5,
        2,
        7,
        0,
        9,
        0,
        3,
        2,
        1,
        1,
        5,
        2,
        0,
        0,
        6,
        2,
        4,
        0,
        3,
        2,
        7,
        2,
        2,
        0,
        6,
        0,
        0,
        0,
        3,
        0,
        5,
        2,
        7,
        0,
        2,
        2,
        6,
        0,
        9,
        0,
        6,
        2,
        8,
        0,
        2,
        0,
        4,
        0,
        5,
        1,
        1,
        2,
        8,
        0,
        4,
        0,
        1,
        0,
        3,
        2,
        2,
        0,
        6,
        0,
        3,
        0,
        0,
        2,
        4,
        0,
        5,
        0,
        4,
        0,
        2,
        0,
        9,
        0,
        2,
        2,
        0,
        0,
        1,
        0,
        9,
        0,
        1,
        2,
        7,
        2,
        5,
        0,
        2,
        0,
        9,
        0,
        7,
        2,
        3,
        0,
        7,
        2,
        6,
        2,
        8,
        0,
        1,
        0
    ],
    "makespan": 410,
    "normalized_makespan": 0.14654807285048707,
    "energy": 8533,
    "normalized_energy": 0.3537331701346389,
    "tardiness": 0,
    "normalized_tardiness": 0,
    "bestObjectiveFunction": 0.500281242985126,
    "tiempo_por_iteracion": 2.82851402759552
}