{
    "bestSolution": [
        4,
        1,
        2,
        0,
        8,
        0,
        0,
        0,
        8,
        0,
        6,
        0,
        5,
        1,
        9,
        0,
        2,
        2,
        9,
        0,
        2,
        0,
        6,
        0,
        1,
        0,
        2,
        0,
        0,
        0,
        0,
        0,
        3,
        0,
        7,
        1,
        5,
        1,
        5,
        0,
        8,
        0,
        9,
        2,
        3,
        0,
        9,
        0,
        1,
        1,
        3,
        2,
        1,
        0,
        3,
        1,
        7,
        2,
        0,
        1,
        9,
        0,
        4,
        1,
        0,
        1,
        0,
        0,
        4,
        1,
        5,
        0,
        6,
        0,
        2,
        0,
        3,
        0,
        2,
        0,
        2,
        0,
        0,
        0,
        7,
        0,
        5,
        0,
        8,
        0,
        4,
        0,
        6,
        1,
        3,
        0,
        4,
        0,
        3,
        0,
        8,
        0,
        0,
        0,
        1,
        0,
        9,
        1,
        8,
        1,
        7,
        0,
        7,
        2,
        6,
        0,
        1,
        1,
        3,
        0,
        1,
        0,
        1,
        0,
        5,
        0,
        6,
        0,
        5,
        0,
        7,
        0,
        8,
        1,
        0,
        0,
        2,
        1,
        8,
        2,
        5,
        2,
        4,
        0,
        6,
        0,
        7,
        0,
        8,
        0,
        0,
        1,
        8,
        0,
        1,
        0,
        9,
        0,
        7,
        2,
        1,
        2,
        2,
        0,
        6,
        1,
        9,
        0,
        5,
        1,
        2,
        2,
        7,
        1,
        9,
        0,
        6,
        2,
        9,
        0,
        3,
        0,
        4,
        0,
        7,
        0,
        6,
        1,
        1,
        0,
        4,
        1,
        4,
        0,
        4,
        2,
        5,
        0,
        3,
        1
    ],
    "makespan": 443,
    "normalized_makespan": 0.16052520118593816,
    "energy": 8300,
    "normalized_energy": 0.21113831089351284,
    "tardiness": 0,
    "normalized_tardiness": 0,
    "bestObjectiveFunction": 0.37166351207945103,
    "tiempo_por_iteracion": 0.7069985091686248
}