{
    "bestSolution": [
        4,
        2,
        2,
        0,
        0,
        1,
        3,
        0,
        4,
        0,
        2,
        0,
        4,
        0,
        1,
        0,
        3,
        0,
        1,
        2,
        0,
        2,
        1,
        2,
        2,
        0,
        3,
        0,
        3,
        0,
        0,
        0,
        0,
        0,
        2,
        0,
        3,
        2,
        3,
        0,
        0,
        2,
        1,
        0,
        4,
        0,
        1,
        0,
        0,
        0,
        0,
        2,
        2,
        0,
        2,
        0,
        1,
        0,
        1,
        2,
        4,
        0,
        0,
        2,
        3,
        2,
        4,
        2,
        2,
        2,
        2,
        2,
        2,
        0,
        0,
        2,
        1,
        2,
        3,
        2,
        4,
        0,
        1,
        0,
        3,
        0,
        2,
        0,
        1,
        2,
        3,
        0,
        4,
        0,
        4,
        0,
        4,
        0,
        0,
        0
    ],
    "makespan": 407,
    "normalized_makespan": 0.23549723756906077,
    "energy": 4017,
    "normalized_energy": 0.22550052687038988,
    "tardiness": 0,
    "normalized_tardiness": 0,
    "bestObjectiveFunction": 0.4609977644394506,
    "tiempo_por_iteracion": 1.6137328568626852
}