{
    "bestSolution": [
        0,
        0,
        3,
        2,
        4,
        0,
        3,
        0,
        1,
        0,
        3,
        0,
        3,
        0,
        1,
        0,
        4,
        0,
        0,
        0,
        0,
        0,
        2,
        1,
        1,
        1,
        4,
        1,
        4,
        0,
        2,
        0,
        1,
        1,
        3,
        0,
        1,
        0,
        2,
        0,
        0,
        0,
        4,
        0,
        0,
        0,
        2,
        0,
        3,
        0,
        1,
        0,
        3,
        0,
        2,
        0,
        0,
        0,
        4,
        2,
        0,
        0,
        3,
        0,
        4,
        0,
        3,
        0,
        1,
        0,
        1,
        1,
        4,
        0,
        0,
        2,
        2,
        0,
        2,
        0,
        3,
        1,
        0,
        2,
        2,
        2,
        4,
        0,
        4,
        1,
        2,
        0,
        1,
        0,
        1,
        0,
        0,
        0,
        2,
        0
    ],
    "makespan": 401,
    "normalized_makespan": 0.231353591160221,
    "energy": 3947,
    "normalized_energy": 0.1517386722866175,
    "tardiness": 0,
    "normalized_tardiness": 0,
    "bestObjectiveFunction": 0.3830922634468385,
    "tiempo_por_iteracion": 0.7355274903146845
}