{
    "bestSolution": [
        11,
        0,
        16,
        0,
        9,
        0,
        17,
        0,
        17,
        0,
        0,
        0,
        9,
        0,
        16,
        0,
        1,
        0,
        3,
        0,
        1,
        0,
        19,
        0,
        19,
        0,
        6,
        0,
        13,
        0,
        19,
        0,
        14,
        0,
        1,
        0,
        1,
        0,
        0,
        0,
        19,
        0,
        19,
        0,
        1,
        0,
        3,
        0,
        2,
        0,
        2,
        0,
        12,
        0,
        14,
        0,
        4,
        0,
        9,
        0,
        2,
        0,
        3,
        0,
        2,
        0,
        10,
        0,
        0,
        0,
        7,
        0,
        17,
        0,
        16,
        0,
        13,
        0,
        7,
        0,
        18,
        0,
        18,
        0,
        14,
        0,
        5,
        0,
        0,
        0,
        4,
        0,
        17,
        0,
        8,
        0,
        11,
        0,
        7,
        0,
        9,
        0,
        3,
        0,
        0,
        0,
        8,
        0,
        2,
        0,
        12,
        0,
        9,
        0,
        13,
        0,
        5,
        0,
        10,
        0,
        15,
        0,
        5,
        0,
        10,
        0,
        8,
        0,
        8,
        0,
        6,
        0,
        4,
        0,
        14,
        0,
        12,
        0,
        6,
        0,
        7,
        0,
        12,
        0,
        7,
        0,
        10,
        0,
        4,
        0,
        4,
        0,
        12,
        0,
        16,
        0,
        15,
        0,
        11,
        0,
        8,
        0,
        5,
        0,
        18,
        0,
        16,
        0,
        13,
        0,
        15,
        0,
        15,
        0,
        18,
        0,
        17,
        0,
        11,
        0,
        18,
        0,
        10,
        0,
        3,
        0,
        6,
        0,
        15,
        0,
        13,
        0,
        5,
        0,
        11,
        0,
        6,
        0,
        14,
        0
    ],
    "makespan": 222,
    "normalized_makespan": 0.3258426966292135,
    "energy": 9429,
    "normalized_energy": 0,
    "tardiness": 454,
    "normalized_tardiness": 0.7800687285223368,
    "bestObjectiveFunction": 1.1059114251515503,
    "tiempo_por_iteracion": 0.8910649503980365
}