{
    "bestSolution": [
        3,
        0,
        11,
        0,
        12,
        0,
        3,
        0,
        14,
        0,
        3,
        0,
        10,
        0,
        18,
        0,
        3,
        0,
        13,
        0,
        11,
        0,
        5,
        0,
        16,
        0,
        0,
        0,
        19,
        0,
        3,
        0,
        12,
        0,
        1,
        0,
        1,
        0,
        13,
        0,
        2,
        0,
        9,
        0,
        4,
        0,
        2,
        0,
        8,
        0,
        5,
        0,
        9,
        0,
        6,
        0,
        14,
        0,
        0,
        0,
        2,
        0,
        13,
        0,
        13,
        0,
        19,
        0,
        12,
        0,
        2,
        0,
        8,
        0,
        10,
        0,
        10,
        0,
        14,
        0,
        11,
        0,
        17,
        0,
        18,
        0,
        7,
        0,
        17,
        0,
        18,
        0,
        7,
        0,
        0,
        0,
        7,
        0,
        10,
        0,
        7,
        0,
        13,
        0,
        17,
        0,
        4,
        0,
        14,
        0,
        0,
        0,
        5,
        0,
        4,
        0,
        9,
        0,
        15,
        0,
        1,
        0,
        15,
        0,
        16,
        0,
        19,
        0,
        16,
        0,
        15,
        0,
        6,
        0,
        1,
        0,
        0,
        0,
        4,
        0,
        11,
        0,
        7,
        0,
        15,
        0,
        4,
        0,
        19,
        0,
        9,
        0,
        5,
        0,
        12,
        0,
        17,
        0,
        19,
        0,
        10,
        0,
        2,
        0,
        8,
        0,
        5,
        0,
        6,
        0,
        16,
        0,
        16,
        0,
        8,
        0,
        17,
        0,
        12,
        0,
        18,
        0,
        15,
        0,
        1,
        0,
        6,
        0,
        18,
        0,
        14,
        0,
        8,
        0,
        6,
        0,
        9,
        0,
        11,
        0
    ],
    "makespan": 212,
    "normalized_makespan": 0.30711610486891383,
    "energy": 9429,
    "normalized_energy": 0,
    "tardiness": 496,
    "normalized_tardiness": 0.852233676975945,
    "bestObjectiveFunction": 1.1593497818448588,
    "tiempo_por_iteracion": 1.7978409318362965
}