{
    "bestSolution": [
        0,
        4,
        8,
        2,
        4,
        2,
        0,
        4,
        7,
        2,
        3,
        4,
        4,
        4,
        8,
        1,
        0,
        0,
        0,
        2,
        6,
        2,
        5,
        4,
        1,
        3,
        6,
        1,
        9,
        4,
        4,
        0,
        7,
        2,
        5,
        2,
        0,
        0,
        8,
        2,
        5,
        4,
        2,
        1,
        7,
        1,
        1,
        0,
        6,
        4,
        2,
        2,
        8,
        0,
        5,
        2,
        7,
        3,
        3,
        0,
        9,
        1,
        8,
        0,
        7,
        3,
        4,
        1,
        9,
        1,
        1,
        0,
        2,
        2,
        3,
        1,
        7,
        2,
        5,
        0,
        6,
        0,
        0,
        4,
        1,
        4,
        0,
        4,
        2,
        3,
        6,
        4,
        7,
        2,
        7,
        2,
        3,
        1,
        4,
        0,
        2,
        0,
        1,
        2,
        9,
        1,
        7,
        0,
        3,
        4,
        1,
        0,
        8,
        1,
        4,
        1,
        2,
        2,
        6,
        1,
        5,
        2,
        8,
        0,
        3,
        1,
        9,
        2,
        0,
        4,
        0,
        2,
        8,
        0,
        3,
        1,
        6,
        2,
        5,
        4,
        5,
        4,
        7,
        2,
        2,
        2,
        0,
        1,
        9,
        4,
        2,
        4,
        4,
        1,
        1,
        0,
        3,
        4,
        5,
        0,
        6,
        0,
        9,
        3,
        5,
        0,
        6,
        1,
        9,
        1,
        8,
        0,
        3,
        0,
        1,
        4,
        9,
        4,
        4,
        0,
        2,
        3,
        4,
        0,
        1,
        1,
        9,
        0,
        6,
        4,
        2,
        0,
        3,
        2,
        4,
        1,
        1,
        2,
        8,
        2
    ],
    "makespan": 1039,
    "normalized_makespan": 0.052053652095350615,
    "energy": 5971,
    "normalized_energy": 0.648159324079662,
    "tardiness": 1297,
    "normalized_tardiness": 0.0883575175420669,
    "bestObjectiveFunction": 0.7885704937170795,
    "tiempo_por_iteracion": 1.0292406253814697
}