{
    "bestSolution": [
        5,
        0,
        0,
        0,
        9,
        0,
        7,
        0,
        0,
        0,
        4,
        0,
        7,
        0,
        6,
        0,
        9,
        0,
        1,
        0,
        4,
        0,
        6,
        0,
        3,
        0,
        0,
        0,
        6,
        0,
        2,
        0,
        8,
        0,
        3,
        0,
        2,
        0,
        1,
        0,
        8,
        0,
        9,
        0,
        1,
        0,
        4,
        0,
        4,
        0,
        8,
        0,
        0,
        0,
        9,
        0,
        3,
        0,
        0,
        0,
        7,
        0,
        2,
        0,
        7,
        0,
        6,
        0,
        5,
        0,
        6,
        0,
        7,
        0,
        3,
        0,
        5,
        0,
        7,
        0,
        3,
        0,
        1,
        0,
        2,
        0,
        3,
        0,
        8,
        0,
        2,
        0,
        4,
        0,
        5,
        0,
        0,
        0,
        9,
        0,
        4,
        0,
        9,
        0,
        4,
        0,
        7,
        0,
        0,
        0,
        2,
        0,
        8,
        0,
        1,
        0,
        3,
        0,
        6,
        0,
        8,
        0,
        8,
        0,
        7,
        0,
        1,
        0,
        1,
        0,
        6,
        0,
        8,
        0,
        4,
        0,
        1,
        0,
        7,
        0,
        2,
        0,
        7,
        0,
        9,
        0,
        5,
        0,
        1,
        0,
        3,
        0,
        3,
        0,
        3,
        0,
        2,
        0,
        8,
        0,
        4,
        0,
        1,
        0,
        6,
        0,
        0,
        0,
        9,
        0,
        2,
        0,
        9,
        0,
        2,
        0,
        5,
        0,
        0,
        0,
        9,
        0,
        6,
        0,
        5,
        0,
        0,
        0,
        4,
        0,
        8,
        0,
        6,
        0,
        5,
        0,
        5,
        0,
        5,
        0
    ],
    "makespan": 974,
    "normalized_makespan": 0.16682769726247987,
    "energy": 7049,
    "normalized_energy": 0,
    "tardiness": 883,
    "normalized_tardiness": 0.2479640550407189,
    "bestObjectiveFunction": 0.41479175230319876,
    "tiempo_por_iteracion": 2.9259100232805526
}