{
    "bestSolution": [
        17,
        0,
        3,
        0,
        16,
        0,
        3,
        0,
        17,
        0,
        3,
        0,
        13,
        0,
        12,
        0,
        10,
        0,
        8,
        0,
        1,
        0,
        18,
        0,
        7,
        0,
        16,
        0,
        15,
        0,
        3,
        0,
        1,
        0,
        13,
        0,
        13,
        0,
        16,
        0,
        2,
        0,
        19,
        0,
        8,
        0,
        18,
        0,
        15,
        0,
        6,
        0,
        4,
        0,
        18,
        0,
        5,
        0,
        13,
        0,
        11,
        0,
        1,
        0,
        11,
        0,
        2,
        0,
        12,
        0,
        9,
        0,
        14,
        0,
        2,
        0,
        4,
        0,
        0,
        0,
        17,
        0,
        7,
        0,
        14,
        0,
        16,
        0,
        5,
        0,
        19,
        0,
        0,
        0,
        5,
        0,
        4,
        0,
        8,
        0,
        6,
        0,
        5,
        0,
        9,
        0,
        9,
        0,
        13,
        0,
        10,
        0,
        16,
        0,
        15,
        0,
        14,
        0,
        11,
        0,
        12,
        0,
        6,
        0,
        11,
        0,
        19,
        0,
        1,
        0,
        2,
        0,
        12,
        0,
        4,
        0,
        14,
        0,
        10,
        0,
        18,
        0,
        19,
        0,
        7,
        0,
        2,
        0,
        15,
        0,
        9,
        0,
        17,
        0,
        15,
        0,
        4,
        0,
        8,
        0,
        7,
        0,
        10,
        0,
        0,
        0,
        9,
        0,
        14,
        0,
        18,
        0,
        12,
        0,
        6,
        0,
        10,
        0,
        11,
        0,
        0,
        0,
        1,
        0,
        7,
        0,
        5,
        0,
        0,
        0,
        17,
        0,
        19,
        0,
        3,
        0,
        8,
        0,
        6,
        0
    ],
    "makespan": 203,
    "normalized_makespan": 0.2902621722846442,
    "energy": 9429,
    "normalized_energy": 0,
    "tardiness": 393,
    "normalized_tardiness": 0.6752577319587629,
    "bestObjectiveFunction": 0.9655199042434071,
    "tiempo_por_iteracion": 2.5080160280553305
}