{
    "bestSolution": [
        0,
        0,
        1,
        1,
        3,
        2,
        0,
        4,
        4,
        4,
        4,
        4,
        1,
        1,
        1,
        1,
        4,
        3,
        3,
        3,
        3,
        4,
        4,
        4,
        4,
        4,
        1,
        1,
        2,
        0,
        2,
        2,
        2,
        1,
        2,
        3,
        3,
        0,
        1,
        2,
        0,
        4,
        4,
        0,
        0,
        0,
        3,
        4,
        3,
        1,
        3,
        1,
        1,
        2,
        1,
        1,
        0,
        1,
        2,
        2,
        1,
        2,
        2,
        4,
        4,
        0,
        1,
        4,
        0,
        1,
        2,
        2,
        3,
        0,
        3,
        2,
        2,
        4,
        4,
        0,
        0,
        1,
        3,
        1,
        0,
        1,
        1,
        1,
        4,
        0,
        2,
        1,
        0,
        0,
        2,
        4,
        0,
        3,
        4,
        1
    ],
    "makespan": 985,
    "normalized_makespan": 0.08849912973624313,
    "energy": 3037,
    "normalized_energy": 0.6936719064893189,
    "tardiness": 723,
    "normalized_tardiness": 0.0927755678172719,
    "bestObjectiveFunction": 0.874946604042834,
    "tiempo_por_iteracion": 0.9603040740603492
}