{
    "bestSolution": [
        3,
        1,
        4,
        3,
        1,
        1,
        4,
        0,
        2,
        0,
        3,
        2,
        3,
        0,
        3,
        0,
        3,
        2,
        1,
        2,
        1,
        2,
        2,
        3,
        1,
        0,
        4,
        0,
        0,
        2,
        1,
        1,
        2,
        0,
        0,
        0,
        0,
        1,
        0,
        2,
        0,
        1,
        4,
        1,
        2,
        3,
        2,
        4,
        4,
        0
    ],
    "makespan": 130,
    "normalized_makespan": 0.13839285714285715,
    "energy": 2243,
    "normalized_energy": 0.684964200477327,
    "tardiness": 136,
    "normalized_tardiness": 0.1918194640338505,
    "bestObjectiveFunction": 1.0151765216540345,
    "tiempo_por_iteracion": 0.2717447655126755
}