{
    "status": "OPTIMAL_SOLUTION",
    "solution": {
        "objective": 0.9866412556738484,
        "start_time": [
            [
                92,
                97,
                91,
                90,
                94
            ],
            [
                56,
                65,
                67,
                25,
                66
            ],
            [
                16,
                15,
                13,
                24,
                36
            ],
            [
                37,
                16,
                0,
                51,
                35
            ],
            [
                90,
                34,
                84,
                96,
                67
            ]
        ],
        "SpeedScaling": [
            [
                2,
                2,
                1,
                3,
                4
            ],
            [
                3,
                2,
                2,
                3,
                4
            ],
            [
                2,
                1,
                4,
                1,
                2
            ],
            [
                1,
                3,
                2,
                2,
                2
            ],
            [
                1,
                1,
                1,
                1,
                1
            ]
        ],
        "_output_item": "Objective function normalized: M-0.1383928571428571 + E-0.6945107398568023 + T-0.153737658674189 = 0.9866412556738484 \nObjective function: M-130.0 + E-2247.0 + T-109.0 = 0.9866412556738484 \nStart Times: [92, 97, 91, 90, 94, 56, 65, 67, 25, 66, 16, 15, 13, 24, 36, 37, 16, 0, 51, 35, 90, 34, 84, 96, 67]\nSpeed Scaling; [2, 2, 1, 3, 4, 3, 2, 2, 3, 4, 2, 1, 4, 1, 2, 1, 3, 2, 2, 2, 1, 1, 1, 1, 1]\n",
        "_checker": ""
    },
    "statistics": {
        "paths": 0,
        "flatIntVars": 480,
        "flatFloatVars": 51,
        "flatIntConstraints": 561,
        "flatFloatConstraints": 51,
        "evaluatedHalfReifiedConstraints": 100,
        "method": "minimize",
        "flatTime": 111.661,
        "objective": 0.986641255674,
        "objectiveBound": 0.986641255674,
        "nodes": 4096,
        "openNodes": 372,
        "solveTime": 3255.0,
        "time": 2664.0,
        "nSolutions": 12
    }
}