{
    "status": "SATISFIED",
    "solution": {
        "objective": 1.543507635825918,
        "start_time": [
            [
                249,
                235,
                222,
                250,
                269
            ],
            [
                32,
                125,
                238,
                0,
                145
            ],
            [
                172,
                164,
                70,
                192,
                186
            ],
            [
                238,
                20,
                235,
                126,
                125
            ],
            [
                261,
                249,
                164,
                222,
                285
            ]
        ],
        "SpeedScaling": [
            [
                1,
                1,
                1,
                1,
                1
            ],
            [
                1,
                1,
                1,
                1,
                1
            ],
            [
                1,
                1,
                1,
                1,
                1
            ],
            [
                1,
                1,
                1,
                1,
                1
            ],
            [
                1,
                1,
                1,
                1,
                1
            ]
        ],
        "_output_item": "Objective function normalized: M-0.5901639344262291 + E-0.0 + T-0.9533437013996889 = 1.543507635825918 \nObjective function : M-393.0 + E-1999.0 + T-613.0 = 1.543507635825918 \nStart Times: [249, 235, 222, 250, 269, 32, 125, 238, 0, 145, 172, 164, 70, 192, 186, 238, 20, 235, 126, 125, 261, 249, 164, 222, 285]\nSpeed Scaling; [1, 1, 1, 1, 1, 1, 1, 1, 1, 1, 1, 1, 1, 1, 1, 1, 1, 1, 1, 1, 1, 1, 1, 1, 1]\n",
        "_checker": ""
    },
    "statistics": {
        "paths": 0,
        "flatBoolVars": 100,
        "flatIntVars": 146,
        "flatFloatVars": 32,
        "flatBoolConstraints": 50,
        "flatIntConstraints": 252,
        "flatFloatConstraints": 32,
        "evaluatedHalfReifiedConstraints": 100,
        "method": "minimize",
        "flatTime": 48.012,
        "time": 81.0,
        "initTime": 2.26,
        "solveTime": 127094.0,
        "solutions": 1,
        "variables": 246,
        "propagators": 328,
        "propagations": 139795678,
        "nodes": 112013592,
        "failures": 56005882,
        "restarts": 0,
        "peakDepth": 1069,
        "nSolutions": 1
    }
}