{
    "bestSolution": [
        12,
        2,
        12,
        2,
        11,
        3,
        2,
        1,
        5,
        2,
        10,
        0,
        15,
        4,
        11,
        4,
        7,
        0,
        4,
        2,
        7,
        4,
        6,
        0,
        1,
        0,
        19,
        4,
        13,
        2,
        1,
        1,
        3,
        0,
        2,
        2,
        8,
        4,
        1,
        1,
        4,
        3,
        8,
        3,
        10,
        2,
        0,
        1,
        0,
        4,
        7,
        1,
        8,
        4,
        3,
        4,
        14,
        0,
        4,
        4,
        10,
        4,
        6,
        1,
        16,
        4,
        19,
        3,
        3,
        2,
        5,
        2,
        9,
        3,
        6,
        1,
        14,
        1,
        19,
        4,
        16,
        4,
        17,
        4,
        9,
        4,
        19,
        3,
        5,
        3,
        13,
        0,
        1,
        0,
        13,
        3,
        8,
        0,
        5,
        1,
        4,
        2,
        18,
        1,
        6,
        0,
        7,
        4,
        3,
        1,
        11,
        0,
        14,
        4,
        0,
        1,
        12,
        4,
        11,
        1,
        15,
        0,
        16,
        0,
        17,
        3,
        10,
        3,
        18,
        4,
        2,
        2,
        8,
        2,
        18,
        1,
        4,
        3,
        15,
        2,
        12,
        3,
        2,
        3,
        13,
        4,
        13,
        0,
        17,
        3,
        17,
        2,
        10,
        3,
        16,
        2,
        12,
        3,
        5,
        1,
        7,
        2,
        9,
        0,
        18,
        1,
        0,
        4,
        0,
        4,
        15,
        2,
        19,
        4,
        14,
        1,
        18,
        1,
        3,
        4,
        9,
        4,
        2,
        4,
        17,
        1,
        6,
        4,
        15,
        3,
        16,
        2,
        1,
        0,
        11,
        2,
        14,
        2,
        9,
        3
    ],
    "makespan": 252,
    "normalized_makespan": 0.09177078845325291,
    "energy": 9272,
    "normalized_energy": 0.793730407523511,
    "tardiness": 618,
    "normalized_tardiness": 0.261864406779661,
    "bestObjectiveFunction": 1.147365602756425,
    "tiempo_por_iteracion": 3.4617124977758373
}