{
    "bestSolution": [
        12,
        3,
        5,
        0,
        12,
        2,
        1,
        1,
        13,
        1,
        18,
        0,
        1,
        4,
        16,
        1,
        10,
        2,
        2,
        4,
        16,
        4,
        17,
        2,
        15,
        2,
        11,
        1,
        15,
        2,
        7,
        2,
        4,
        1,
        5,
        2,
        14,
        1,
        6,
        1,
        14,
        0,
        7,
        0,
        5,
        0,
        4,
        1,
        17,
        2,
        2,
        3,
        18,
        3,
        16,
        4,
        9,
        0,
        8,
        3,
        10,
        2,
        16,
        1,
        3,
        4,
        0,
        0,
        11,
        3,
        13,
        0,
        8,
        2,
        14,
        0,
        9,
        0,
        8,
        1,
        4,
        4,
        3,
        1,
        17,
        4,
        13,
        3,
        5,
        3,
        11,
        3,
        18,
        4,
        17,
        2,
        19,
        0,
        7,
        0,
        10,
        4,
        13,
        1,
        14,
        4,
        3,
        4,
        12,
        1,
        11,
        4,
        7,
        1,
        15,
        1,
        4,
        3,
        9,
        1,
        1,
        2,
        10,
        2,
        2,
        0,
        6,
        1,
        3,
        2,
        17,
        4,
        19,
        4,
        1,
        1,
        3,
        4,
        6,
        4,
        0,
        0,
        4,
        3,
        16,
        4,
        18,
        0,
        19,
        4,
        14,
        0,
        8,
        0,
        5,
        0,
        12,
        3,
        0,
        1,
        15,
        1,
        6,
        2,
        1,
        1,
        2,
        2,
        7,
        1,
        15,
        2,
        19,
        1,
        2,
        2,
        6,
        1,
        8,
        4,
        0,
        2,
        18,
        3,
        10,
        2,
        9,
        2,
        13,
        0,
        19,
        2,
        12,
        4,
        0,
        0,
        11,
        4,
        9,
        4
    ],
    "makespan": 213,
    "normalized_makespan": 0.07496768634209393,
    "energy": 9230,
    "normalized_energy": 0.7673981191222571,
    "tardiness": 599,
    "normalized_tardiness": 0.2538135593220339,
    "bestObjectiveFunction": 1.096179364786385,
    "tiempo_por_iteracion": 1.209456486109446
}