{
    "bestSolution": [
        0,
        1,
        1,
        0,
        2,
        1,
        2,
        2,
        2,
        2,
        3,
        0,
        0,
        0,
        4,
        2,
        4,
        0,
        3,
        2,
        1,
        0,
        4,
        0,
        2,
        0,
        1,
        0,
        4,
        1,
        1,
        1,
        0,
        1,
        2,
        0,
        3,
        0,
        0,
        2,
        3,
        1,
        4,
        0,
        2,
        0,
        0,
        0,
        0,
        0,
        4,
        0,
        1,
        0,
        2,
        1,
        3,
        0,
        2,
        1,
        1,
        0,
        0,
        0,
        4,
        0,
        3,
        1,
        2,
        0,
        4,
        0,
        0,
        0,
        1,
        2,
        0,
        1,
        1,
        0,
        1,
        0,
        0,
        1,
        1,
        0,
        2,
        1,
        3,
        2,
        3,
        1,
        4,
        0,
        2,
        0,
        2,
        2,
        3,
        0,
        4,
        1,
        0,
        1,
        4,
        0,
        2,
        0,
        3,
        1,
        3,
        0,
        4,
        0,
        2,
        0,
        4,
        2,
        2,
        0,
        1,
        1,
        2,
        0,
        3,
        0,
        0,
        1,
        3,
        0,
        1,
        1,
        3,
        1,
        3,
        0,
        0,
        0,
        1,
        0,
        4,
        0,
        4,
        0,
        4,
        0,
        3,
        2,
        0,
        1,
        0,
        0,
        1,
        1,
        3,
        0,
        2,
        0,
        1,
        0,
        0,
        1,
        0,
        1,
        4,
        0,
        4,
        2,
        4,
        2,
        0,
        0,
        0,
        0,
        3,
        1,
        0,
        0,
        3,
        0,
        2,
        0,
        3,
        0,
        1,
        0,
        1,
        0,
        2,
        0,
        2,
        0,
        1,
        0,
        1,
        0,
        4,
        0,
        1,
        1
    ],
    "makespan": 2926,
    "normalized_makespan": 0.17024781549921214,
    "energy": 4421,
    "normalized_energy": 0.3217781402936378,
    "tardiness": 0,
    "normalized_tardiness": 0,
    "bestObjectiveFunction": 0.49202595579284997,
    "tiempo_por_iteracion": 1.3860804926265369
}