{
    "bestSolution": [
        4,
        0,
        1,
        0,
        3,
        1,
        0,
        2,
        2,
        0,
        4,
        2,
        3,
        0,
        0,
        0,
        1,
        2,
        3,
        0,
        1,
        0,
        0,
        1,
        2,
        1,
        4,
        0,
        0,
        2,
        4,
        2,
        3,
        2,
        1,
        2,
        0,
        0,
        1,
        1,
        2,
        1,
        2,
        1,
        4,
        0,
        3,
        0,
        2,
        2
    ],
    "makespan": 400,
    "normalized_makespan": 0.09313543599257885,
    "energy": 1586,
    "normalized_energy": 0.5954265611257695,
    "tardiness": 139,
    "normalized_tardiness": 0.048874824191279885,
    "bestObjectiveFunction": 0.7374368213096283,
    "tiempo_por_iteracion": 0.19467902879645355
}