{
    "bestSolution": [
        2,
        2,
        6,
        1,
        5,
        1,
        3,
        1,
        4,
        1,
        1,
        2,
        3,
        0,
        9,
        2,
        6,
        2,
        8,
        2,
        6,
        1,
        4,
        1,
        9,
        1,
        6,
        1,
        4,
        2,
        9,
        2,
        8,
        2,
        2,
        1,
        5,
        1,
        2,
        1,
        8,
        1,
        9,
        1,
        8,
        1,
        7,
        1,
        7,
        2,
        5,
        2,
        6,
        2,
        4,
        1,
        7,
        2,
        1,
        1,
        0,
        2,
        3,
        2,
        1,
        2,
        0,
        2,
        7,
        2,
        7,
        0,
        2,
        2,
        1,
        2,
        0,
        1,
        5,
        2,
        5,
        2,
        4,
        0,
        3,
        2,
        8,
        1,
        6,
        0,
        1,
        1,
        9,
        0,
        5,
        2,
        4,
        2,
        6,
        2,
        8,
        2,
        3,
        2,
        7,
        1,
        6,
        2,
        7,
        2,
        1,
        1,
        2,
        1,
        1,
        2,
        3,
        1,
        5,
        2,
        8,
        1,
        0,
        1,
        8,
        2,
        7,
        1,
        9,
        0,
        6,
        1,
        2,
        0,
        5,
        2,
        3,
        1,
        3,
        0,
        5,
        2,
        5,
        1,
        0,
        1,
        0,
        2,
        0,
        2,
        9,
        0,
        8,
        2,
        4,
        1,
        9,
        1,
        2,
        1,
        7,
        1,
        0,
        1,
        8,
        2,
        9,
        1,
        2,
        2,
        1,
        1,
        2,
        2,
        1,
        2,
        4,
        1,
        4,
        2,
        0,
        2,
        1,
        0,
        2,
        1,
        6,
        1,
        3,
        0,
        3,
        2,
        0,
        2,
        4,
        2,
        7,
        1,
        9,
        1
    ],
    "makespan": 883,
    "normalized_makespan": 0.04059844578400755,
    "energy": 7059,
    "normalized_energy": 0.847808105872622,
    "tardiness": 462,
    "normalized_tardiness": 0.03278223231391471,
    "bestObjectiveFunction": 0.9211887839705443,
    "tiempo_por_iteracion": 1.7077169194817543
}