{
    "bestSolution": [
        9,
        0,
        7,
        0,
        9,
        1,
        5,
        1,
        2,
        1,
        1,
        0,
        9,
        1,
        8,
        0,
        1,
        0,
        1,
        1,
        4,
        0,
        7,
        4,
        5,
        0,
        5,
        0,
        0,
        0,
        6,
        0,
        8,
        0,
        3,
        0,
        3,
        0,
        2,
        0,
        9,
        0,
        7,
        3,
        7,
        1,
        7,
        0,
        1,
        3,
        8,
        3,
        0,
        3,
        4,
        0,
        6,
        1,
        5,
        0,
        3,
        4,
        5,
        4,
        2,
        0,
        5,
        1,
        2,
        0,
        4,
        0,
        0,
        4,
        4,
        3,
        6,
        2,
        7,
        0,
        9,
        1,
        0,
        4,
        1,
        2,
        6,
        4,
        4,
        3,
        2,
        1,
        3,
        0,
        0,
        0,
        6,
        0,
        8,
        0,
        7,
        3,
        1,
        0,
        8,
        4,
        2,
        3,
        1,
        0,
        3,
        2,
        9,
        1,
        9,
        0,
        8,
        1,
        6,
        0,
        1,
        0,
        7,
        0,
        3,
        1,
        6,
        0,
        2,
        0,
        0,
        0,
        5,
        0,
        6,
        1,
        8,
        2,
        3,
        1,
        0,
        0,
        2,
        4,
        3,
        0,
        9,
        0,
        5,
        3,
        3,
        0,
        1,
        0,
        2,
        0,
        4,
        0,
        3,
        0,
        8,
        4,
        7,
        1,
        0,
        1,
        4,
        1,
        8,
        0,
        6,
        0,
        8,
        0,
        0,
        1,
        0,
        0,
        9,
        1,
        5,
        0,
        2,
        1,
        5,
        2,
        7,
        0,
        4,
        0,
        9,
        0,
        4,
        4,
        1,
        0,
        6,
        0,
        4,
        0
    ],
    "makespan": 1546,
    "normalized_makespan": 0.10077946618376506,
    "energy": 4843,
    "normalized_energy": 0.3635617562576939,
    "tardiness": 0,
    "normalized_tardiness": 0,
    "bestObjectiveFunction": 0.4643412224414589,
    "tiempo_por_iteracion": 0.7144014735321899
}