{
    "bestSolution": [
        2,
        3,
        3,
        3,
        1,
        0,
        4,
        2,
        1,
        2,
        4,
        3,
        1,
        4,
        1,
        4,
        1,
        3,
        3,
        3,
        0,
        1,
        0,
        4,
        1,
        4,
        0,
        2,
        2,
        4,
        2,
        2,
        0,
        4,
        2,
        2,
        4,
        1,
        0,
        2,
        3,
        2,
        4,
        4,
        2,
        2,
        1,
        0,
        0,
        2,
        2,
        4,
        3,
        4,
        2,
        2,
        1,
        1,
        3,
        1,
        2,
        1,
        2,
        2,
        3,
        4,
        1,
        4,
        1,
        4,
        4,
        1,
        3,
        3,
        0,
        3,
        2,
        3,
        0,
        4,
        2,
        0,
        1,
        1,
        3,
        2,
        4,
        2,
        1,
        4,
        3,
        3,
        3,
        3,
        2,
        4,
        0,
        2,
        2,
        0,
        1,
        2,
        4,
        2,
        3,
        3,
        4,
        2,
        1,
        0,
        3,
        0,
        0,
        1,
        0,
        3,
        4,
        4,
        4,
        1,
        1,
        3,
        0,
        1,
        2,
        0,
        0,
        4,
        1,
        2,
        4,
        4,
        0,
        3,
        3,
        4,
        4,
        4,
        2,
        0,
        3,
        2,
        4,
        2,
        3,
        1,
        3,
        2,
        0,
        3,
        2,
        2,
        0,
        2,
        1,
        3,
        3,
        2,
        2,
        4,
        2,
        3,
        4,
        2,
        1,
        1,
        0,
        4,
        3,
        0,
        4,
        2,
        3,
        4,
        1,
        3,
        0,
        4,
        2,
        0,
        0,
        1,
        4,
        4,
        4,
        2,
        4,
        3,
        0,
        4,
        1,
        2,
        3,
        3,
        4,
        0,
        4,
        3,
        2,
        1
    ],
    "makespan": 252,
    "normalized_makespan": 0.06775067750677506,
    "energy": 9325,
    "normalized_energy": 0.8174757281553398,
    "tardiness": 413,
    "normalized_tardiness": 0.17832469775474957,
    "bestObjectiveFunction": 1.0635511034168643,
    "tiempo_por_iteracion": 1.9108829877086888
}