{
    "bestSolution": [
        4,
        0,
        0,
        3,
        0,
        1,
        0,
        1,
        1,
        1,
        1,
        1,
        2,
        3,
        3,
        1,
        4,
        1,
        2,
        1,
        0,
        4,
        1,
        1,
        1,
        1,
        1,
        4,
        2,
        3,
        3,
        1,
        0,
        2,
        2,
        3,
        3,
        2,
        4,
        3,
        3,
        2,
        4,
        2,
        3,
        3,
        0,
        2,
        2,
        2,
        4,
        2,
        4,
        1,
        0,
        4,
        3,
        1,
        2,
        4,
        1,
        1,
        0,
        2,
        2,
        0,
        4,
        2,
        2,
        3,
        0,
        3,
        1,
        3,
        4,
        2,
        1,
        4,
        0,
        1,
        4,
        4,
        3,
        1,
        3,
        1,
        4,
        1,
        3,
        1,
        2,
        4,
        1,
        1,
        2,
        1,
        3,
        1,
        1,
        0
    ],
    "makespan": 936,
    "normalized_makespan": 0.09797917942437231,
    "energy": 3393,
    "normalized_energy": 0.7661670235546039,
    "tardiness": 235,
    "normalized_tardiness": 0.03441710603397774,
    "bestObjectiveFunction": 0.8985633090129539,
    "tiempo_por_iteracion": 1.3283332957337235
}