{
    "bestSolution": [
        2,
        0,
        8,
        0,
        5,
        0,
        8,
        0,
        0,
        0,
        9,
        0,
        4,
        0,
        4,
        0,
        3,
        0,
        1,
        0,
        9,
        0,
        7,
        0,
        5,
        0,
        0,
        0,
        6,
        0,
        7,
        0,
        1,
        0,
        3,
        0,
        2,
        0,
        4,
        0,
        9,
        0,
        5,
        0,
        5,
        0,
        6,
        0,
        3,
        0,
        6,
        0,
        0,
        0,
        9,
        0,
        2,
        0,
        1,
        0,
        3,
        0,
        8,
        0,
        8,
        0,
        0,
        0,
        9,
        0,
        2,
        0,
        3,
        0,
        7,
        0,
        1,
        0,
        5,
        0,
        1,
        0,
        4,
        0,
        6,
        0,
        6,
        0,
        0,
        0,
        8,
        0,
        4,
        0,
        7,
        0,
        2,
        0,
        7,
        0
    ],
    "makespan": 446,
    "normalized_makespan": 0.15538461538461537,
    "energy": 3687,
    "normalized_energy": 0,
    "tardiness": 430,
    "normalized_tardiness": 0.27849740932642486,
    "bestObjectiveFunction": 0.4338820247110402,
    "tiempo_por_iteracion": 0.859736979007721
}