{
    "bestSolution": [
        2,
        0,
        2,
        0,
        2,
        0,
        2,
        0,
        3,
        0,
        3,
        0,
        1,
        0,
        3,
        0,
        3,
        0,
        4,
        0,
        2,
        0,
        1,
        0,
        1,
        0,
        4,
        0,
        1,
        0,
        4,
        0,
        3,
        0,
        4,
        0,
        1,
        0,
        0,
        0,
        4,
        0,
        0,
        0,
        0,
        0,
        0,
        0,
        0,
        0
    ],
    "makespan": 119,
    "normalized_makespan": 0.5966386554621849,
    "energy": 2339,
    "normalized_energy": 0,
    "tardiness": 18,
    "normalized_tardiness": 0.10778443113772455,
    "bestObjectiveFunction": 0.7044230865999094,
    "tiempo_por_iteracion": 0.2806825911005338
}