{
    "bestSolution": [
        1,
        0,
        3,
        0,
        1,
        0,
        4,
        0,
        4,
        0,
        3,
        0,
        4,
        0,
        0,
        0,
        1,
        0,
        4,
        0,
        0,
        0,
        2,
        0,
        2,
        0,
        0,
        0,
        0,
        0,
        2,
        0,
        3,
        0,
        4,
        0,
        1,
        0,
        2,
        0,
        1,
        0,
        2,
        0,
        3,
        0,
        0,
        0,
        3,
        0
    ],
    "makespan": 270,
    "normalized_makespan": 0.12979890310786105,
    "energy": 1857,
    "normalized_energy": 0,
    "tardiness": 0,
    "normalized_tardiness": 0,
    "bestObjectiveFunction": 0.12979890310786105,
    "tiempo_por_iteracion": 1.4286611080169678
}