{
    "bestSolution": [
        3,
        1,
        1,
        2,
        3,
        4,
        4,
        3,
        4,
        1,
        0,
        2,
        2,
        3,
        1,
        2,
        2,
        1,
        0,
        4,
        0,
        4,
        4,
        4,
        4,
        2,
        2,
        2,
        2,
        4,
        0,
        3,
        0,
        4,
        3,
        2,
        4,
        4,
        1,
        1,
        0,
        1,
        4,
        1,
        4,
        1,
        0,
        3,
        3,
        2,
        3,
        2,
        2,
        0,
        1,
        1,
        2,
        3,
        2,
        1,
        1,
        0,
        3,
        0,
        3,
        1,
        1,
        3,
        3,
        4,
        2,
        1,
        4,
        3,
        1,
        4,
        1,
        1,
        4,
        2,
        1,
        4,
        3,
        0,
        0,
        1,
        2,
        1,
        2,
        1,
        0,
        0,
        4,
        3,
        1,
        3,
        3,
        2,
        0,
        1
    ],
    "makespan": 832,
    "normalized_makespan": 0.08134177944140512,
    "energy": 3265,
    "normalized_energy": 0.75,
    "tardiness": 446,
    "normalized_tardiness": 0.06183280188548454,
    "bestObjectiveFunction": 0.8931745813268896,
    "tiempo_por_iteracion": 1.3876075958383494
}