{
    "bestSolution": [
        2,
        0,
        0,
        0,
        1,
        0,
        4,
        0,
        2,
        0,
        0,
        0,
        3,
        0,
        1,
        0,
        4,
        0,
        2,
        0,
        2,
        2,
        0,
        0,
        1,
        0,
        4,
        2,
        4,
        0,
        2,
        0,
        0,
        0,
        3,
        0,
        4,
        0,
        1,
        1,
        0,
        0,
        3,
        2,
        3,
        1,
        3,
        0,
        1,
        0
    ],
    "makespan": 884,
    "normalized_makespan": 0.2198170731707317,
    "energy": 955,
    "normalized_energy": 0.20445505171042164,
    "tardiness": 0,
    "normalized_tardiness": 0,
    "bestObjectiveFunction": 0.42427212488115335,
    "tiempo_por_iteracion": 0.6660595417022706
}