{
    "bestSolution": [
        1,
        2,
        3,
        0,
        6,
        0,
        6,
        0,
        4,
        0,
        2,
        0,
        5,
        4,
        2,
        4,
        2,
        4,
        4,
        0,
        0,
        0,
        1,
        0,
        4,
        0,
        0,
        0,
        1,
        4,
        6,
        0,
        5,
        0,
        5,
        4,
        8,
        0,
        5,
        0,
        7,
        0,
        1,
        4,
        4,
        4,
        6,
        4,
        3,
        2,
        7,
        0,
        2,
        0,
        3,
        0,
        9,
        1,
        9,
        0,
        4,
        0,
        9,
        3,
        9,
        0,
        5,
        0,
        6,
        4,
        5,
        4,
        3,
        0,
        2,
        0,
        8,
        4,
        4,
        0,
        7,
        4,
        6,
        3,
        7,
        0,
        2,
        0,
        6,
        0,
        0,
        4,
        5,
        0,
        4,
        0,
        9,
        0,
        8,
        0,
        8,
        0,
        7,
        0,
        6,
        4,
        8,
        0,
        8,
        4,
        0,
        0,
        4,
        2,
        1,
        1,
        1,
        4,
        8,
        3,
        8,
        4,
        3,
        0,
        4,
        0,
        0,
        0,
        0,
        3,
        7,
        4,
        2,
        4,
        6,
        0,
        7,
        0,
        1,
        4,
        2,
        0,
        7,
        4,
        4,
        0,
        5,
        0,
        9,
        0,
        0,
        0,
        3,
        0,
        3,
        0,
        9,
        4,
        0,
        4,
        5,
        0,
        7,
        4,
        9,
        0,
        5,
        0,
        1,
        0,
        3,
        4,
        1,
        0,
        3,
        0,
        2,
        0,
        7,
        0,
        8,
        2,
        0,
        0,
        9,
        1,
        1,
        4,
        9,
        0,
        8,
        0,
        3,
        4,
        2,
        0,
        6,
        4,
        0,
        0
    ],
    "makespan": 2129,
    "normalized_makespan": 0.12443829934324231,
    "energy": 4545,
    "normalized_energy": 0.3632883336691517,
    "tardiness": 0,
    "normalized_tardiness": 0,
    "bestObjectiveFunction": 0.487726633012394,
    "tiempo_por_iteracion": 1.72605360564539
}