{
    "bestSolution": [
        4,
        0,
        1,
        0,
        0,
        3,
        1,
        0,
        2,
        2,
        4,
        0,
        4,
        4,
        3,
        4,
        1,
        4,
        4,
        0,
        0,
        4,
        3,
        4,
        1,
        0,
        0,
        0,
        2,
        0,
        3,
        4,
        2,
        4,
        2,
        0,
        0,
        0,
        4,
        2,
        0,
        1,
        1,
        0,
        1,
        0,
        0,
        3,
        1,
        2,
        2,
        4,
        3,
        0,
        2,
        4,
        2,
        0,
        1,
        3,
        3,
        0,
        4,
        2,
        4,
        0,
        0,
        4,
        4,
        4,
        0,
        2,
        4,
        0,
        2,
        0,
        2,
        4,
        4,
        1,
        4,
        0,
        2,
        0,
        0,
        2,
        4,
        0,
        0,
        0,
        1,
        0,
        3,
        4,
        2,
        0,
        4,
        0,
        0,
        0,
        3,
        0,
        1,
        0,
        1,
        0,
        1,
        4,
        0,
        0,
        0,
        4,
        0,
        0,
        3,
        0,
        4,
        0,
        0,
        0,
        2,
        4,
        3,
        4,
        3,
        2,
        3,
        2,
        4,
        4,
        3,
        3,
        2,
        0,
        1,
        0,
        4,
        4,
        1,
        0,
        3,
        0,
        3,
        4,
        0,
        0,
        2,
        1,
        0,
        4,
        2,
        0,
        2,
        0,
        3,
        0,
        0,
        0,
        3,
        4,
        4,
        3,
        2,
        0,
        1,
        0,
        2,
        2,
        2,
        4,
        4,
        4,
        3,
        0,
        4,
        0,
        1,
        4,
        0,
        4,
        3,
        3,
        1,
        2,
        1,
        0,
        3,
        0,
        0,
        0,
        1,
        2,
        3,
        3,
        1,
        2,
        4,
        0,
        2,
        2
    ],
    "makespan": 2112,
    "normalized_makespan": 0.12878787878787878,
    "energy": 5173,
    "normalized_energy": 0.43419434194341944,
    "tardiness": 0,
    "normalized_tardiness": 0,
    "bestObjectiveFunction": 0.5629822207312982,
    "tiempo_por_iteracion": 1.5161045150480408
}