{
    "bestSolution": [
        2,
        1,
        7,
        2,
        7,
        1,
        4,
        1,
        6,
        1,
        0,
        1,
        6,
        2,
        2,
        0,
        4,
        1,
        5,
        1,
        0,
        2,
        7,
        0,
        7,
        2,
        6,
        0,
        3,
        2,
        9,
        0,
        1,
        1,
        2,
        2,
        4,
        1,
        8,
        1,
        6,
        2,
        0,
        1,
        9,
        1,
        6,
        2,
        4,
        1,
        0,
        2,
        3,
        0,
        8,
        0,
        5,
        1,
        2,
        1,
        7,
        1,
        4,
        1,
        5,
        2,
        2,
        0,
        1,
        1,
        3,
        2,
        1,
        1,
        8,
        0,
        1,
        1,
        3,
        0,
        3,
        1,
        0,
        0,
        5,
        0,
        8,
        0,
        9,
        2,
        1,
        0,
        9,
        2,
        5,
        1,
        9,
        1,
        8,
        1
    ],
    "makespan": 668,
    "normalized_makespan": 0.07786513456304808,
    "energy": 3161,
    "normalized_energy": 0.6915064102564102,
    "tardiness": 1232,
    "normalized_tardiness": 0.18205999704448056,
    "bestObjectiveFunction": 0.951431541863939,
    "tiempo_por_iteracion": 0.5510676345046686
}