{
    "bestSolution": [
        14,
        0,
        1,
        1,
        13,
        0,
        6,
        2,
        5,
        0,
        0,
        1,
        1,
        0,
        8,
        2,
        11,
        1,
        16,
        1,
        2,
        0,
        15,
        0,
        8,
        1,
        19,
        1,
        8,
        2,
        19,
        2,
        3,
        1,
        7,
        2,
        14,
        2,
        2,
        0,
        19,
        2,
        10,
        2,
        5,
        0,
        3,
        2,
        6,
        2,
        19,
        1,
        8,
        0,
        8,
        0,
        10,
        0,
        13,
        0,
        9,
        0,
        4,
        2,
        4,
        0,
        9,
        1,
        13,
        0,
        14,
        0,
        18,
        0,
        11,
        0,
        16,
        0,
        2,
        2,
        3,
        2,
        9,
        1,
        10,
        2,
        12,
        0,
        6,
        0,
        9,
        1,
        5,
        0,
        17,
        2,
        18,
        1,
        19,
        0,
        7,
        1,
        7,
        0,
        15,
        0,
        9,
        0,
        1,
        1,
        7,
        1,
        1,
        0,
        6,
        0,
        2,
        0,
        4,
        2,
        0,
        1,
        16,
        1,
        18,
        0,
        12,
        1,
        10,
        1,
        17,
        1,
        13,
        0,
        15,
        0,
        11,
        0,
        6,
        0,
        16,
        0,
        16,
        0,
        17,
        2,
        17,
        2,
        0,
        0,
        4,
        2,
        0,
        0,
        2,
        0,
        11,
        1,
        10,
        0,
        4,
        1,
        18,
        1,
        11,
        1,
        7,
        0,
        17,
        2,
        5,
        2,
        3,
        2,
        12,
        0,
        18,
        2,
        15,
        1,
        14,
        0,
        12,
        2,
        0,
        1,
        1,
        2,
        12,
        2,
        13,
        0,
        15,
        2,
        14,
        2,
        3,
        1,
        5,
        2
    ],
    "makespan": 367,
    "normalized_makespan": 0.11962833914053426,
    "energy": 8870,
    "normalized_energy": 0.5877403846153846,
    "tardiness": 1073,
    "normalized_tardiness": 0.4062854979174555,
    "bestObjectiveFunction": 1.1136542216733742,
    "tiempo_por_iteracion": 1.251164060168796
}