{
    "bestSolution": [
        2,
        0,
        2,
        0,
        4,
        0,
        0,
        0,
        4,
        0,
        3,
        0,
        2,
        0,
        2,
        0,
        1,
        0,
        1,
        0,
        0,
        0,
        3,
        0,
        2,
        0,
        3,
        0,
        4,
        0,
        0,
        0,
        0,
        0,
        3,
        0,
        1,
        0,
        1,
        0,
        0,
        0,
        0,
        0,
        4,
        0,
        3,
        0,
        3,
        0,
        1,
        0,
        2,
        0,
        3,
        0,
        3,
        0,
        0,
        0,
        1,
        0,
        4,
        0,
        2,
        0,
        1,
        0,
        3,
        0,
        1,
        0,
        2,
        0,
        4,
        0,
        4,
        0,
        4,
        0,
        0,
        0,
        1,
        0,
        4,
        0,
        2,
        0,
        2,
        0,
        0,
        0,
        3,
        0,
        1,
        0,
        4,
        0,
        0,
        0
    ],
    "makespan": 524,
    "normalized_makespan": 0.1023502653525398,
    "energy": 3574,
    "normalized_energy": 0,
    "tardiness": 0,
    "normalized_tardiness": 0,
    "bestObjectiveFunction": 0.1023502653525398,
    "tiempo_por_iteracion": 2.438462734222412
}