{
    "bestSolution": [
        3,
        1,
        1,
        0,
        1,
        1,
        0,
        0,
        2,
        1,
        4,
        2,
        4,
        0,
        1,
        1,
        3,
        1,
        1,
        2,
        3,
        0,
        0,
        1,
        3,
        2,
        2,
        0,
        0,
        1,
        2,
        2,
        2,
        1,
        1,
        0,
        4,
        0,
        3,
        0,
        2,
        0,
        0,
        1,
        4,
        2,
        0,
        0,
        4,
        2
    ],
    "makespan": 532,
    "normalized_makespan": 0.10536558242980261,
    "energy": 1378,
    "normalized_energy": 0.5845559845559846,
    "tardiness": 102,
    "normalized_tardiness": 0.0272,
    "bestObjectiveFunction": 0.7171215669857872,
    "tiempo_por_iteracion": 0.3116574998487506
}