{
    "status": "SATISFIED",
    "solution": {
        "objective": 1.303584542674451,
        "start_time": [
            [
                318,
                131,
                80,
                494,
                708
            ],
            [
                1196,
                1461,
                131,
                1003,
                243
            ],
            [
                494,
                986,
                262,
                100,
                815
            ],
            [
                751,
                528,
                1175,
                898,
                1003
            ],
            [
                898,
                318,
                1316,
                1196,
                528
            ]
        ],
        "SpeedScaling": [
            [
                1,
                1,
                1,
                1,
                1
            ],
            [
                1,
                1,
                1,
                1,
                1
            ],
            [
                1,
                1,
                1,
                1,
                1
            ],
            [
                1,
                1,
                1,
                1,
                1
            ],
            [
                1,
                1,
                1,
                1,
                1
            ]
        ],
        "_output_item": "Objective function normalized: M-0.408117876007784 + E-0.0 + T-0.8954666666666666 = 1.303584542674451 \nObjective function : M-1621.0 + E-621.0 + T-3358.0 = 1.303584542674451 \nStart Times: [318, 131, 80, 494, 708, 1196, 1461, 131, 1003, 243, 494, 986, 262, 100, 815, 751, 528, 1175, 898, 1003, 898, 318, 1316, 1196, 528]\nSpeed Scaling; [1, 1, 1, 1, 1, 1, 1, 1, 1, 1, 1, 1, 1, 1, 1, 1, 1, 1, 1, 1, 1, 1, 1, 1, 1]\n",
        "_checker": ""
    },
    "statistics": {
        "paths": 0,
        "flatBoolVars": 100,
        "flatIntVars": 152,
        "flatFloatVars": 35,
        "flatBoolConstraints": 50,
        "flatIntConstraints": 252,
        "flatFloatConstraints": 35,
        "evaluatedHalfReifiedConstraints": 100,
        "method": "minimize",
        "flatTime": 47.690000000000005,
        "time": 72.0,
        "initTime": 3.213,
        "solveTime": 53395.200000000004,
        "solutions": 1,
        "variables": 252,
        "propagators": 337,
        "propagations": 59265958,
        "nodes": 47479693,
        "failures": 23738934,
        "restarts": 0,
        "peakDepth": 1067,
        "nSolutions": 1
    }
}