{
    "bestSolution": [
        12,
        2,
        4,
        4,
        10,
        1,
        8,
        3,
        2,
        4,
        6,
        2,
        5,
        1,
        7,
        1,
        0,
        1,
        8,
        0,
        9,
        1,
        11,
        1,
        0,
        4,
        1,
        4,
        5,
        2,
        8,
        3,
        10,
        0,
        0,
        0,
        5,
        2,
        2,
        2,
        4,
        1,
        10,
        2,
        19,
        2,
        17,
        3,
        9,
        4,
        11,
        2,
        1,
        1,
        2,
        1,
        13,
        1,
        5,
        1,
        6,
        2,
        3,
        2,
        3,
        4,
        14,
        4,
        8,
        0,
        19,
        2,
        16,
        0,
        11,
        1,
        1,
        2,
        2,
        0,
        18,
        0,
        16,
        0,
        4,
        0,
        0,
        1,
        15,
        3,
        1,
        0,
        18,
        2,
        17,
        0,
        9,
        3,
        16,
        1,
        0,
        2,
        11,
        3,
        7,
        1,
        15,
        3,
        10,
        2,
        17,
        1,
        14,
        0,
        1,
        4,
        15,
        1,
        5,
        1,
        16,
        3,
        9,
        0,
        11,
        3,
        15,
        0,
        13,
        4,
        12,
        2,
        6,
        1,
        18,
        1,
        13,
        0,
        17,
        2,
        19,
        1,
        12,
        3,
        4,
        2,
        10,
        2,
        8,
        1,
        3,
        1,
        2,
        2,
        7,
        2,
        12,
        2,
        16,
        4,
        13,
        0,
        15,
        2,
        18,
        1,
        3,
        2,
        9,
        2,
        19,
        0,
        13,
        1,
        4,
        3,
        17,
        4,
        7,
        3,
        14,
        1,
        6,
        0,
        7,
        4,
        14,
        4,
        3,
        0,
        6,
        2,
        19,
        4,
        14,
        0,
        18,
        4,
        12,
        4
    ],
    "makespan": 1242,
    "normalized_makespan": 0.07216072160721607,
    "energy": 6200,
    "normalized_energy": 0.7000200120072043,
    "tardiness": 4001,
    "normalized_tardiness": 0.26997300944669367,
    "bestObjectiveFunction": 1.042153743061114,
    "tiempo_por_iteracion": 1.142880815367459
}