{
    "bestSolution": [
        8,
        0,
        0,
        1,
        5,
        4,
        3,
        0,
        4,
        4,
        7,
        0,
        6,
        4,
        9,
        0,
        3,
        0,
        9,
        0,
        4,
        0,
        7,
        0,
        2,
        4,
        1,
        4,
        1,
        4,
        0,
        0,
        8,
        2,
        5,
        4,
        9,
        4,
        9,
        0,
        7,
        0,
        1,
        4,
        2,
        0,
        3,
        0,
        1,
        0,
        5,
        0,
        4,
        0,
        0,
        0,
        6,
        2,
        4,
        3,
        8,
        4,
        1,
        0,
        3,
        0,
        9,
        4,
        7,
        0,
        6,
        0,
        2,
        0,
        5,
        0,
        6,
        4,
        4,
        4,
        7,
        0,
        5,
        0,
        2,
        0,
        0,
        0,
        3,
        0,
        8,
        4,
        8,
        4,
        0,
        3,
        2,
        0,
        6,
        0
    ],
    "makespan": 1187,
    "normalized_makespan": 0.1693207669808255,
    "energy": 2498,
    "normalized_energy": 0.36815501263689976,
    "tardiness": 0,
    "normalized_tardiness": 0,
    "bestObjectiveFunction": 0.5374757796177252,
    "tiempo_por_iteracion": 0.7920377608388662
}