{
    "bestSolution": [
        2,
        1,
        4,
        2,
        2,
        2,
        2,
        0,
        0,
        1,
        0,
        1,
        0,
        1,
        4,
        1,
        1,
        1,
        3,
        2,
        2,
        2,
        3,
        1,
        4,
        2,
        0,
        2,
        4,
        1,
        1,
        1,
        0,
        2,
        1,
        2,
        1,
        1,
        2,
        1,
        3,
        0,
        4,
        2,
        3,
        1,
        3,
        1,
        1,
        1
    ],
    "makespan": 110,
    "normalized_makespan": 0.08993288590604027,
    "energy": 2305,
    "normalized_energy": 0.875,
    "tardiness": 51,
    "normalized_tardiness": 0.06472081218274112,
    "bestObjectiveFunction": 1.0296536980887814,
    "tiempo_por_iteracion": 0.6812163117111371
}