{
    "status": "SATISFIED",
    "solution": {
        "objective": 1.380538666724264,
        "start_time": [
            [
                115,
                86,
                173,
                85,
                70
            ],
            [
                114,
                60,
                123,
                115,
                85
            ],
            [
                42,
                34,
                13,
                35,
                0
            ],
            [
                34,
                0,
                42,
                30,
                188
            ],
            [
                188,
                108,
                90,
                96,
                117
            ]
        ],
        "SpeedScaling": [
            [
                1,
                1,
                1,
                1,
                1
            ],
            [
                1,
                1,
                1,
                1,
                1
            ],
            [
                1,
                1,
                1,
                1,
                1
            ],
            [
                1,
                1,
                1,
                1,
                1
            ],
            [
                1,
                1,
                1,
                1,
                1
            ]
        ],
        "_output_item": "Objective function normalized: M-0.486873508353222 + E-9.71445146547012e-16 + T-0.8936651583710408 = 1.380538666724264 \nObjective function: M-227.0 + E-2115.0 + T-395.0 = 1.380538666724264 \nStart Times: [115, 86, 173, 85, 70, 114, 60, 123, 115, 85, 42, 34, 13, 35, 0, 34, 0, 42, 30, 188, 188, 108, 90, 96, 117]\nSpeed Scaling; [1, 1, 1, 1, 1, 1, 1, 1, 1, 1, 1, 1, 1, 1, 1, 1, 1, 1, 1, 1, 1, 1, 1, 1, 1]\n",
        "_checker": ""
    },
    "statistics": {
        "paths": 0,
        "flatBoolVars": 100,
        "flatIntVars": 195,
        "flatFloatVars": 51,
        "flatBoolConstraints": 50,
        "flatIntConstraints": 301,
        "flatFloatConstraints": 51,
        "evaluatedHalfReifiedConstraints": 100,
        "method": "minimize",
        "flatTime": 58.641,
        "time": 83.0,
        "initTime": 2.487,
        "solveTime": 127084.0,
        "solutions": 1,
        "variables": 295,
        "propagators": 396,
        "propagations": 196037559,
        "nodes": 157127869,
        "failures": 78563867,
        "restarts": 0,
        "peakDepth": 103,
        "nSolutions": 1
    }
}