{
    "status": "OPTIMAL_SOLUTION",
    "solution": {
        "objective": 0.9427212045276306,
        "start_time": [
            [
                3,
                51,
                0,
                70,
                26
            ],
            [
                34,
                28,
                10,
                48,
                52
            ],
            [
                74,
                114,
                61,
                52,
                103
            ],
            [
                103,
                71,
                104,
                61,
                114
            ],
            [
                51,
                50,
                90,
                71,
                84
            ]
        ],
        "SpeedScaling": [
            [
                1,
                1,
                2,
                3,
                1
            ],
            [
                1,
                3,
                1,
                3,
                1
            ],
            [
                2,
                3,
                1,
                3,
                2
            ],
            [
                1,
                1,
                2,
                2,
                2
            ],
            [
                1,
                3,
                3,
                1,
                1
            ]
        ],
        "_output_item": "Objective function normalized: M-0.1066282420749279 + E-0.6242171189979119 + T-0.2118758434547908 = 0.9427212045276306 \nObjective function : M-121.0 + E-2197.0 + T-157.0 = 0.9427212045276306 \nStart Times: [3, 51, 0, 70, 26, 34, 28, 10, 48, 52, 74, 114, 61, 52, 103, 103, 71, 104, 61, 114, 51, 50, 90, 71, 84]\nSpeed Scaling; [1, 1, 2, 3, 1, 1, 3, 1, 3, 1, 2, 3, 1, 3, 2, 1, 1, 2, 2, 2, 1, 3, 3, 1, 1]\n",
        "_checker": ""
    },
    "statistics": {
        "paths": 0,
        "flatIntVars": 357,
        "flatFloatVars": 34,
        "flatIntConstraints": 448,
        "flatFloatConstraints": 34,
        "evaluatedHalfReifiedConstraints": 100,
        "method": "minimize",
        "flatTime": 83.586,
        "objective": 0.942721204528,
        "objectiveBound": 0.942721204528,
        "nodes": 2054,
        "solveTime": 1144.1,
        "time": 1020.9999999999999,
        "openNodes": 201,
        "nSolutions": 26
    }
}