{
    "bestSolution": [
        8,
        0,
        13,
        0,
        19,
        0,
        5,
        0,
        10,
        0,
        3,
        0,
        3,
        0,
        13,
        0,
        19,
        0,
        17,
        0,
        13,
        0,
        4,
        0,
        12,
        0,
        15,
        0,
        14,
        0,
        1,
        0,
        13,
        0,
        11,
        0,
        16,
        0,
        3,
        0,
        19,
        0,
        16,
        0,
        7,
        0,
        14,
        0,
        18,
        0,
        6,
        0,
        12,
        0,
        18,
        0,
        10,
        0,
        5,
        0,
        11,
        0,
        9,
        0,
        9,
        0,
        0,
        0,
        1,
        0,
        12,
        0,
        9,
        0,
        9,
        0,
        2,
        0,
        19,
        0,
        10,
        0,
        18,
        0,
        8,
        0,
        15,
        0,
        7,
        0,
        2,
        0,
        16,
        0,
        6,
        0,
        17,
        0,
        7,
        0,
        19,
        0,
        11,
        0,
        16,
        0,
        8,
        0,
        13,
        0,
        10,
        0,
        2,
        0,
        15,
        0,
        18,
        0,
        2,
        0,
        1,
        0,
        1,
        0,
        5,
        0,
        12,
        0,
        11,
        0,
        3,
        0,
        0,
        0,
        0,
        0,
        10,
        0,
        0,
        0,
        14,
        0,
        6,
        0,
        6,
        0,
        9,
        0,
        7,
        0,
        16,
        0,
        15,
        0,
        17,
        0,
        17,
        0,
        17,
        0,
        3,
        0,
        6,
        0,
        14,
        0,
        12,
        0,
        15,
        0,
        7,
        0,
        2,
        0,
        1,
        0,
        5,
        0,
        4,
        0,
        14,
        0,
        0,
        0,
        4,
        0,
        18,
        0,
        11,
        0,
        4,
        0,
        5,
        0,
        8,
        0,
        4,
        0,
        8,
        0
    ],
    "makespan": 231,
    "normalized_makespan": 0.336,
    "energy": 9453,
    "normalized_energy": 0,
    "tardiness": 484,
    "normalized_tardiness": 0.8596802841918295,
    "bestObjectiveFunction": 1.1956802841918295,
    "tiempo_por_iteracion": 3.415681415134006
}