{
    "bestSolution": [
        0,
        0,
        3,
        0,
        6,
        0,
        8,
        0,
        7,
        0,
        3,
        0,
        17,
        0,
        17,
        0,
        9,
        0,
        19,
        0,
        19,
        0,
        10,
        0,
        3,
        0,
        0,
        0,
        9,
        0,
        12,
        0,
        3,
        0,
        1,
        0,
        12,
        0,
        16,
        0,
        13,
        0,
        17,
        0,
        17,
        0,
        3,
        0,
        13,
        0,
        5,
        0,
        2,
        0,
        13,
        0,
        18,
        0,
        7,
        0,
        13,
        0,
        15,
        0,
        19,
        0,
        16,
        0,
        1,
        0,
        5,
        0,
        4,
        0,
        15,
        0,
        11,
        0,
        18,
        0,
        2,
        0,
        2,
        0,
        12,
        0,
        6,
        0,
        14,
        0,
        2,
        0,
        9,
        0,
        11,
        0,
        5,
        0,
        13,
        0,
        10,
        0,
        7,
        0,
        5,
        0,
        18,
        0,
        14,
        0,
        6,
        0,
        16,
        0,
        12,
        0,
        2,
        0,
        1,
        0,
        11,
        0,
        18,
        0,
        14,
        0,
        5,
        0,
        11,
        0,
        15,
        0,
        12,
        0,
        4,
        0,
        14,
        0,
        10,
        0,
        18,
        0,
        4,
        0,
        6,
        0,
        0,
        0,
        8,
        0,
        1,
        0,
        0,
        0,
        17,
        0,
        8,
        0,
        15,
        0,
        9,
        0,
        6,
        0,
        0,
        0,
        19,
        0,
        15,
        0,
        7,
        0,
        7,
        0,
        4,
        0,
        19,
        0,
        16,
        0,
        8,
        0,
        1,
        0,
        4,
        0,
        9,
        0,
        16,
        0,
        10,
        0,
        10,
        0,
        11,
        0,
        14,
        0,
        8,
        0
    ],
    "makespan": 228,
    "normalized_makespan": 0.33,
    "energy": 9453,
    "normalized_energy": 0,
    "tardiness": 450,
    "normalized_tardiness": 0.7992895204262878,
    "bestObjectiveFunction": 1.1292895204262878,
    "tiempo_por_iteracion": 0.7140991188759027
}