{
    "bestSolution": [
        3,
        3,
        2,
        3,
        4,
        2,
        0,
        1,
        3,
        2,
        4,
        4,
        1,
        1,
        0,
        3,
        2,
        0,
        3,
        3,
        3,
        2,
        1,
        1,
        1,
        0,
        1,
        3,
        0,
        1,
        3,
        1,
        2,
        2,
        2,
        1,
        0,
        2,
        3,
        0,
        4,
        0,
        4,
        2,
        0,
        4,
        2,
        2,
        2,
        3,
        1,
        1,
        4,
        4,
        0,
        1,
        4,
        0,
        1,
        1,
        3,
        1,
        2,
        1,
        2,
        1,
        1,
        4,
        3,
        2,
        1,
        2,
        0,
        2,
        1,
        0,
        4,
        4,
        4,
        2,
        0,
        0,
        2,
        1,
        4,
        0,
        3,
        2,
        2,
        2,
        3,
        1,
        0,
        2,
        4,
        2,
        0,
        1,
        1,
        1
    ],
    "makespan": 767,
    "normalized_makespan": 0.08225729316116691,
    "energy": 3225,
    "normalized_energy": 0.7063778580024067,
    "tardiness": 542,
    "normalized_tardiness": 0.08307786633966892,
    "bestObjectiveFunction": 0.8717130175032426,
    "tiempo_por_iteracion": 0.8156145478067128
}