{
    "bestSolution": [
        5,
        2,
        5,
        0,
        8,
        2,
        2,
        2,
        7,
        0,
        3,
        1,
        1,
        0,
        3,
        0,
        0,
        1,
        5,
        1,
        3,
        2,
        0,
        2,
        0,
        0,
        6,
        2,
        2,
        2,
        9,
        2,
        9,
        2,
        1,
        1,
        0,
        1,
        1,
        1,
        1,
        1,
        3,
        0,
        8,
        0,
        6,
        1,
        7,
        1,
        3,
        0,
        0,
        1,
        5,
        0,
        9,
        1,
        0,
        0,
        4,
        1,
        1,
        1,
        2,
        2,
        3,
        1,
        8,
        2,
        2,
        2,
        9,
        0,
        5,
        1,
        5,
        2,
        1,
        2,
        5,
        0,
        7,
        2,
        9,
        2,
        3,
        0,
        7,
        1,
        5,
        1,
        2,
        0,
        0,
        1,
        4,
        1,
        6,
        1,
        7,
        0,
        9,
        1,
        3,
        1,
        8,
        1,
        4,
        1,
        1,
        1,
        6,
        2,
        9,
        2,
        7,
        1,
        5,
        1,
        1,
        1,
        8,
        1,
        9,
        0,
        1,
        2,
        1,
        2,
        7,
        2,
        6,
        2,
        6,
        2,
        4,
        1,
        2,
        1,
        3,
        0,
        8,
        0,
        6,
        2,
        2,
        0,
        4,
        0,
        0,
        1,
        5,
        0,
        8,
        2,
        4,
        0,
        6,
        0,
        2,
        1,
        0,
        1,
        3,
        2,
        6,
        0,
        7,
        1,
        4,
        2,
        7,
        1,
        4,
        1,
        4,
        2,
        0,
        0,
        9,
        2,
        6,
        1,
        8,
        0,
        2,
        0,
        4,
        0,
        7,
        1,
        9,
        1,
        2,
        0,
        8,
        1,
        8,
        1
    ],
    "makespan": 281,
    "normalized_makespan": 0.08275596612779061,
    "energy": 9010,
    "normalized_energy": 0.6832261835184102,
    "tardiness": 705,
    "normalized_tardiness": 0.26463963963963966,
    "bestObjectiveFunction": 1.0306217892858405,
    "tiempo_por_iteracion": 1.5909030437469482
}