{
    "bestSolution": [
        5,
        0,
        5,
        0,
        3,
        0,
        3,
        0,
        2,
        0,
        1,
        0,
        8,
        0,
        7,
        0,
        8,
        0,
        7,
        0,
        8,
        0,
        2,
        0,
        1,
        0,
        1,
        0,
        9,
        0,
        3,
        0,
        6,
        0,
        0,
        0,
        6,
        0,
        0,
        0,
        5,
        0,
        2,
        0,
        3,
        0,
        8,
        0,
        1,
        0,
        6,
        0,
        3,
        0,
        5,
        0,
        6,
        0,
        9,
        0,
        0,
        0,
        8,
        0,
        9,
        0,
        7,
        0,
        6,
        0,
        5,
        0,
        4,
        0,
        1,
        0,
        0,
        0,
        4,
        0,
        2,
        0,
        9,
        0,
        4,
        0,
        2,
        0,
        0,
        0,
        7,
        0,
        9,
        0,
        7,
        0,
        4,
        0,
        4,
        0
    ],
    "makespan": 133,
    "normalized_makespan": 0.3625,
    "energy": 4725,
    "normalized_energy": 0,
    "tardiness": 96,
    "normalized_tardiness": 0.3356643356643357,
    "bestObjectiveFunction": 0.6981643356643357,
    "tiempo_por_iteracion": 0.2563343048095703
}