{
    "bestSolution": [
        0,
        2,
        1,
        0,
        4,
        0,
        3,
        0,
        9,
        0,
        7,
        0,
        5,
        0,
        8,
        0,
        0,
        0,
        6,
        0,
        3,
        0,
        6,
        0,
        1,
        2,
        5,
        0,
        9,
        2,
        4,
        0,
        6,
        0,
        2,
        0,
        1,
        0,
        2,
        0,
        3,
        2,
        5,
        0,
        3,
        0,
        6,
        0,
        0,
        2,
        9,
        0,
        8,
        1,
        4,
        0,
        1,
        0,
        8,
        1,
        7,
        1,
        2,
        2,
        9,
        0,
        4,
        0,
        3,
        0,
        8,
        0,
        7,
        0,
        1,
        0,
        6,
        0,
        5,
        0,
        9,
        0,
        2,
        1,
        4,
        2,
        7,
        0,
        0,
        1,
        0,
        0,
        5,
        0,
        7,
        0,
        2,
        0,
        8,
        0
    ],
    "makespan": 332,
    "normalized_makespan": 0.2456286427976686,
    "energy": 4050,
    "normalized_energy": 0.07518796992481203,
    "tardiness": 0,
    "normalized_tardiness": 0,
    "bestObjectiveFunction": 0.32081661272248063,
    "tiempo_por_iteracion": 0.34899708032608034
}