{
    "bestSolution": [
        9,
        1,
        2,
        0,
        6,
        0,
        7,
        0,
        5,
        2,
        4,
        0,
        3,
        0,
        5,
        0,
        3,
        0,
        3,
        0,
        2,
        0,
        7,
        0,
        6,
        0,
        4,
        0,
        9,
        0,
        6,
        0,
        8,
        0,
        1,
        1,
        6,
        0,
        9,
        0,
        3,
        0,
        4,
        0,
        1,
        2,
        0,
        0,
        5,
        1,
        8,
        0,
        9,
        0,
        0,
        0,
        9,
        0,
        5,
        2,
        4,
        2,
        7,
        2,
        7,
        0,
        5,
        0,
        1,
        0,
        2,
        2,
        4,
        2,
        2,
        2,
        8,
        1,
        8,
        0,
        3,
        0,
        2,
        0,
        0,
        2,
        1,
        0,
        1,
        2,
        8,
        0,
        7,
        0,
        6,
        0,
        0,
        2,
        0,
        0
    ],
    "makespan": 347,
    "normalized_makespan": 0.2581182348043297,
    "energy": 4090,
    "normalized_energy": 0.12531328320802004,
    "tardiness": 0,
    "normalized_tardiness": 0,
    "bestObjectiveFunction": 0.38343151801234976,
    "tiempo_por_iteracion": 0.8821822135679184
}