{
    "status": "OPTIMAL_SOLUTION",
    "solution": {
        "objective": 0.9958083888743037,
        "start_time": [
            [
                94,
                108,
                84,
                95,
                64
            ],
            [
                64,
                34,
                29,
                20,
                63
            ],
            [
                50,
                79,
                58,
                92,
                95
            ],
            [
                55,
                92,
                53,
                62,
                40
            ],
            [
                20,
                5,
                4,
                0,
                7
            ]
        ],
        "SpeedScaling": [
            [
                2,
                2,
                1,
                1,
                1
            ],
            [
                1,
                1,
                1,
                3,
                1
            ],
            [
                3,
                1,
                1,
                1,
                1
            ],
            [
                3,
                3,
                2,
                1,
                2
            ],
            [
                2,
                1,
                1,
                1,
                2
            ]
        ],
        "_output_item": "Objective function normalized: M-0.1347248576850095 + E-0.6097560975609755 + T-0.2513274336283186 = 0.9958083888743037 \nObjective function : M-109.0 + E-2259.0 + T-142.0 = 0.9958083888743037 \nStart Times: [94, 108, 84, 95, 64, 64, 34, 29, 20, 63, 50, 79, 58, 92, 95, 55, 92, 53, 62, 40, 20, 5, 4, 0, 7]\nSpeed Scaling; [2, 2, 1, 1, 1, 1, 1, 1, 3, 1, 3, 1, 1, 1, 1, 3, 3, 2, 1, 2, 2, 1, 1, 1, 2]\n",
        "_checker": ""
    },
    "statistics": {
        "paths": 0,
        "flatIntVars": 352,
        "flatFloatVars": 33,
        "flatIntConstraints": 444,
        "flatFloatConstraints": 33,
        "evaluatedHalfReifiedConstraints": 100,
        "method": "minimize",
        "flatTime": 86.764,
        "objective": 0.995808388874,
        "objectiveBound": 0.995808388874,
        "nodes": 2603,
        "openNodes": 173,
        "solveTime": 1004.999,
        "time": 867.0,
        "nSolutions": 11
    }
}