{
    "status": "SATISFIED",
    "solution": {
        "objective": 1.31290130993365,
        "start_time": [
            [
                144,
                263,
                119,
                174,
                99
            ],
            [
                36,
                30,
                29,
                20,
                35
            ],
            [
                50,
                78,
                57,
                91,
                94
            ],
            [
                103,
                174,
                94,
                144,
                40
            ],
            [
                173,
                5,
                4,
                0,
                119
            ]
        ],
        "SpeedScaling": [
            [
                1,
                2,
                1,
                1,
                1
            ],
            [
                1,
                3,
                2,
                3,
                1
            ],
            [
                2,
                1,
                1,
                1,
                1
            ],
            [
                1,
                1,
                1,
                1,
                1
            ],
            [
                1,
                1,
                1,
                1,
                1
            ]
        ],
        "_output_item": "Objective function normalized: M-0.428842504743833 + E-0.216802168021676 + T-0.6672566371681415 = 1.31290130993365 \nObjective function : M-264.0 + E-2114.0 + T-377.0 = 1.31290130993365 \nStart Times: [144, 263, 119, 174, 99, 36, 30, 29, 20, 35, 50, 78, 57, 91, 94, 103, 174, 94, 144, 40, 173, 5, 4, 0, 119]\nSpeed Scaling; [1, 2, 1, 1, 1, 1, 3, 2, 3, 1, 2, 1, 1, 1, 1, 1, 1, 1, 1, 1, 1, 1, 1, 1, 1]\n",
        "_checker": ""
    },
    "statistics": {
        "paths": 0,
        "flatBoolVars": 100,
        "flatIntVars": 148,
        "flatFloatVars": 33,
        "flatBoolConstraints": 50,
        "flatIntConstraints": 252,
        "flatFloatConstraints": 33,
        "evaluatedHalfReifiedConstraints": 100,
        "method": "minimize",
        "flatTime": 52.667,
        "time": 1397.0,
        "initTime": 2.216,
        "solveTime": 53389.200000000004,
        "solutions": 13,
        "variables": 248,
        "propagators": 331,
        "propagations": 321969409,
        "nodes": 1802941,
        "failures": 901278,
        "restarts": 0,
        "peakDepth": 107,
        "nSolutions": 13
    }
}