{
    "bestSolution": [
        4,
        0,
        3,
        1,
        1,
        1,
        0,
        2,
        1,
        2,
        4,
        2,
        2,
        2,
        1,
        0,
        3,
        1,
        3,
        1,
        4,
        2,
        1,
        2,
        4,
        1,
        2,
        1,
        0,
        0,
        1,
        0,
        0,
        1,
        2,
        0,
        3,
        1,
        3,
        2,
        2,
        0,
        0,
        0,
        2,
        0,
        4,
        1,
        0,
        1
    ],
    "makespan": 94,
    "normalized_makespan": 0.1062618595825427,
    "energy": 2306,
    "normalized_energy": 0.7371273712737128,
    "tardiness": 101,
    "normalized_tardiness": 0.17876106194690267,
    "bestObjectiveFunction": 1.022150292803158,
    "tiempo_por_iteracion": 0.621872297553129
}