{
    "bestSolution": [
        3,
        1,
        2,
        2,
        0,
        1,
        2,
        2,
        3,
        2,
        3,
        1,
        3,
        3,
        4,
        4,
        1,
        4,
        1,
        2,
        2,
        2,
        0,
        1,
        4,
        3,
        0,
        1,
        4,
        1,
        3,
        2,
        4,
        3,
        1,
        1,
        2,
        3,
        0,
        3,
        4,
        4,
        3,
        0,
        0,
        1,
        2,
        1,
        4,
        2,
        3,
        3,
        1,
        3,
        2,
        4,
        3,
        2,
        2,
        3,
        1,
        2,
        0,
        1,
        0,
        2,
        1,
        3,
        3,
        1,
        4,
        1,
        2,
        1,
        2,
        4,
        2,
        4,
        0,
        2,
        1,
        4,
        3,
        2,
        0,
        4,
        1,
        0,
        4,
        1,
        0,
        1,
        4,
        1,
        4,
        2,
        1,
        3,
        1,
        4
    ],
    "makespan": 658,
    "normalized_makespan": 0.06760330578512397,
    "energy": 3558,
    "normalized_energy": 0.8151260504201681,
    "tardiness": 206,
    "normalized_tardiness": 0.032703603746626446,
    "bestObjectiveFunction": 0.9154329599519184,
    "tiempo_por_iteracion": 1.1774798220361185
}