{
    "bestSolution": [
        4,
        0,
        1,
        0,
        4,
        2,
        4,
        0,
        2,
        0,
        4,
        0,
        3,
        0,
        1,
        0,
        4,
        2,
        0,
        0,
        0,
        2,
        0,
        0,
        1,
        0,
        4,
        0,
        2,
        0,
        2,
        2,
        3,
        0,
        3,
        2,
        4,
        0,
        0,
        2,
        3,
        0,
        2,
        0,
        1,
        2,
        1,
        0,
        4,
        0,
        0,
        0,
        2,
        0,
        3,
        0,
        4,
        0,
        2,
        0,
        0,
        0,
        0,
        0,
        3,
        0,
        1,
        0,
        4,
        0,
        1,
        0,
        3,
        2,
        2,
        1,
        0,
        2,
        2,
        2,
        3,
        0,
        2,
        0,
        1,
        0,
        2,
        0,
        1,
        0,
        0,
        0,
        1,
        0,
        3,
        0,
        3,
        0,
        0,
        0
    ],
    "makespan": 1375,
    "normalized_makespan": 0.20328395502409424,
    "energy": 2249,
    "normalized_energy": 0.21,
    "tardiness": 0,
    "normalized_tardiness": 0,
    "bestObjectiveFunction": 0.4132839550240942,
    "tiempo_por_iteracion": 1.383023202419281
}