{
    "bestSolution": [
        2,
        0,
        2,
        0,
        4,
        0,
        1,
        0,
        0,
        0,
        2,
        1,
        4,
        0,
        1,
        0,
        3,
        2,
        2,
        0,
        1,
        1,
        3,
        0,
        3,
        0,
        1,
        1,
        1,
        0,
        0,
        1,
        1,
        0,
        4,
        0,
        3,
        0,
        4,
        0,
        0,
        0,
        3,
        0,
        4,
        0,
        3,
        1,
        2,
        0,
        0,
        0,
        2,
        0,
        2,
        0,
        1,
        0,
        0,
        0,
        4,
        0,
        1,
        0,
        4,
        0,
        3,
        0,
        2,
        1,
        4,
        1,
        2,
        0,
        3,
        0,
        3,
        0,
        0,
        0,
        0,
        1,
        4,
        1,
        1,
        0,
        3,
        1,
        4,
        0,
        2,
        0,
        0,
        0,
        1,
        0,
        0,
        0,
        0,
        2
    ],
    "makespan": 1247,
    "normalized_makespan": 0.18043905050865608,
    "energy": 2189,
    "normalized_energy": 0.18391304347826087,
    "tardiness": 0,
    "normalized_tardiness": 0,
    "bestObjectiveFunction": 0.3643520939869169,
    "tiempo_por_iteracion": 0.7507451804908546
}