{
    "bestSolution": [
        8,
        2,
        2,
        2,
        4,
        1,
        9,
        3,
        1,
        4,
        6,
        4,
        0,
        2,
        3,
        0,
        4,
        3,
        1,
        4,
        9,
        4,
        1,
        4,
        8,
        1,
        8,
        2,
        2,
        4,
        3,
        3,
        3,
        2,
        6,
        3,
        1,
        1,
        4,
        1,
        6,
        4,
        0,
        2,
        7,
        2,
        3,
        2,
        4,
        2,
        0,
        3,
        5,
        3,
        5,
        3,
        2,
        1,
        4,
        3,
        3,
        3,
        1,
        4,
        6,
        4,
        7,
        4,
        7,
        1,
        5,
        3,
        6,
        3,
        5,
        1,
        9,
        4,
        6,
        2,
        2,
        1,
        4,
        2,
        7,
        2,
        8,
        3,
        8,
        1,
        0,
        2,
        2,
        2,
        4,
        3,
        3,
        3,
        5,
        3,
        0,
        2,
        0,
        3,
        8,
        4,
        4,
        2,
        8,
        3,
        7,
        4,
        6,
        1,
        9,
        3,
        0,
        4,
        2,
        1,
        1,
        3,
        9,
        1,
        3,
        3,
        1,
        2,
        4,
        1,
        9,
        3,
        1,
        3,
        8,
        1,
        5,
        3,
        7,
        1,
        5,
        1,
        6,
        2,
        9,
        3,
        7,
        3,
        7,
        2,
        2,
        1,
        4,
        2,
        2,
        1,
        9,
        2,
        5,
        4,
        0,
        2,
        6,
        2,
        5,
        1,
        3,
        1,
        8,
        3,
        7,
        2,
        7,
        1,
        2,
        4,
        0,
        2,
        0,
        3,
        2,
        2,
        3,
        4,
        9,
        2,
        1,
        3,
        1,
        2,
        8,
        3,
        5,
        1,
        6,
        2,
        9,
        3,
        3,
        1
    ],
    "makespan": 916,
    "normalized_makespan": 0.04232952554488752,
    "energy": 7055,
    "normalized_energy": 0.8582660873163667,
    "tardiness": 869,
    "normalized_tardiness": 0.05959810712571154,
    "bestObjectiveFunction": 0.9601937199869658,
    "tiempo_por_iteracion": 1.9161805470784505
}