{
    "bestSolution": [
        7,
        3,
        5,
        3,
        1,
        0,
        6,
        2,
        8,
        2,
        4,
        1,
        8,
        1,
        2,
        2,
        1,
        1,
        0,
        2,
        5,
        2,
        3,
        3,
        3,
        1,
        9,
        4,
        4,
        4,
        6,
        1,
        8,
        4,
        7,
        1,
        0,
        2,
        6,
        1,
        5,
        1,
        8,
        1,
        1,
        2,
        0,
        1,
        5,
        4,
        7,
        1,
        4,
        1,
        9,
        4,
        3,
        3,
        0,
        3,
        3,
        0,
        2,
        1,
        6,
        4,
        2,
        2,
        3,
        3,
        7,
        2,
        8,
        4,
        1,
        2,
        5,
        0,
        1,
        1,
        9,
        4,
        2,
        1,
        8,
        0,
        4,
        2,
        9,
        1,
        3,
        0,
        7,
        0,
        3,
        2,
        9,
        4,
        6,
        1,
        0,
        0,
        5,
        1,
        2,
        0,
        8,
        3,
        2,
        1,
        7,
        2,
        0,
        0,
        3,
        1,
        9,
        1,
        3,
        4,
        6,
        4,
        7,
        1,
        4,
        0,
        1,
        0,
        8,
        3,
        1,
        4,
        5,
        2,
        1,
        2,
        1,
        3,
        9,
        1,
        2,
        2,
        0,
        0,
        5,
        1,
        2,
        2,
        8,
        2,
        4,
        0,
        7,
        1,
        6,
        4,
        0,
        2,
        2,
        0,
        9,
        4,
        6,
        3,
        1,
        1,
        8,
        2,
        9,
        0,
        7,
        3,
        0,
        1,
        6,
        1,
        2,
        2,
        4,
        0,
        0,
        0,
        5,
        3,
        4,
        1,
        7,
        1,
        4,
        1,
        9,
        0,
        3,
        0,
        6,
        2,
        5,
        1,
        4,
        2
    ],
    "makespan": 1022,
    "normalized_makespan": 0.04975821711402341,
    "energy": 6274,
    "normalized_energy": 0.696668735774881,
    "tardiness": 2360,
    "normalized_tardiness": 0.16185446814347437,
    "bestObjectiveFunction": 0.9082814210323787,
    "tiempo_por_iteracion": 1.2383958722916117
}