{
    "bestSolution": [
        7,
        2,
        8,
        4,
        5,
        3,
        9,
        2,
        1,
        2,
        6,
        2,
        2,
        0,
        3,
        2,
        0,
        2,
        7,
        4,
        8,
        2,
        4,
        1,
        1,
        2,
        6,
        4,
        1,
        2,
        7,
        2,
        5,
        2,
        0,
        1,
        2,
        3,
        3,
        3,
        9,
        1,
        8,
        2,
        4,
        3,
        4,
        2,
        1,
        1,
        7,
        1,
        6,
        2,
        9,
        1,
        5,
        3,
        7,
        4,
        2,
        1,
        8,
        1,
        3,
        3,
        9,
        1,
        1,
        1,
        0,
        2,
        9,
        4,
        6,
        3,
        3,
        4,
        0,
        2,
        4,
        2,
        6,
        1,
        2,
        1,
        5,
        2,
        8,
        4,
        3,
        2,
        2,
        1,
        4,
        2,
        0,
        3,
        5,
        3
    ],
    "makespan": 488,
    "normalized_makespan": 0.044300303615788024,
    "energy": 3452,
    "normalized_energy": 0.8363858363858364,
    "tardiness": 479,
    "normalized_tardiness": 0.06461621475785782,
    "bestObjectiveFunction": 0.9453023547594823,
    "tiempo_por_iteracion": 0.8384839186542913
}