{
    "bestSolution": [
        8,
        3,
        2,
        4,
        4,
        4,
        9,
        1,
        7,
        2,
        0,
        3,
        3,
        2,
        0,
        2,
        2,
        2,
        6,
        1,
        9,
        2,
        5,
        1,
        7,
        3,
        2,
        0,
        4,
        1,
        1,
        1,
        9,
        4,
        1,
        1,
        6,
        1,
        8,
        4,
        6,
        4,
        8,
        4,
        6,
        4,
        6,
        4,
        7,
        2,
        0,
        2,
        9,
        4,
        3,
        1,
        5,
        2,
        9,
        2,
        1,
        4,
        5,
        2,
        4,
        1,
        3,
        2,
        7,
        1,
        5,
        4,
        0,
        2,
        8,
        4,
        2,
        4,
        1,
        2,
        2,
        1,
        4,
        1,
        1,
        1,
        3,
        1,
        3,
        4,
        4,
        2,
        7,
        2,
        8,
        2,
        0,
        0,
        5,
        3
    ],
    "makespan": 467,
    "normalized_makespan": 0.04747505291805262,
    "energy": 3505,
    "normalized_energy": 0.8293269230769231,
    "tardiness": 358,
    "normalized_tardiness": 0.05290379784247081,
    "bestObjectiveFunction": 0.9297057738374466,
    "tiempo_por_iteracion": 0.96535641858072
}