{
    "bestSolution": [
        0,
        0,
        3,
        0,
        6,
        0,
        8,
        0,
        3,
        0,
        5,
        0,
        6,
        0,
        0,
        0,
        9,
        0,
        3,
        0,
        3,
        0,
        0,
        0,
        9,
        0,
        9,
        0,
        2,
        0,
        7,
        0,
        5,
        0,
        2,
        0,
        6,
        0,
        2,
        0,
        7,
        0,
        2,
        0,
        8,
        0,
        3,
        0,
        4,
        0,
        7,
        0,
        6,
        0,
        0,
        0,
        2,
        0,
        8,
        0,
        1,
        0,
        9,
        0,
        5,
        0,
        6,
        0,
        0,
        0,
        1,
        0,
        4,
        0,
        4,
        0,
        4,
        0,
        5,
        0,
        1,
        0,
        7,
        0,
        8,
        0,
        1,
        0,
        5,
        0,
        9,
        0,
        8,
        0,
        1,
        0,
        7,
        0,
        4,
        0
    ],
    "makespan": 133,
    "normalized_makespan": 0.45180722891566266,
    "energy": 4779,
    "normalized_energy": 0,
    "tardiness": 101,
    "normalized_tardiness": 0.45089285714285715,
    "bestObjectiveFunction": 0.9027000860585198,
    "tiempo_por_iteracion": 0.49482232645938273
}