{
    "bestSolution": [
        0,
        0,
        9,
        0,
        6,
        0,
        2,
        0,
        1,
        0,
        0,
        0,
        3,
        0,
        8,
        0,
        5,
        0,
        5,
        0,
        2,
        0,
        0,
        0,
        5,
        0,
        7,
        0,
        1,
        0,
        9,
        0,
        6,
        0,
        0,
        0,
        4,
        0,
        8,
        0,
        9,
        0,
        2,
        0,
        4,
        0,
        7,
        0,
        0,
        0,
        8,
        0,
        3,
        0,
        4,
        0,
        9,
        0,
        9,
        0,
        1,
        0,
        3,
        0,
        8,
        0,
        3,
        0,
        5,
        0,
        7,
        0,
        4,
        0,
        1,
        0,
        7,
        0,
        1,
        0,
        6,
        0,
        2,
        0,
        7,
        0,
        3,
        0,
        2,
        0,
        5,
        0,
        4,
        0,
        6,
        0,
        8,
        0,
        6,
        0
    ],
    "makespan": 142,
    "normalized_makespan": 0.5060240963855421,
    "energy": 4779,
    "normalized_energy": 0,
    "tardiness": 115,
    "normalized_tardiness": 0.5133928571428571,
    "bestObjectiveFunction": 1.0194169535283992,
    "tiempo_por_iteracion": 1.4635886769545705
}