{
    "status": "SATISFIED",
    "solution": {
        "objective": 1.042277556499379,
        "start_time": [
            [
                971,
                123,
                824,
                679,
                855
            ],
            [
                537,
                403,
                203,
                428,
                10
            ],
            [
                103,
                428,
                20,
                548,
                198
            ],
            [
                424,
                215,
                496,
                60,
                672
            ],
            [
                330,
                0,
                123,
                215,
                424
            ]
        ],
        "SpeedScaling": [
            [
                1,
                2,
                2,
                1,
                1
            ],
            [
                1,
                1,
                1,
                1,
                1
            ],
            [
                1,
                1,
                1,
                1,
                1
            ],
            [
                1,
                1,
                1,
                1,
                1
            ],
            [
                1,
                1,
                1,
                1,
                1
            ]
        ],
        "_output_item": "Objective function normalized: M-0.287191460973983 + E-0.0567139282735604 + T-0.6983721672518353 = 1.042277556499379 \nObjective function : M-996.0 + E-869.0 + T-2188.0 = 1.042277556499379 \nStart Times: [971, 123, 824, 679, 855, 537, 403, 203, 428, 10, 103, 428, 20, 548, 198, 424, 215, 496, 60, 672, 330, 0, 123, 215, 424]\nSpeed Scaling; [1, 2, 2, 1, 1, 1, 1, 1, 1, 1, 1, 1, 1, 1, 1, 1, 1, 1, 1, 1, 1, 1, 1, 1, 1]\n",
        "_checker": ""
    },
    "statistics": {
        "paths": 0,
        "flatBoolVars": 100,
        "flatIntVars": 152,
        "flatFloatVars": 35,
        "flatBoolConstraints": 50,
        "flatIntConstraints": 252,
        "flatFloatConstraints": 35,
        "evaluatedHalfReifiedConstraints": 100,
        "method": "minimize",
        "flatTime": 48.129,
        "time": 25836.0,
        "initTime": 2.3379999999999996,
        "solveTime": 127095.0,
        "solutions": 16,
        "variables": 252,
        "propagators": 337,
        "propagations": 814683229,
        "nodes": 236597872,
        "failures": 118298610,
        "restarts": 0,
        "peakDepth": 108,
        "nSolutions": 16
    }
}