{
    "status": "OPTIMAL_SOLUTION",
    "solution": {
        "objective": 0.727945167804512,
        "start_time": [
            [
                263,
                42,
                192,
                142,
                223
            ],
            [
                301,
                163,
                125,
                192,
                10
            ],
            [
                40,
                188,
                20,
                308,
                112
            ],
            [
                165,
                117,
                237,
                60,
                297
            ],
            [
                142,
                0,
                42,
                122,
                167
            ]
        ],
        "SpeedScaling": [
            [
                1,
                2,
                2,
                2,
                2
            ],
            [
                3,
                1,
                2,
                1,
                2
            ],
            [
                1,
                1,
                3,
                2,
                2
            ],
            [
                1,
                3,
                2,
                2,
                2
            ],
            [
                3,
                2,
                1,
                5,
                2
            ]
        ],
        "_output_item": "Objective function normalized: M-0.07404936624416278 + E-0.5804837364470391 + T-0.0734120651133101 = 0.727945167804512 \nObjective function : M-357.0 + E-1497.0 + T-230.0000000000005 = 0.727945167804512 \nStart Times: [263, 42, 192, 142, 223, 301, 163, 125, 192, 10, 40, 188, 20, 308, 112, 165, 117, 237, 60, 297, 142, 0, 42, 122, 167]\nSpeed Scaling; [1, 2, 2, 2, 2, 3, 1, 2, 1, 2, 1, 1, 3, 2, 2, 1, 3, 2, 2, 2, 3, 2, 1, 5, 2]\n",
        "_checker": ""
    },
    "statistics": {
        "paths": 0,
        "flatIntVars": 412,
        "flatFloatVars": 35,
        "flatIntConstraints": 452,
        "flatFloatConstraints": 35,
        "evaluatedHalfReifiedConstraints": 100,
        "method": "minimize",
        "flatTime": 108.987,
        "objective": 0.727945167805,
        "objectiveBound": 0.727945167805,
        "nodes": 3615,
        "solveTime": 1792.8,
        "time": 1275.0,
        "openNodes": 452,
        "nSolutions": 25
    }
}