{
    "bestSolution": [
        4,
        2,
        2,
        0,
        1,
        0,
        0,
        2,
        2,
        0,
        1,
        1,
        0,
        2,
        0,
        0,
        2,
        0,
        4,
        2,
        2,
        0,
        4,
        0,
        3,
        0,
        1,
        0,
        3,
        0,
        0,
        1,
        0,
        0,
        3,
        0,
        3,
        0,
        2,
        0,
        1,
        1,
        0,
        0,
        2,
        0,
        4,
        0,
        2,
        0,
        4,
        0,
        1,
        0,
        0,
        0,
        1,
        2,
        4,
        0,
        2,
        0,
        1,
        0,
        4,
        0,
        2,
        0,
        4,
        1,
        4,
        0,
        3,
        2,
        3,
        0,
        0,
        1,
        1,
        0,
        3,
        2,
        0,
        0,
        0,
        0,
        3,
        0,
        3,
        2,
        4,
        0,
        1,
        0,
        3,
        0,
        2,
        2,
        1,
        0
    ],
    "makespan": 266,
    "normalized_makespan": 0.20452403393025448,
    "energy": 4154,
    "normalized_energy": 0.13968668407310705,
    "tardiness": 0,
    "normalized_tardiness": 0,
    "bestObjectiveFunction": 0.34421071800336156,
    "tiempo_por_iteracion": 0.49072136795311644
}