{
    "bestSolution": [
        3,
        2,
        4,
        2,
        4,
        1,
        8,
        0,
        9,
        2,
        1,
        0,
        9,
        0,
        3,
        0,
        6,
        0,
        7,
        0,
        8,
        0,
        5,
        0,
        1,
        0,
        3,
        0,
        4,
        0,
        2,
        0,
        5,
        0,
        6,
        0,
        8,
        0,
        1,
        0,
        5,
        0,
        3,
        0,
        4,
        0,
        9,
        0,
        2,
        0,
        0,
        0,
        8,
        0,
        1,
        0,
        9,
        0,
        0,
        0,
        2,
        0,
        4,
        0,
        7,
        0,
        0,
        2,
        8,
        1,
        0,
        0,
        7,
        0,
        6,
        0,
        9,
        0,
        2,
        0,
        5,
        0,
        1,
        0,
        2,
        0,
        0,
        0,
        3,
        0,
        6,
        2,
        7,
        0,
        5,
        0,
        7,
        0,
        6,
        0
    ],
    "makespan": 1529,
    "normalized_makespan": 0.20671243325705568,
    "energy": 1876,
    "normalized_energy": 0.1103477887505367,
    "tardiness": 0,
    "normalized_tardiness": 0,
    "bestObjectiveFunction": 0.3170602220075924,
    "tiempo_por_iteracion": 0.47625450019178717
}