{
    "bestSolution": [
        1,
        1,
        1,
        1,
        2,
        2,
        4,
        0,
        1,
        0,
        0,
        1,
        4,
        2,
        0,
        2,
        2,
        0,
        3,
        2,
        4,
        4,
        0,
        1,
        3,
        0,
        1,
        3,
        4,
        1,
        0,
        1,
        1,
        3,
        0,
        3,
        2,
        0,
        3,
        1,
        1,
        4,
        3,
        4,
        4,
        4,
        4,
        0,
        2,
        4,
        4,
        3,
        0,
        0,
        3,
        1,
        1,
        4,
        1,
        0,
        4,
        3,
        1,
        0,
        3,
        1,
        2,
        3,
        3,
        1,
        4,
        1,
        3,
        0,
        0,
        0,
        2,
        4,
        0,
        4,
        0,
        2,
        3,
        3,
        2,
        2,
        1,
        2,
        2,
        3,
        4,
        0,
        3,
        4,
        2,
        1,
        0,
        0,
        2,
        1
    ],
    "makespan": 795,
    "normalized_makespan": 0.07890402754903429,
    "energy": 3067,
    "normalized_energy": 0.6428871170793118,
    "tardiness": 62,
    "normalized_tardiness": 0.0089247157046207,
    "bestObjectiveFunction": 0.7307158603329668,
    "tiempo_por_iteracion": 1.3505606955670295
}