{
    "bestSolution": [
        8,
        0,
        9,
        0,
        6,
        0,
        4,
        0,
        1,
        4,
        8,
        1,
        7,
        0,
        2,
        4,
        1,
        0,
        9,
        0,
        5,
        0,
        0,
        4,
        6,
        0,
        7,
        0,
        6,
        0,
        9,
        0,
        9,
        0,
        0,
        0,
        3,
        0,
        8,
        2,
        2,
        4,
        6,
        0,
        1,
        0,
        2,
        4,
        0,
        0,
        2,
        4,
        5,
        0,
        7,
        0,
        4,
        0,
        0,
        4,
        5,
        4,
        3,
        1,
        7,
        4,
        4,
        2,
        1,
        0,
        5,
        0,
        4,
        0,
        7,
        0,
        2,
        0,
        0,
        4,
        3,
        0,
        9,
        2,
        6,
        0,
        5,
        0,
        8,
        0,
        4,
        0,
        3,
        0,
        1,
        0,
        8,
        0,
        3,
        0
    ],
    "makespan": 1393,
    "normalized_makespan": 0.20183782040947928,
    "energy": 2215,
    "normalized_energy": 0.2635723166183174,
    "tardiness": 0,
    "normalized_tardiness": 0,
    "bestObjectiveFunction": 0.4654101370277967,
    "tiempo_por_iteracion": 1.3292598881219562
}