{
    "bestSolution": [
        7,
        0,
        0,
        3,
        0,
        2,
        0,
        1,
        0,
        0,
        3,
        2,
        6,
        2,
        6,
        2,
        4,
        1,
        8,
        0,
        5,
        1,
        6,
        1,
        7,
        0,
        4,
        1,
        4,
        2,
        5,
        0,
        6,
        4,
        3,
        4,
        9,
        4,
        4,
        4,
        5,
        1,
        3,
        1,
        9,
        1,
        8,
        0,
        3,
        3,
        1,
        3,
        1,
        1,
        2,
        1,
        9,
        1,
        8,
        2,
        7,
        3,
        2,
        2,
        1,
        2,
        5,
        1,
        8,
        3,
        1,
        0,
        4,
        1,
        3,
        1,
        0,
        3,
        7,
        4,
        6,
        0,
        1,
        3,
        2,
        1,
        2,
        4,
        9,
        1,
        2,
        0,
        8,
        4,
        9,
        4,
        5,
        0,
        7,
        1
    ],
    "makespan": 144,
    "normalized_makespan": 0.10586011342155009,
    "energy": 4635,
    "normalized_energy": 0.7592592592592593,
    "tardiness": 176,
    "normalized_tardiness": 0.1614678899082569,
    "bestObjectiveFunction": 1.0265872625890662,
    "tiempo_por_iteracion": 0.7714605422769013
}