{
    "bestSolution": [
        7,
        0,
        4,
        0,
        8,
        0,
        6,
        0,
        6,
        0,
        9,
        0,
        7,
        0,
        4,
        0,
        1,
        0,
        3,
        1,
        4,
        0,
        6,
        0,
        1,
        1,
        8,
        0,
        9,
        0,
        8,
        0,
        9,
        0,
        0,
        0,
        5,
        0,
        6,
        0,
        5,
        0,
        4,
        0,
        2,
        0,
        7,
        1,
        3,
        0,
        1,
        0,
        0,
        1,
        5,
        0,
        2,
        2,
        8,
        0,
        2,
        0,
        9,
        0,
        3,
        0,
        2,
        0,
        0,
        0,
        5,
        1,
        0,
        0,
        5,
        0,
        7,
        1,
        3,
        0,
        1,
        0,
        6,
        0,
        8,
        0,
        4,
        2,
        9,
        0,
        0,
        1,
        3,
        0,
        2,
        0,
        7,
        0,
        1,
        0
    ],
    "makespan": 1341,
    "normalized_makespan": 0.20150917509861088,
    "energy": 2042,
    "normalized_energy": 0.15374841168996187,
    "tardiness": 0,
    "normalized_tardiness": 0,
    "bestObjectiveFunction": 0.3552575867885728,
    "tiempo_por_iteracion": 0.7390353303206595
}