{
    "bestSolution": [
        1,
        0,
        2,
        1,
        5,
        0,
        5,
        0,
        2,
        0,
        0,
        0,
        0,
        0,
        7,
        0,
        7,
        0,
        9,
        2,
        2,
        0,
        8,
        1,
        1,
        2,
        4,
        2,
        8,
        2,
        3,
        0,
        0,
        2,
        9,
        0,
        6,
        0,
        7,
        0,
        3,
        0,
        8,
        0,
        2,
        0,
        0,
        0,
        1,
        0,
        4,
        2,
        5,
        2,
        6,
        2,
        3,
        2,
        8,
        0,
        6,
        0,
        4,
        0,
        9,
        1,
        3,
        0,
        5,
        0,
        8,
        0,
        1,
        0,
        7,
        2,
        2,
        0,
        6,
        0,
        5,
        0,
        7,
        0,
        1,
        0,
        4,
        0,
        0,
        2,
        6,
        2,
        9,
        2,
        9,
        2,
        3,
        2,
        4,
        0
    ],
    "makespan": 961,
    "normalized_makespan": 0.13634025038586864,
    "energy": 2521,
    "normalized_energy": 0.3566285472257518,
    "tardiness": 0,
    "normalized_tardiness": 0,
    "bestObjectiveFunction": 0.4929687976116205,
    "tiempo_por_iteracion": 1.3926272869110108
}