{
    "bestSolution": [
        5,
        0,
        6,
        0,
        2,
        1,
        7,
        0,
        4,
        2,
        1,
        1,
        1,
        2,
        7,
        0,
        3,
        0,
        0,
        0,
        7,
        1,
        8,
        0,
        0,
        0,
        2,
        0,
        2,
        0,
        7,
        0,
        0,
        0,
        1,
        0,
        9,
        0,
        5,
        0,
        5,
        1,
        5,
        1,
        1,
        0,
        8,
        1,
        6,
        0,
        3,
        0,
        0,
        0,
        0,
        1,
        8,
        0,
        2,
        0,
        3,
        0,
        3,
        0,
        6,
        0,
        4,
        1,
        6,
        0,
        6,
        0,
        0,
        0,
        4,
        0,
        6,
        1,
        9,
        0,
        7,
        0,
        3,
        0,
        8,
        0,
        9,
        0,
        4,
        0,
        6,
        0,
        4,
        0,
        5,
        0,
        9,
        2,
        2,
        0,
        0,
        0,
        5,
        1,
        4,
        1,
        2,
        0,
        3,
        0,
        3,
        0,
        8,
        1,
        9,
        0,
        6,
        0,
        9,
        1,
        0,
        0,
        7,
        0,
        2,
        0,
        7,
        0,
        2,
        0,
        5,
        0,
        4,
        0,
        7,
        0,
        8,
        0,
        0,
        0,
        3,
        0,
        9,
        0,
        6,
        0,
        8,
        0,
        2,
        0,
        5,
        1,
        3,
        1,
        1,
        0,
        2,
        0,
        9,
        0,
        4,
        0,
        1,
        0,
        8,
        0,
        4,
        0,
        9,
        0,
        5,
        0,
        7,
        1,
        0,
        0,
        7,
        0,
        1,
        0,
        1,
        0,
        3,
        0,
        1,
        0,
        8,
        1,
        9,
        1,
        6,
        2,
        8,
        0,
        4,
        0,
        5,
        0,
        1,
        0
    ],
    "makespan": 2705,
    "normalized_makespan": 0.16425855513307985,
    "energy": 3702,
    "normalized_energy": 0.19343139230304252,
    "tardiness": 0,
    "normalized_tardiness": 0,
    "bestObjectiveFunction": 0.35768994743612237,
    "tiempo_por_iteracion": 0.7177179455757141
}