{
    "bestSolution": [
        2,
        1,
        3,
        1,
        2,
        3,
        0,
        1,
        2,
        3,
        3,
        3,
        3,
        1,
        1,
        2,
        1,
        0,
        0,
        2,
        0,
        0,
        1,
        2,
        3,
        4,
        4,
        4,
        3,
        4,
        4,
        3,
        4,
        1,
        3,
        4,
        1,
        2,
        0,
        0,
        4,
        1,
        2,
        3,
        3,
        2,
        1,
        1,
        2,
        2,
        0,
        1,
        4,
        2,
        0,
        4,
        0,
        2,
        1,
        0,
        2,
        1,
        4,
        1,
        2,
        3,
        4,
        3,
        3,
        4,
        3,
        1,
        4,
        2,
        1,
        2,
        0,
        1,
        2,
        0,
        1,
        0,
        1,
        0,
        1,
        1,
        3,
        2,
        0,
        1,
        3,
        3,
        1,
        4,
        3,
        4,
        2,
        2,
        2,
        3,
        1,
        2,
        3,
        1,
        3,
        2,
        0,
        4,
        2,
        2,
        4,
        2,
        3,
        3,
        0,
        2,
        0,
        0,
        3,
        3,
        4,
        1,
        2,
        1,
        2,
        3,
        0,
        3,
        1,
        3,
        1,
        3,
        1,
        2,
        1,
        4,
        0,
        3,
        0,
        0,
        2,
        0,
        3,
        1,
        1,
        2,
        1,
        0,
        2,
        2,
        4,
        4,
        3,
        0,
        0,
        2,
        2,
        4,
        0,
        1,
        2,
        4,
        4,
        2,
        4,
        2,
        2,
        1,
        4,
        2,
        4,
        1,
        4,
        1,
        0,
        4,
        4,
        4,
        4,
        0,
        1,
        0,
        4,
        1,
        2,
        0,
        0,
        1,
        2,
        0,
        0,
        4,
        3,
        3,
        3,
        1,
        4,
        2,
        1,
        3
    ],
    "makespan": 1681,
    "normalized_makespan": 0.07993509242274588,
    "energy": 6291,
    "normalized_energy": 0.7156862745098039,
    "tardiness": 1474,
    "normalized_tardiness": 0.10012226599646787,
    "bestObjectiveFunction": 0.8957436329290177,
    "tiempo_por_iteracion": 1.1601645079526035
}