{
    "bestSolution": [
        4,
        0,
        1,
        0,
        2,
        0,
        0,
        0,
        1,
        0,
        2,
        0,
        9,
        0,
        0,
        0,
        7,
        0,
        6,
        0,
        7,
        0,
        6,
        0,
        8,
        0,
        9,
        0,
        5,
        0,
        9,
        0,
        0,
        0,
        1,
        0,
        5,
        0,
        3,
        0,
        6,
        0,
        1,
        0,
        2,
        0,
        8,
        0,
        4,
        0,
        6,
        0,
        8,
        0,
        2,
        0,
        1,
        0,
        7,
        0,
        5,
        0,
        4,
        0,
        9,
        0,
        2,
        0,
        4,
        0,
        8,
        0,
        8,
        0,
        0,
        0,
        3,
        0,
        3,
        0,
        9,
        0,
        5,
        0,
        3,
        0,
        7,
        0,
        6,
        0,
        5,
        0,
        4,
        0,
        7,
        0,
        3,
        0,
        0,
        0
    ],
    "makespan": 498,
    "normalized_makespan": 0.17197452229299362,
    "energy": 3512,
    "normalized_energy": 0,
    "tardiness": 0,
    "normalized_tardiness": 0,
    "bestObjectiveFunction": 0.17197452229299362,
    "tiempo_por_iteracion": 2.5285093784332275
}