{
    "bestSolution": [
        2,
        0,
        2,
        0,
        3,
        0,
        1,
        0,
        4,
        0,
        0,
        0,
        0,
        0,
        4,
        0,
        0,
        0,
        1,
        0,
        4,
        0,
        1,
        0,
        2,
        0,
        2,
        0,
        4,
        0,
        3,
        0,
        0,
        0,
        3,
        0,
        4,
        0,
        0,
        0,
        3,
        0,
        2,
        0,
        2,
        0,
        1,
        0,
        4,
        0,
        2,
        0,
        1,
        0,
        0,
        0,
        3,
        0,
        3,
        0,
        4,
        0,
        1,
        0,
        0,
        0,
        4,
        0,
        1,
        0,
        3,
        0,
        4,
        0,
        2,
        0,
        0,
        0,
        2,
        0,
        1,
        0,
        2,
        0,
        4,
        0,
        0,
        0,
        1,
        0,
        0,
        0,
        3,
        0,
        3,
        0,
        3,
        0,
        1,
        0
    ],
    "makespan": 503,
    "normalized_makespan": 0.09140201394268009,
    "energy": 3578,
    "normalized_energy": 0,
    "tardiness": 0,
    "normalized_tardiness": 0.0,
    "bestObjectiveFunction": 0.09140201394268009,
    "tiempo_por_iteracion": 1.6665695905685425
}