{
    "bestSolution": [
        18,
        4,
        7,
        1,
        0,
        2,
        0,
        4,
        1,
        3,
        8,
        1,
        7,
        2,
        17,
        4,
        14,
        4,
        19,
        2,
        17,
        1,
        14,
        2,
        10,
        4,
        5,
        4,
        13,
        1,
        16,
        1,
        14,
        4,
        18,
        3,
        3,
        2,
        12,
        2,
        13,
        1,
        0,
        2,
        11,
        4,
        18,
        0,
        18,
        0,
        17,
        2,
        15,
        3,
        3,
        2,
        12,
        1,
        7,
        4,
        0,
        1,
        13,
        0,
        1,
        1,
        17,
        0,
        17,
        2,
        19,
        4,
        15,
        1,
        2,
        3,
        13,
        3,
        1,
        0,
        18,
        4,
        6,
        0,
        7,
        4,
        0,
        1,
        12,
        1,
        10,
        0,
        16,
        3,
        4,
        1,
        4,
        4,
        4,
        4,
        1,
        0,
        8,
        2,
        6,
        3,
        9,
        4,
        3,
        0,
        4,
        2,
        16,
        0,
        11,
        1,
        11,
        2,
        9,
        4,
        2,
        1,
        4,
        0,
        19,
        4,
        8,
        4,
        10,
        1,
        3,
        0,
        11,
        3,
        15,
        0,
        10,
        4,
        13,
        1,
        3,
        0,
        5,
        1,
        9,
        1,
        15,
        3,
        1,
        2,
        2,
        0,
        14,
        2,
        10,
        3,
        16,
        1,
        16,
        0,
        6,
        1,
        15,
        0,
        5,
        2,
        11,
        2,
        2,
        4,
        9,
        0,
        6,
        2,
        12,
        1,
        19,
        4,
        19,
        3,
        2,
        2,
        8,
        2,
        5,
        2,
        12,
        4,
        9,
        0,
        7,
        3,
        5,
        1,
        14,
        3,
        6,
        2,
        8,
        0
    ],
    "makespan": 1140,
    "normalized_makespan": 0.07124662870842073,
    "energy": 6480,
    "normalized_energy": 0.7191601049868767,
    "tardiness": 3926,
    "normalized_tardiness": 0.29001994533500774,
    "bestObjectiveFunction": 1.080426679030305,
    "tiempo_por_iteracion": 0.8388884678865091
}