{
    "bestSolution": [
        12,
        0,
        14,
        1,
        3,
        0,
        6,
        0,
        2,
        0,
        8,
        0,
        14,
        0,
        18,
        0,
        9,
        0,
        14,
        0,
        16,
        1,
        4,
        2,
        17,
        0,
        0,
        2,
        9,
        0,
        0,
        0,
        7,
        2,
        8,
        1,
        11,
        1,
        19,
        0,
        3,
        2,
        12,
        0,
        15,
        1,
        7,
        0,
        10,
        0,
        16,
        0,
        10,
        0,
        13,
        0,
        8,
        0,
        6,
        0,
        5,
        0,
        1,
        1,
        18,
        0,
        2,
        0,
        1,
        1,
        5,
        0,
        14,
        0,
        17,
        1,
        15,
        0,
        13,
        0,
        9,
        1,
        3,
        0,
        0,
        1,
        2,
        0,
        5,
        2,
        17,
        0,
        19,
        0,
        7,
        0,
        16,
        0,
        6,
        0,
        17,
        2,
        4,
        0,
        18,
        0,
        2,
        0,
        6,
        0,
        15,
        0,
        9,
        1,
        12,
        1,
        11,
        2,
        13,
        0,
        12,
        1,
        9,
        0,
        1,
        0,
        19,
        0,
        17,
        0,
        13,
        0,
        15,
        1,
        10,
        0,
        5,
        2,
        3,
        0,
        11,
        2,
        12,
        1,
        10,
        0,
        4,
        1,
        6,
        1,
        14,
        0,
        19,
        0,
        1,
        1,
        16,
        0,
        11,
        0,
        0,
        1,
        1,
        0,
        8,
        2,
        3,
        2,
        8,
        0,
        0,
        0,
        15,
        0,
        2,
        0,
        13,
        0,
        16,
        0,
        4,
        0,
        7,
        0,
        5,
        0,
        18,
        0,
        19,
        0,
        10,
        0,
        18,
        1,
        7,
        2,
        4,
        1,
        11,
        0
    ],
    "makespan": 2616,
    "normalized_makespan": 0.17427918926634314,
    "energy": 4332,
    "normalized_energy": 0.28057404326123125,
    "tardiness": 0,
    "normalized_tardiness": 0,
    "bestObjectiveFunction": 0.45485323252757437,
    "tiempo_por_iteracion": 0.8865718977791922
}