{
    "bestSolution": [
        4,
        0,
        3,
        1,
        3,
        0,
        2,
        1,
        0,
        1,
        3,
        0,
        3,
        1,
        0,
        2,
        4,
        1,
        2,
        2,
        4,
        2,
        1,
        0,
        1,
        0,
        2,
        1,
        3,
        2,
        3,
        1,
        0,
        0,
        1,
        1,
        2,
        0,
        4,
        2,
        1,
        1,
        3,
        2,
        3,
        2,
        0,
        2,
        2,
        0,
        0,
        0,
        3,
        1,
        4,
        2,
        0,
        1,
        1,
        1,
        3,
        1,
        0,
        0,
        2,
        2,
        2,
        1,
        0,
        1,
        4,
        0,
        0,
        0,
        1,
        1,
        4,
        0,
        2,
        0,
        1,
        1,
        0,
        0,
        4,
        2,
        2,
        2,
        2,
        2,
        1,
        0,
        1,
        1,
        1,
        0,
        4,
        1,
        4,
        0
    ],
    "makespan": 212,
    "normalized_makespan": 0.13114754098360656,
    "energy": 4487,
    "normalized_energy": 0.6095360824742269,
    "tardiness": 230,
    "normalized_tardiness": 0.18867924528301888,
    "bestObjectiveFunction": 0.9293628687408524,
    "tiempo_por_iteracion": 0.5745993319978105
}