{
    "bestSolution": [
        4,
        0,
        6,
        2,
        0,
        2,
        8,
        1,
        0,
        0,
        3,
        2,
        9,
        1,
        0,
        2,
        8,
        1,
        4,
        2,
        6,
        1,
        4,
        0,
        6,
        2,
        3,
        0,
        5,
        0,
        7,
        0,
        0,
        1,
        7,
        0,
        9,
        2,
        2,
        2,
        3,
        2,
        8,
        2,
        0,
        0,
        5,
        0,
        1,
        0,
        4,
        2,
        3,
        2,
        7,
        2,
        9,
        1,
        1,
        2,
        6,
        1,
        2,
        0,
        8,
        0,
        2,
        1,
        4,
        2,
        7,
        2,
        0,
        2,
        2,
        1,
        5,
        2,
        7,
        2,
        9,
        1,
        9,
        1,
        2,
        2,
        3,
        1,
        2,
        0,
        0,
        0,
        4,
        2,
        6,
        0,
        8,
        1,
        5,
        1,
        0,
        1,
        1,
        2,
        3,
        2,
        6,
        2,
        4,
        2,
        5,
        1,
        6,
        1,
        9,
        0,
        6,
        1,
        9,
        1,
        3,
        1,
        0,
        1,
        2,
        0,
        0,
        1,
        8,
        0,
        7,
        2,
        4,
        2,
        1,
        1,
        5,
        0,
        4,
        1,
        3,
        1,
        1,
        0,
        2,
        2,
        7,
        2,
        7,
        2,
        9,
        1,
        6,
        1,
        3,
        1,
        2,
        0,
        8,
        0,
        9,
        1,
        3,
        2,
        4,
        0,
        5,
        1,
        8,
        0,
        7,
        2,
        5,
        0,
        8,
        2,
        1,
        0,
        1,
        2,
        6,
        1,
        8,
        2,
        7,
        1,
        2,
        1,
        9,
        2,
        1,
        0,
        1,
        2,
        5,
        2,
        5,
        2,
        1,
        0
    ],
    "makespan": 1118,
    "normalized_makespan": 0.059961458642158315,
    "energy": 6450,
    "normalized_energy": 0.7128671907323127,
    "tardiness": 1707,
    "normalized_tardiness": 0.12368668937033549,
    "bestObjectiveFunction": 0.8965153387448065,
    "tiempo_por_iteracion": 1.4239694193789834
}