{
    "bestSolution": [
        3,
        1,
        4,
        0,
        3,
        0,
        0,
        0,
        1,
        1,
        1,
        1,
        1,
        3,
        4,
        3,
        2,
        4,
        1,
        4,
        2,
        1,
        3,
        1,
        1,
        1,
        0,
        4,
        4,
        3,
        1,
        2,
        3,
        1,
        2,
        0,
        3,
        2,
        4,
        4,
        0,
        3,
        0,
        3,
        2,
        1,
        0,
        0,
        4,
        1,
        1,
        3,
        1,
        3,
        3,
        2,
        0,
        3,
        0,
        1,
        4,
        0,
        4,
        0,
        3,
        4,
        3,
        4,
        1,
        1,
        2,
        1,
        2,
        1,
        2,
        0,
        2,
        2,
        3,
        0,
        4,
        0,
        0,
        4,
        4,
        2,
        2,
        1,
        0,
        1,
        0,
        0,
        3,
        2,
        2,
        2,
        1,
        3,
        4,
        0
    ],
    "makespan": 821,
    "normalized_makespan": 0.06513105639396347,
    "energy": 2865,
    "normalized_energy": 0.6426905132192846,
    "tardiness": 43,
    "normalized_tardiness": 0.005454776100469364,
    "bestObjectiveFunction": 0.7132763457137175,
    "tiempo_por_iteracion": 1.50631278469449
}