{
    "bestSolution": [
        4,
        4,
        0,
        0,
        2,
        2,
        3,
        1,
        2,
        4,
        4,
        1,
        3,
        4,
        4,
        2,
        1,
        3,
        4,
        3,
        1,
        0,
        0,
        0,
        3,
        3,
        3,
        1,
        2,
        0,
        0,
        1,
        2,
        0,
        4,
        2,
        0,
        1,
        3,
        0,
        2,
        2,
        4,
        0,
        1,
        0,
        2,
        2,
        1,
        0,
        0,
        1,
        0,
        2,
        3,
        4,
        1,
        2,
        1,
        4,
        1,
        1,
        4,
        2,
        0,
        4,
        0,
        4,
        4,
        1,
        2,
        1,
        3,
        1,
        2,
        0,
        1,
        3,
        3,
        0,
        3,
        2,
        0,
        4,
        2,
        1,
        4,
        0,
        1,
        3,
        3,
        1,
        1,
        0,
        2,
        1,
        4,
        0,
        0,
        1
    ],
    "makespan": 824,
    "normalized_makespan": 0.06552819698173153,
    "energy": 2758,
    "normalized_energy": 0.6010886469673405,
    "tardiness": 173,
    "normalized_tardiness": 0.02194595966002791,
    "bestObjectiveFunction": 0.6885628036090999,
    "tiempo_por_iteracion": 0.5784705267772415
}