{
    "status": "OPTIMAL_SOLUTION",
    "solution": {
        "objective": 0.83445335545788,
        "start_time": [
            [
                353,
                166,
                325,
                429,
                289
            ],
            [
                429,
                87,
                223,
                308,
                362
            ],
            [
                298,
                0,
                116,
                61,
                197
            ],
            [
                197,
                356,
                60,
                262,
                137
            ],
            [
                225,
                42,
                189,
                342,
                87
            ]
        ],
        "SpeedScaling": [
            [
                1,
                1,
                2,
                1,
                2
            ],
            [
                1,
                2,
                2,
                1,
                2
            ],
            [
                2,
                5,
                2,
                2,
                2
            ],
            [
                3,
                2,
                3,
                2,
                3
            ],
            [
                2,
                5,
                2,
                2,
                4
            ]
        ],
        "_output_item": "Objective function normalized: M-0.08724476266242376 + E-0.6397117694155325 + T-0.1074968233799238 = 0.83445335545788 \nObjective function: M-493.0 + E-1442.0 + T-423.0 = 0.83445335545788 \nStart Times: [353, 166, 325, 429, 289, 429, 87, 223, 308, 362, 298, 0, 116, 61, 197, 197, 356, 60, 262, 137, 225, 42, 189, 342, 87]\nSpeed Scaling; [1, 1, 2, 1, 2, 1, 2, 2, 1, 2, 2, 5, 2, 2, 2, 3, 2, 3, 2, 3, 2, 5, 2, 2, 4]\n",
        "_checker": ""
    },
    "statistics": {
        "paths": 0,
        "flatIntVars": 501,
        "flatFloatVars": 54,
        "flatIntConstraints": 576,
        "flatFloatConstraints": 54,
        "evaluatedHalfReifiedConstraints": 100,
        "method": "minimize",
        "flatTime": 91.558,
        "objective": 0.834453355458,
        "objectiveBound": 0.834453355458,
        "nodes": 15090,
        "solveTime": 49306.7,
        "time": 46450.0,
        "openNodes": 1872,
        "nSolutions": 32
    }
}