{
    "bestSolution": [
        0,
        0,
        4,
        0,
        2,
        0,
        2,
        0,
        0,
        0,
        2,
        0,
        3,
        0,
        3,
        0,
        1,
        0,
        0,
        0,
        2,
        0,
        1,
        0,
        3,
        0,
        3,
        0,
        1,
        0,
        0,
        0,
        1,
        0,
        0,
        0,
        2,
        0,
        3,
        0,
        4,
        0,
        3,
        0,
        3,
        0,
        1,
        0,
        2,
        0,
        3,
        0,
        2,
        0,
        4,
        0,
        4,
        0,
        1,
        0,
        0,
        0,
        4,
        0,
        3,
        0,
        0,
        0,
        1,
        0,
        1,
        0,
        4,
        0,
        0,
        0,
        2,
        0,
        0,
        0,
        4,
        0,
        3,
        0,
        4,
        0,
        2,
        0,
        0,
        0,
        1,
        0,
        4,
        0,
        4,
        0,
        2,
        0,
        1,
        0
    ],
    "makespan": 478,
    "normalized_makespan": 0.07221350078492936,
    "energy": 3619,
    "normalized_energy": 0,
    "tardiness": 0,
    "normalized_tardiness": 0,
    "bestObjectiveFunction": 0.07221350078492936,
    "tiempo_por_iteracion": 0.40646815299987793
}