{
    "bestSolution": [
        0,
        0,
        2,
        0,
        4,
        0,
        2,
        0,
        0,
        0,
        3,
        0,
        0,
        0,
        2,
        0,
        0,
        0,
        1,
        0,
        3,
        0,
        1,
        0,
        1,
        0,
        0,
        0,
        3,
        0,
        4,
        0,
        3,
        0,
        4,
        0,
        0,
        0,
        1,
        0,
        2,
        0,
        3,
        0,
        3,
        0,
        0,
        0,
        3,
        0,
        4,
        0,
        2,
        0,
        2,
        0,
        1,
        0,
        1,
        0,
        4,
        0,
        4,
        0,
        3,
        0,
        3,
        0,
        2,
        0,
        0,
        0,
        4,
        0,
        1,
        0,
        0,
        0,
        1,
        0,
        2,
        0,
        4,
        0,
        4,
        0,
        3,
        0,
        2,
        0,
        0,
        0,
        4,
        0,
        1,
        0,
        2,
        0,
        1,
        0
    ],
    "makespan": 467,
    "normalized_makespan": 0.06357927786499215,
    "energy": 3619,
    "normalized_energy": 0,
    "tardiness": 0,
    "normalized_tardiness": 0,
    "bestObjectiveFunction": 0.06357927786499215,
    "tiempo_por_iteracion": 2.559831380844116
}