{
    "bestSolution": [
        14,
        0,
        5,
        0,
        15,
        0,
        9,
        0,
        14,
        0,
        14,
        0,
        16,
        0,
        13,
        0,
        9,
        0,
        6,
        0,
        6,
        0,
        7,
        0,
        8,
        0,
        18,
        0,
        13,
        0,
        12,
        0,
        15,
        0,
        6,
        0,
        9,
        0,
        3,
        0,
        4,
        0,
        1,
        0,
        1,
        0,
        2,
        0,
        14,
        0,
        10,
        0,
        0,
        0,
        5,
        0,
        1,
        0,
        4,
        0,
        3,
        0,
        7,
        0,
        8,
        0,
        11,
        0,
        12,
        0,
        13,
        0,
        18,
        0,
        1,
        0,
        19,
        0,
        10,
        0,
        17,
        0,
        9,
        0,
        16,
        0,
        9,
        0,
        8,
        0,
        19,
        0,
        16,
        0,
        10,
        0,
        16,
        0,
        0,
        0,
        6,
        0,
        2,
        0,
        17,
        0,
        4,
        0,
        3,
        0,
        19,
        0,
        7,
        0,
        6,
        0,
        18,
        0,
        0,
        0,
        8,
        0,
        4,
        0,
        1,
        0,
        7,
        0,
        15,
        0,
        10,
        0,
        5,
        0,
        5,
        0,
        0,
        0,
        19,
        0,
        4,
        0,
        18,
        0,
        17,
        0,
        11,
        0,
        3,
        0,
        15,
        0,
        12,
        0,
        8,
        0,
        3,
        0,
        11,
        0,
        7,
        0,
        0,
        0,
        19,
        0,
        2,
        0,
        11,
        0,
        12,
        0,
        17,
        0,
        14,
        0,
        13,
        0,
        13,
        0,
        2,
        0,
        2,
        0,
        11,
        0,
        15,
        0,
        12,
        0,
        18,
        0,
        16,
        0,
        10,
        0,
        17,
        0,
        5,
        0
    ],
    "makespan": 227,
    "normalized_makespan": 0.2702205882352941,
    "energy": 9399,
    "normalized_energy": 0,
    "tardiness": 328,
    "normalized_tardiness": 0.5256410256410257,
    "bestObjectiveFunction": 0.7958616138763197,
    "tiempo_por_iteracion": 0.8699877695603804
}