{
    "bestSolution": [
        1,
        0,
        3,
        2,
        0,
        0,
        3,
        0,
        4,
        0,
        4,
        0,
        2,
        0,
        4,
        0,
        3,
        0,
        0,
        0,
        0,
        2,
        0,
        2,
        1,
        2,
        1,
        2,
        1,
        0,
        3,
        1,
        2,
        0,
        2,
        0,
        3,
        0,
        4,
        0,
        4,
        0,
        1,
        0,
        4,
        0,
        3,
        0,
        1,
        0,
        2,
        0,
        0,
        0,
        4,
        0,
        4,
        0,
        2,
        0,
        0,
        0,
        3,
        0,
        3,
        2,
        2,
        0,
        0,
        0,
        1,
        0,
        2,
        0,
        2,
        0,
        4,
        2,
        3,
        2,
        0,
        1,
        1,
        0,
        3,
        1,
        4,
        0,
        2,
        1,
        1,
        0,
        1,
        0,
        0,
        0,
        2,
        0,
        0,
        0
    ],
    "makespan": 1603,
    "normalized_makespan": 0.22793501925975548,
    "energy": 2117,
    "normalized_energy": 0.21164241164241165,
    "tardiness": 0,
    "normalized_tardiness": 0,
    "bestObjectiveFunction": 0.43957743090216717,
    "tiempo_por_iteracion": 1.5814515702864702
}