{
    "bestSolution": [
        1,
        2,
        0,
        0,
        3,
        0,
        3,
        1,
        4,
        0,
        1,
        0,
        3,
        2,
        3,
        0,
        2,
        0,
        2,
        0,
        0,
        0,
        4,
        0,
        0,
        0,
        0,
        0,
        4,
        0,
        1,
        0,
        2,
        0,
        1,
        0,
        0,
        0,
        4,
        0,
        2,
        2,
        2,
        0,
        2,
        2,
        4,
        0,
        2,
        0,
        1,
        2,
        1,
        2,
        1,
        0,
        1,
        0,
        4,
        0,
        0,
        0,
        3,
        0,
        2,
        0,
        0,
        0,
        3,
        2,
        3,
        0,
        1,
        0,
        0,
        0,
        2,
        0,
        3,
        0,
        4,
        0,
        4,
        2,
        4,
        0,
        1,
        0,
        0,
        1,
        4,
        0,
        0,
        0,
        3,
        0,
        3,
        0,
        2,
        0
    ],
    "makespan": 1653,
    "normalized_makespan": 0.2021575291857544,
    "energy": 1936,
    "normalized_energy": 0.18584437086092714,
    "tardiness": 0,
    "normalized_tardiness": 0,
    "bestObjectiveFunction": 0.38800190004668156,
    "tiempo_por_iteracion": 1.4012255668640137
}