{
    "bestSolution": [
        4,
        2,
        2,
        0,
        1,
        4,
        2,
        3,
        4,
        2,
        3,
        4,
        0,
        2,
        2,
        2,
        3,
        1,
        3,
        1,
        1,
        3,
        4,
        0,
        4,
        1,
        2,
        1,
        0,
        4,
        2,
        4,
        4,
        3,
        3,
        1,
        1,
        4,
        2,
        4,
        3,
        3,
        0,
        3,
        1,
        4,
        1,
        3,
        4,
        1,
        0,
        0,
        2,
        3,
        2,
        1,
        0,
        4,
        2,
        1,
        4,
        0,
        1,
        4,
        0,
        1,
        4,
        3,
        1,
        2,
        1,
        4,
        0,
        1,
        1,
        2,
        1,
        1,
        3,
        2,
        0,
        3,
        3,
        2,
        3,
        4,
        0,
        4,
        4,
        4,
        0,
        4,
        3,
        4,
        4,
        1,
        3,
        4,
        2,
        4
    ],
    "makespan": 721,
    "normalized_makespan": 0.08022106849773908,
    "energy": 3599,
    "normalized_energy": 0.8278586278586278,
    "tardiness": 182,
    "normalized_tardiness": 0.029293417028810557,
    "bestObjectiveFunction": 0.9373731133851775,
    "tiempo_por_iteracion": 0.933366024935687
}