{
    "bestSolution": [
        1,
        1,
        2,
        1,
        4,
        1,
        1,
        2,
        3,
        2,
        2,
        0,
        4,
        3,
        4,
        2,
        3,
        1,
        0,
        0,
        2,
        3,
        1,
        3,
        1,
        1,
        3,
        2,
        0,
        2,
        4,
        1,
        2,
        3,
        0,
        3,
        0,
        0,
        2,
        2,
        1,
        1,
        2,
        1,
        2,
        4,
        4,
        3,
        0,
        4,
        3,
        1,
        1,
        3,
        2,
        1,
        2,
        3,
        0,
        1,
        0,
        4,
        2,
        2,
        4,
        0,
        3,
        1,
        1,
        1,
        4,
        2,
        1,
        0,
        3,
        2,
        3,
        2,
        4,
        0,
        1,
        4,
        3,
        0,
        0,
        1,
        3,
        2,
        1,
        4,
        4,
        2,
        3,
        1,
        0,
        1,
        4,
        1,
        0,
        3
    ],
    "makespan": 725,
    "normalized_makespan": 0.08089097303634232,
    "energy": 3349,
    "normalized_energy": 0.7239085239085239,
    "tardiness": 432,
    "normalized_tardiness": 0.06953162723322066,
    "bestObjectiveFunction": 0.8743311241780869,
    "tiempo_por_iteracion": 0.609930097695553
}