{
    "status": "OPTIMAL_SOLUTION",
    "solution": {
        "objective": 0.1047957371225577,
        "start_time": [
            [
                53,
                40,
                177,
                31,
                0
            ],
            [
                110,
                0,
                195,
                173,
                66
            ],
            [
                140,
                99,
                61,
                119,
                31
            ],
            [
                118,
                54,
                140,
                99,
                201
            ],
            [
                188,
                106,
                0,
                71,
                129
            ]
        ],
        "SpeedScaling": [
            [
                1,
                1,
                1,
                1,
                1
            ],
            [
                1,
                1,
                1,
                1,
                1
            ],
            [
                1,
                1,
                1,
                1,
                1
            ],
            [
                1,
                1,
                1,
                1,
                1
            ],
            [
                1,
                1,
                1,
                1,
                1
            ]
        ],
        "_output_item": "Objective function: 0.1047957371225577 + 0.0 = 0.1047957371225577 \nObjective function : M-238.0 + E-1868.0 = 0.1047957371225577 \nStart Times: [53, 40, 177, 31, 0, 110, 0, 195, 173, 66, 140, 99, 61, 119, 31, 118, 54, 140, 99, 201, 188, 106, 0, 71, 129]\nSpeed Scaling; [1, 1, 1, 1, 1, 1, 1, 1, 1, 1, 1, 1, 1, 1, 1, 1, 1, 1, 1, 1, 1, 1, 1, 1, 1]\n",
        "_checker": ""
    },
    "statistics": {
        "paths": 0,
        "flatIntVars": 151,
        "flatFloatVars": 2,
        "flatIntConstraints": 251,
        "flatFloatConstraints": 2,
        "evaluatedHalfReifiedConstraints": 100,
        "method": "minimize",
        "flatTime": 80.03699999999999,
        "objective": 0.104795737123,
        "objectiveBound": 0.104795737123,
        "nodes": 89,
        "openNodes": 4,
        "solveTime": 22.0,
        "time": 112.0,
        "nSolutions": 10
    }
}