{
    "bestSolution": [
        7,
        0,
        1,
        0,
        7,
        0,
        6,
        0,
        9,
        0,
        7,
        0,
        5,
        0,
        0,
        0,
        0,
        0,
        1,
        0,
        4,
        0,
        9,
        4,
        6,
        1,
        1,
        2,
        6,
        0,
        2,
        4,
        3,
        0,
        3,
        0,
        5,
        4,
        9,
        0,
        0,
        0,
        4,
        0,
        9,
        4,
        7,
        0,
        8,
        3,
        0,
        0,
        6,
        0,
        5,
        0,
        2,
        0,
        7,
        2,
        3,
        4,
        2,
        0,
        9,
        4,
        1,
        3,
        2,
        0,
        6,
        4,
        8,
        0,
        5,
        0,
        3,
        4,
        4,
        0,
        1,
        4,
        7,
        0,
        9,
        4,
        7,
        0,
        5,
        2,
        1,
        0,
        9,
        0,
        6,
        1,
        8,
        0,
        6,
        0,
        0,
        0,
        3,
        0,
        8,
        2,
        9,
        0,
        5,
        4,
        4,
        3,
        2,
        0,
        2,
        1,
        4,
        0,
        0,
        0,
        3,
        3,
        7,
        0,
        0,
        0,
        4,
        0,
        5,
        4,
        7,
        4,
        6,
        0,
        0,
        0,
        8,
        0,
        3,
        4,
        4,
        0,
        3,
        4,
        2,
        0,
        0,
        2,
        4,
        0,
        9,
        0,
        8,
        0,
        3,
        0,
        6,
        0,
        5,
        4,
        2,
        4,
        8,
        0,
        3,
        4,
        2,
        3,
        9,
        0,
        4,
        0,
        6,
        0,
        5,
        0,
        2,
        0,
        0,
        0,
        1,
        4,
        1,
        0,
        1,
        4,
        7,
        0,
        8,
        0,
        8,
        0,
        1,
        0,
        4,
        0,
        8,
        4,
        5,
        4
    ],
    "makespan": 2274,
    "normalized_makespan": 0.1508761283471137,
    "energy": 4708,
    "normalized_energy": 0.3242154368108567,
    "tardiness": 0,
    "normalized_tardiness": 0,
    "bestObjectiveFunction": 0.47509156515797035,
    "tiempo_por_iteracion": 1.8201535982745034
}