{
    "bestSolution": [
        12,
        2,
        6,
        1,
        10,
        2,
        8,
        1,
        8,
        1,
        9,
        0,
        17,
        0,
        3,
        0,
        6,
        2,
        0,
        2,
        1,
        2,
        13,
        0,
        8,
        2,
        2,
        2,
        9,
        0,
        10,
        2,
        19,
        1,
        15,
        1,
        2,
        1,
        8,
        1,
        16,
        1,
        5,
        2,
        16,
        2,
        18,
        2,
        8,
        1,
        14,
        1,
        19,
        2,
        7,
        1,
        1,
        2,
        1,
        2,
        2,
        1,
        6,
        2,
        15,
        1,
        11,
        2,
        4,
        1,
        13,
        0,
        6,
        1,
        10,
        1,
        18,
        2,
        10,
        2,
        4,
        2,
        3,
        1,
        11,
        2,
        18,
        2,
        0,
        2,
        14,
        1,
        7,
        2,
        19,
        2,
        3,
        2,
        11,
        0,
        19,
        2,
        15,
        0,
        17,
        2,
        9,
        0,
        14,
        1,
        9,
        1,
        17,
        2,
        13,
        2,
        13,
        1,
        10,
        2,
        11,
        0,
        9,
        1,
        6,
        2,
        3,
        1,
        7,
        0,
        5,
        2,
        12,
        1,
        16,
        2,
        18,
        2,
        18,
        1,
        0,
        0,
        5,
        0,
        12,
        2,
        1,
        1,
        12,
        1,
        4,
        1,
        19,
        2,
        5,
        1,
        2,
        2,
        7,
        0,
        12,
        2,
        16,
        1,
        7,
        0,
        0,
        1,
        1,
        1,
        15,
        2,
        3,
        2,
        14,
        1,
        11,
        2,
        17,
        2,
        0,
        1,
        4,
        0,
        16,
        1,
        17,
        2,
        13,
        1,
        5,
        2,
        15,
        1,
        2,
        1,
        14,
        0,
        4,
        2
    ],
    "makespan": 1077,
    "normalized_makespan": 0.07096824287599969,
    "energy": 6970,
    "normalized_energy": 0.8031109291854277,
    "tardiness": 3311,
    "normalized_tardiness": 0.2538721055052906,
    "bestObjectiveFunction": 1.127951277566718,
    "tiempo_por_iteracion": 2.05623141546098
}