{
    "bestSolution": [
        4,
        4,
        2,
        2,
        3,
        1,
        1,
        3,
        2,
        0,
        7,
        0,
        5,
        0,
        1,
        0,
        3,
        4,
        1,
        0,
        6,
        0,
        3,
        0,
        0,
        2,
        4,
        0,
        3,
        0,
        8,
        1,
        2,
        4,
        1,
        4,
        5,
        0,
        6,
        0,
        4,
        2,
        2,
        0,
        0,
        0,
        9,
        0,
        7,
        0,
        9,
        0,
        7,
        1,
        3,
        0,
        2,
        0,
        4,
        4,
        8,
        0,
        8,
        2,
        6,
        0,
        5,
        2,
        9,
        0,
        8,
        0,
        0,
        0,
        4,
        0,
        0,
        0,
        9,
        0,
        5,
        0,
        7,
        0,
        1,
        0,
        8,
        2,
        6,
        0,
        6,
        0,
        7,
        0,
        0,
        0,
        5,
        0,
        9,
        4
    ],
    "makespan": 274,
    "normalized_makespan": 0.20521739130434782,
    "energy": 4128,
    "normalized_energy": 0.11873350923482849,
    "tardiness": 0,
    "normalized_tardiness": 0,
    "bestObjectiveFunction": 0.3239509005391763,
    "tiempo_por_iteracion": 0.7276816248036116
}