{
    "status": "OPTIMAL_SOLUTION",
    "solution": {
        "objective": 0.1805970149253732,
        "start_time": [
            [
                0,
                177,
                19,
                83,
                127
            ],
            [
                127,
                220,
                179,
                50,
                90
            ],
            [
                60,
                95,
                145,
                260,
                295
            ],
            [
                309,
                270,
                225,
                143,
                165
            ],
            [
                296,
                145,
                267,
                177,
                40
            ]
        ],
        "SpeedScaling": [
            [
                1,
                1,
                1,
                1,
                1
            ],
            [
                1,
                1,
                1,
                1,
                1
            ],
            [
                1,
                1,
                1,
                1,
                1
            ],
            [
                1,
                1,
                1,
                1,
                1
            ],
            [
                1,
                1,
                1,
                1,
                1
            ]
        ],
        "_output_item": "Objective function normalized: M-0.1805970149253732 + E-0.0 + T--0.0 = 0.1805970149253732 \nObjective function : M-315.0 + E-1769.0 + T--0.0 = 0.1805970149253732 \nStart Times: [0, 177, 19, 83, 127, 127, 220, 179, 50, 90, 60, 95, 145, 260, 295, 309, 270, 225, 143, 165, 296, 145, 267, 177, 40]\nSpeed Scaling; [1, 1, 1, 1, 1, 1, 1, 1, 1, 1, 1, 1, 1, 1, 1, 1, 1, 1, 1, 1, 1, 1, 1, 1, 1]\n",
        "_checker": ""
    },
    "statistics": {
        "paths": 0,
        "flatIntVars": 212,
        "flatFloatVars": 9,
        "flatIntConstraints": 347,
        "flatFloatConstraints": 9,
        "evaluatedHalfReifiedConstraints": 100,
        "method": "minimize",
        "flatTime": 89.63799999999999,
        "objective": 0.180597014925,
        "objectiveBound": 0.180597014925,
        "nodes": 62,
        "openNodes": 10,
        "solveTime": 27.0,
        "time": 129.0,
        "nSolutions": 6
    }
}