{
    "bestSolution": [
        4,
        0,
        1,
        0,
        0,
        0,
        0,
        0,
        0,
        0,
        1,
        0,
        2,
        0,
        2,
        0,
        3,
        0,
        4,
        0,
        1,
        0,
        0,
        0,
        2,
        0,
        4,
        0,
        2,
        0,
        1,
        0,
        0,
        0,
        3,
        0,
        3,
        0,
        2,
        0,
        4,
        0,
        1,
        0,
        4,
        0,
        3,
        0,
        3,
        0
    ],
    "makespan": 315,
    "normalized_makespan": 0.18059701492537314,
    "energy": 1769,
    "normalized_energy": 0,
    "tardiness": 0,
    "normalized_tardiness": 0.0,
    "bestObjectiveFunction": 0.18059701492537314,
    "tiempo_por_iteracion": 0.2779778303559293
}