{
    "bestSolution": [
        5,
        0,
        15,
        1,
        14,
        0,
        18,
        2,
        17,
        1,
        8,
        1,
        19,
        0,
        8,
        2,
        15,
        0,
        10,
        0,
        0,
        0,
        4,
        0,
        12,
        0,
        10,
        0,
        1,
        2,
        0,
        2,
        7,
        0,
        3,
        2,
        11,
        0,
        12,
        0,
        6,
        0,
        13,
        0,
        8,
        0,
        18,
        0,
        1,
        0,
        15,
        0,
        4,
        0,
        17,
        0,
        14,
        0,
        8,
        0,
        13,
        2,
        11,
        0,
        19,
        0,
        14,
        0,
        2,
        2,
        1,
        0,
        6,
        2,
        17,
        0,
        13,
        0,
        15,
        0,
        8,
        2,
        9,
        0,
        16,
        2,
        7,
        0,
        13,
        0,
        18,
        1,
        19,
        1,
        13,
        0,
        14,
        0,
        11,
        0,
        0,
        2,
        17,
        0,
        10,
        0,
        11,
        0,
        10,
        0,
        2,
        0,
        12,
        0,
        6,
        0,
        9,
        0,
        3,
        0,
        12,
        0,
        5,
        0,
        7,
        0,
        2,
        2,
        3,
        1,
        5,
        0,
        14,
        0,
        4,
        1,
        6,
        2,
        10,
        0,
        17,
        0,
        4,
        0,
        5,
        1,
        18,
        0,
        19,
        0,
        1,
        2,
        16,
        0,
        3,
        0,
        6,
        2,
        3,
        0,
        9,
        0,
        7,
        0,
        15,
        0,
        18,
        0,
        16,
        2,
        4,
        0,
        2,
        2,
        19,
        2,
        9,
        2,
        12,
        0,
        2,
        0,
        9,
        2,
        11,
        0,
        16,
        2,
        7,
        0,
        5,
        2,
        0,
        1,
        0,
        0,
        1,
        2,
        16,
        0
    ],
    "makespan": 557,
    "normalized_makespan": 0.20404120443740095,
    "energy": 8288,
    "normalized_energy": 0.21419753086419754,
    "tardiness": 0,
    "normalized_tardiness": 0,
    "bestObjectiveFunction": 0.4182387353015985,
    "tiempo_por_iteracion": 2.1104693253835043
}