{
    "bestSolution": [
        0,
        0,
        3,
        0,
        0,
        0,
        2,
        0,
        0,
        0,
        0,
        0,
        0,
        0,
        1,
        0,
        2,
        0,
        3,
        0,
        1,
        0,
        2,
        0,
        1,
        0,
        0,
        0,
        2,
        0,
        4,
        0,
        3,
        0,
        2,
        0,
        1,
        0,
        1,
        0,
        1,
        0,
        3,
        0,
        2,
        0,
        4,
        0,
        3,
        0,
        2,
        0,
        3,
        0,
        0,
        0,
        3,
        0,
        0,
        0,
        4,
        0,
        0,
        0,
        4,
        0,
        4,
        0,
        4,
        0,
        4,
        0,
        4,
        0,
        2,
        0,
        4,
        0,
        0,
        0,
        1,
        0,
        1,
        0,
        4,
        0,
        1,
        0,
        1,
        0,
        3,
        0,
        2,
        0,
        3,
        0,
        2,
        0,
        3,
        0
    ],
    "makespan": 92,
    "normalized_makespan": 0.06103286384976526,
    "energy": 4716,
    "normalized_energy": 0,
    "tardiness": 0,
    "normalized_tardiness": 0,
    "bestObjectiveFunction": 0.06103286384976526,
    "tiempo_por_iteracion": 0.1963226000467936
}