{
    "bestSolution": [
        3,
        1,
        1,
        1,
        0,
        0,
        4,
        2,
        2,
        1,
        1,
        2,
        2,
        1,
        4,
        0,
        3,
        0,
        2,
        0,
        0,
        0,
        1,
        0,
        0,
        1,
        2,
        2,
        4,
        2,
        1,
        1,
        2,
        0,
        4,
        0,
        3,
        0,
        3,
        2,
        1,
        0,
        3,
        1,
        0,
        1,
        0,
        0,
        1,
        2,
        1,
        2,
        0,
        1,
        2,
        1,
        3,
        1,
        2,
        0,
        4,
        1,
        3,
        0,
        0,
        1,
        1,
        1,
        3,
        2,
        1,
        1,
        0,
        0,
        2,
        1,
        4,
        2,
        4,
        1,
        4,
        2,
        3,
        1,
        2,
        0,
        0,
        2,
        0,
        1,
        1,
        0,
        3,
        0,
        4,
        0,
        4,
        1,
        2,
        1
    ],
    "makespan": 921,
    "normalized_makespan": 0.07836907598623245,
    "energy": 2708,
    "normalized_energy": 0.5816485225505443,
    "tardiness": 303,
    "normalized_tardiness": 0.03843714321958645,
    "bestObjectiveFunction": 0.6984547417563632,
    "tiempo_por_iteracion": 0.45591341747957115
}