{
    "bestSolution": [
        0,
        2,
        2,
        2,
        1,
        1,
        2,
        1,
        1,
        0,
        3,
        1,
        0,
        0,
        3,
        1,
        3,
        2,
        4,
        0,
        2,
        0,
        2,
        1,
        1,
        2,
        4,
        2,
        4,
        4,
        0,
        1,
        4,
        4,
        1,
        3,
        3,
        1,
        1,
        0,
        4,
        0,
        0,
        0,
        3,
        1,
        2,
        2,
        0,
        1
    ],
    "makespan": 421,
    "normalized_makespan": 0.07868171021377672,
    "energy": 1466,
    "normalized_energy": 0.6014851485148515,
    "tardiness": 195,
    "normalized_tardiness": 0.055334846765039726,
    "bestObjectiveFunction": 0.7355017054936679,
    "tiempo_por_iteracion": 0.41715812055688156
}