{
    "bestSolution": [
        1,
        0,
        8,
        0,
        2,
        0,
        8,
        0,
        1,
        0,
        3,
        0,
        1,
        0,
        0,
        0,
        8,
        0,
        1,
        0,
        0,
        0,
        9,
        0,
        1,
        0,
        5,
        0,
        6,
        0,
        8,
        0,
        2,
        0,
        3,
        0,
        7,
        0,
        4,
        0,
        9,
        0,
        4,
        0,
        3,
        0,
        6,
        0,
        2,
        0,
        5,
        0,
        4,
        0,
        6,
        0,
        9,
        0,
        8,
        0,
        4,
        0,
        0,
        0,
        8,
        0,
        0,
        0,
        3,
        0,
        3,
        0,
        7,
        0,
        7,
        0,
        9,
        0,
        7,
        0,
        9,
        0,
        6,
        0,
        3,
        0,
        1,
        0,
        8,
        0,
        5,
        0,
        0,
        0,
        1,
        0,
        4,
        0,
        3,
        0,
        9,
        0,
        2,
        0,
        5,
        0,
        6,
        0,
        2,
        0,
        0,
        0,
        6,
        0,
        5,
        0,
        5,
        0,
        2,
        0,
        7,
        0,
        0,
        0,
        7,
        0,
        2,
        0,
        4,
        0,
        7,
        0,
        1,
        0,
        7,
        0,
        8,
        0,
        1,
        0,
        6,
        0,
        1,
        0,
        4,
        0,
        0,
        0,
        2,
        0,
        5,
        0,
        6,
        0,
        5,
        0,
        6,
        0,
        8,
        0,
        8,
        0,
        5,
        0,
        0,
        0,
        7,
        0,
        9,
        0,
        4,
        0,
        4,
        0,
        4,
        0,
        5,
        0,
        7,
        0,
        9,
        0,
        2,
        0,
        3,
        0,
        3,
        0,
        0,
        0,
        2,
        0,
        9,
        0,
        3,
        0,
        6,
        0,
        9,
        0
    ],
    "makespan": 157,
    "normalized_makespan": 0.12104283054003724,
    "energy": 9387,
    "normalized_energy": 0,
    "tardiness": 0,
    "normalized_tardiness": 0,
    "bestObjectiveFunction": 0.12104283054003724,
    "tiempo_por_iteracion": 4.507552623748779
}