{
    "bestSolution": [
        2,
        0,
        3,
        0,
        1,
        0,
        7,
        0,
        1,
        0,
        5,
        0,
        7,
        0,
        8,
        0,
        8,
        0,
        0,
        0,
        4,
        0,
        5,
        0,
        3,
        0,
        6,
        0,
        9,
        0,
        5,
        0,
        2,
        0,
        7,
        0,
        7,
        0,
        8,
        0,
        1,
        0,
        1,
        0,
        3,
        0,
        2,
        0,
        1,
        0,
        4,
        0,
        2,
        0,
        8,
        0,
        5,
        0,
        8,
        0,
        5,
        0,
        6,
        0,
        4,
        0,
        9,
        0,
        6,
        0,
        4,
        0,
        9,
        0,
        8,
        0,
        5,
        0,
        7,
        0,
        0,
        0,
        6,
        0,
        3,
        0,
        0,
        0,
        3,
        0,
        6,
        0,
        2,
        0,
        3,
        0,
        8,
        0,
        0,
        0,
        5,
        0,
        0,
        0,
        1,
        0,
        9,
        0,
        7,
        0,
        3,
        0,
        9,
        0,
        2,
        0,
        7,
        0,
        5,
        0,
        8,
        0,
        2,
        0,
        3,
        0,
        4,
        0,
        4,
        0,
        9,
        0,
        7,
        0,
        9,
        0,
        1,
        0,
        0,
        0,
        3,
        0,
        8,
        0,
        2,
        0,
        1,
        0,
        8,
        0,
        6,
        0,
        0,
        0,
        6,
        0,
        9,
        0,
        6,
        0,
        4,
        0,
        5,
        0,
        7,
        0,
        3,
        0,
        1,
        0,
        9,
        0,
        4,
        0,
        2,
        0,
        7,
        0,
        0,
        0,
        0,
        0,
        9,
        0,
        6,
        0,
        5,
        0,
        4,
        0,
        6,
        0,
        4,
        0,
        1,
        0,
        0,
        0,
        2,
        0
    ],
    "makespan": 748,
    "normalized_makespan": 0.11104080987029422,
    "energy": 7040,
    "normalized_energy": 0,
    "tardiness": 82,
    "normalized_tardiness": 0.02304665542439573,
    "bestObjectiveFunction": 0.13408746529468996,
    "tiempo_por_iteracion": 2.089743284078745
}