{
    "bestSolution": [
        7,
        1,
        1,
        1,
        9,
        1,
        9,
        2,
        7,
        2,
        4,
        1,
        5,
        2,
        7,
        2,
        1,
        0,
        6,
        2,
        2,
        1,
        8,
        2,
        3,
        1,
        0,
        2,
        5,
        1,
        9,
        1,
        8,
        0,
        1,
        2,
        4,
        2,
        2,
        1,
        7,
        2,
        2,
        1,
        6,
        2,
        3,
        1,
        5,
        0,
        7,
        2,
        9,
        2,
        8,
        2,
        6,
        2,
        1,
        2,
        3,
        1,
        0,
        2,
        8,
        1,
        2,
        2,
        5,
        2,
        4,
        1,
        6,
        2,
        1,
        2,
        2,
        1,
        3,
        1,
        0,
        2,
        4,
        0,
        6,
        2,
        8,
        1,
        5,
        2,
        0,
        0,
        0,
        1,
        4,
        1,
        3,
        1,
        9,
        1
    ],
    "makespan": 436,
    "normalized_makespan": 0.04115586690017513,
    "energy": 3591,
    "normalized_energy": 0.8671068922822947,
    "tardiness": 168,
    "normalized_tardiness": 0.023979446188980874,
    "bestObjectiveFunction": 0.9322422053714506,
    "tiempo_por_iteracion": 0.6747075527906418
}