{
    "bestSolution": [
        2,
        2,
        5,
        1,
        6,
        0,
        5,
        2,
        3,
        1,
        1,
        2,
        2,
        1,
        7,
        2,
        2,
        1,
        2,
        2,
        6,
        1,
        8,
        1,
        4,
        1,
        1,
        1,
        9,
        1,
        5,
        0,
        7,
        2,
        3,
        1,
        8,
        2,
        0,
        1,
        9,
        1,
        1,
        2,
        1,
        1,
        0,
        2,
        4,
        1,
        8,
        2,
        7,
        2,
        9,
        2,
        7,
        1,
        1,
        1,
        3,
        2,
        4,
        2,
        6,
        1,
        3,
        2,
        4,
        2,
        0,
        1,
        7,
        2,
        5,
        2,
        3,
        1,
        6,
        1,
        6,
        2,
        0,
        1,
        5,
        1,
        8,
        1,
        0,
        1,
        9,
        2,
        2,
        2,
        9,
        2,
        8,
        2,
        4,
        1
    ],
    "makespan": 524,
    "normalized_makespan": 0.044200340002615406,
    "energy": 3517,
    "normalized_energy": 0.8942680092951201,
    "tardiness": 317,
    "normalized_tardiness": 0.0404698072258394,
    "bestObjectiveFunction": 0.9789381565235749,
    "tiempo_por_iteracion": 1.4290465555692975
}