{
    "bestSolution": [
        10,
        3,
        16,
        2,
        18,
        1,
        2,
        2,
        1,
        2,
        8,
        2,
        7,
        2,
        14,
        0,
        13,
        1,
        14,
        3,
        9,
        2,
        17,
        2,
        4,
        4,
        8,
        4,
        4,
        1,
        12,
        2,
        11,
        2,
        18,
        0,
        13,
        2,
        17,
        3,
        12,
        3,
        16,
        0,
        4,
        2,
        17,
        1,
        19,
        3,
        17,
        0,
        8,
        1,
        15,
        4,
        7,
        0,
        16,
        0,
        0,
        2,
        3,
        0,
        15,
        1,
        13,
        0,
        17,
        0,
        14,
        0,
        11,
        3,
        15,
        3,
        13,
        1,
        4,
        4,
        6,
        0,
        8,
        0,
        9,
        2,
        10,
        2,
        15,
        3,
        12,
        2,
        11,
        2,
        7,
        0,
        6,
        3,
        19,
        4,
        5,
        0,
        3,
        3,
        1,
        2,
        1,
        0,
        11,
        0,
        2,
        4,
        16,
        2,
        5,
        0,
        0,
        0,
        10,
        4,
        4,
        3,
        10,
        0,
        18,
        3,
        7,
        3,
        1,
        3,
        6,
        0,
        2,
        3,
        5,
        1,
        18,
        4,
        19,
        0,
        11,
        3,
        3,
        4,
        2,
        1,
        19,
        0,
        18,
        3,
        6,
        3,
        0,
        1,
        14,
        2,
        9,
        1,
        2,
        1,
        5,
        1,
        0,
        4,
        3,
        1,
        12,
        1,
        1,
        1,
        14,
        1,
        6,
        3,
        5,
        0,
        15,
        4,
        13,
        0,
        8,
        1,
        10,
        0,
        7,
        1,
        9,
        1,
        3,
        2,
        0,
        1,
        9,
        4,
        16,
        3,
        19,
        1,
        12,
        2
    ],
    "makespan": 1281,
    "normalized_makespan": 0.07836792120998945,
    "energy": 6117,
    "normalized_energy": 0.6708988311164853,
    "tardiness": 4374,
    "normalized_tardiness": 0.3041301627033792,
    "bestObjectiveFunction": 1.0533969150298539,
    "tiempo_por_iteracion": 1.743441928146232
}