{
    "bestSolution": [
        15,
        2,
        4,
        1,
        1,
        4,
        0,
        4,
        16,
        3,
        14,
        0,
        5,
        2,
        13,
        2,
        7,
        4,
        0,
        1,
        13,
        2,
        10,
        1,
        9,
        1,
        1,
        1,
        6,
        2,
        3,
        3,
        6,
        1,
        7,
        3,
        3,
        3,
        16,
        1,
        4,
        4,
        13,
        1,
        6,
        1,
        9,
        1,
        5,
        2,
        6,
        1,
        16,
        4,
        18,
        2,
        3,
        2,
        14,
        4,
        14,
        3,
        1,
        4,
        19,
        0,
        10,
        2,
        8,
        2,
        6,
        0,
        9,
        1,
        7,
        4,
        8,
        1,
        11,
        4,
        5,
        4,
        17,
        4,
        15,
        1,
        18,
        0,
        17,
        2,
        11,
        4,
        2,
        2,
        3,
        1,
        19,
        4,
        18,
        4,
        8,
        2,
        5,
        3,
        12,
        1,
        15,
        2,
        10,
        1,
        12,
        2,
        14,
        2,
        11,
        3,
        7,
        3,
        0,
        0,
        19,
        1,
        4,
        1,
        13,
        2,
        2,
        2,
        5,
        0,
        15,
        4,
        12,
        2,
        4,
        2,
        19,
        3,
        1,
        2,
        1,
        2,
        2,
        2,
        0,
        2,
        19,
        2,
        9,
        2,
        17,
        2,
        10,
        4,
        18,
        4,
        14,
        4,
        3,
        3,
        11,
        1,
        17,
        0,
        8,
        3,
        2,
        2,
        0,
        2,
        7,
        3,
        13,
        0,
        2,
        3,
        12,
        1,
        12,
        3,
        16,
        2,
        9,
        2,
        11,
        2,
        4,
        2,
        8,
        4,
        10,
        2,
        15,
        4,
        17,
        3,
        18,
        1,
        16,
        2
    ],
    "makespan": 1008,
    "normalized_makespan": 0.05916285613788252,
    "energy": 6779,
    "normalized_energy": 0.8043127771060057,
    "tardiness": 3080,
    "normalized_tardiness": 0.21415658461966347,
    "bestObjectiveFunction": 1.0776322178635516,
    "tiempo_por_iteracion": 3.4147003730138143
}