{
    "bestSolution": [
        1,
        0,
        2,
        1,
        4,
        2,
        2,
        0,
        0,
        0,
        2,
        1,
        1,
        0,
        3,
        2,
        3,
        2,
        1,
        2,
        4,
        0,
        1,
        0,
        3,
        2,
        2,
        1,
        0,
        0,
        4,
        0,
        3,
        0,
        0,
        2,
        0,
        2,
        0,
        2,
        3,
        0,
        2,
        0,
        4,
        2,
        2,
        2,
        4,
        2,
        3,
        0,
        2,
        1,
        3,
        2,
        2,
        2,
        0,
        0,
        0,
        0,
        2,
        2,
        1,
        0,
        4,
        2,
        3,
        0,
        3,
        1,
        4,
        1,
        1,
        2,
        2,
        0,
        0,
        2,
        1,
        2,
        1,
        0,
        1,
        1,
        0,
        1,
        4,
        2,
        3,
        0,
        0,
        0,
        4,
        2,
        4,
        0,
        1,
        0
    ],
    "makespan": 820,
    "normalized_makespan": 0.0838639540301289,
    "energy": 2906,
    "normalized_energy": 0.5783673469387756,
    "tardiness": 408,
    "normalized_tardiness": 0.060723321922905193,
    "bestObjectiveFunction": 0.7229546228918097,
    "tiempo_por_iteracion": 1.7845760186513264
}