{
    "bestSolution": [
        1,
        0,
        6,
        0,
        8,
        0,
        0,
        0,
        4,
        0,
        5,
        0,
        2,
        0,
        4,
        0,
        8,
        0,
        5,
        0,
        6,
        0,
        0,
        0,
        2,
        0,
        7,
        0,
        7,
        0,
        9,
        0,
        3,
        0,
        1,
        0,
        7,
        0,
        9,
        0,
        8,
        0,
        6,
        0,
        0,
        0,
        3,
        0,
        6,
        0,
        7,
        0,
        2,
        0,
        3,
        0,
        0,
        0,
        1,
        0,
        9,
        0,
        1,
        0,
        5,
        0,
        4,
        0,
        2,
        0,
        2,
        0,
        9,
        0,
        5,
        0,
        7,
        0,
        0,
        0,
        9,
        0,
        1,
        0,
        5,
        0,
        8,
        0,
        4,
        0,
        3,
        0,
        6,
        0,
        3,
        0,
        8,
        0,
        4,
        0
    ],
    "makespan": 453,
    "normalized_makespan": 0.19126506024096385,
    "energy": 3694,
    "normalized_energy": 0,
    "tardiness": 454,
    "normalized_tardiness": 0.29731499672560574,
    "bestObjectiveFunction": 0.4885800569665696,
    "tiempo_por_iteracion": 1.2061047610782443
}