{
    "bestSolution": [
        0,
        1,
        0,
        0,
        0,
        2,
        3,
        4,
        3,
        4,
        0,
        0,
        3,
        1,
        4,
        4,
        1,
        0,
        3,
        3,
        4,
        2,
        2,
        0,
        4,
        4,
        1,
        0,
        4,
        2,
        3,
        2,
        2,
        3,
        4,
        4,
        3,
        2,
        4,
        4,
        2,
        3,
        2,
        4,
        1,
        4,
        3,
        2,
        0,
        4,
        2,
        3,
        1,
        3,
        3,
        2,
        1,
        1,
        0,
        4,
        4,
        4,
        2,
        1,
        3,
        2,
        1,
        2,
        0,
        1,
        4,
        0,
        1,
        4,
        2,
        3,
        1,
        2,
        2,
        0,
        0,
        4,
        3,
        2,
        1,
        4,
        1,
        1,
        0,
        4,
        4,
        2,
        2,
        1,
        0,
        1,
        4,
        1,
        2,
        2
    ],
    "makespan": 187,
    "normalized_makespan": 0.0835635359116022,
    "energy": 4549,
    "normalized_energy": 0.78609062170706,
    "tardiness": 143,
    "normalized_tardiness": 0.09445178335535007,
    "bestObjectiveFunction": 0.9641059409740124,
    "tiempo_por_iteracion": 0.9821763111994817
}