{
    "bestSolution": [
        2,
        2,
        3,
        1,
        1,
        2,
        4,
        1,
        0,
        1,
        4,
        0,
        2,
        0,
        4,
        2,
        4,
        0,
        1,
        2,
        2,
        1,
        0,
        1,
        3,
        2,
        2,
        2,
        0,
        2,
        1,
        2,
        0,
        1,
        3,
        2,
        1,
        0,
        3,
        1,
        0,
        0,
        4,
        2,
        1,
        2,
        3,
        1,
        2,
        2
    ],
    "makespan": 389,
    "normalized_makespan": 0.0847231487658439,
    "energy": 1745,
    "normalized_energy": 0.7873227689741451,
    "tardiness": 241,
    "normalized_tardiness": 0.07692307692307693,
    "bestObjectiveFunction": 0.948968994663066,
    "tiempo_por_iteracion": 0.703866528140174
}