{
    "status": "SATISFIED",
    "solution": {
        "objective": 0.9019343741007139,
        "start_time": [
            [
                287,
                75,
                237,
                162,
                259
            ],
            [
                320,
                231,
                119,
                256,
                73
            ],
            [
                69,
                195,
                49,
                224,
                153
            ],
            [
                262,
                162,
                303,
                70,
                346
            ],
            [
                163,
                37,
                89,
                108,
                308
            ]
        ],
        "SpeedScaling": [
            [
                1,
                2,
                2,
                2,
                2
            ],
            [
                2,
                1,
                1,
                2,
                2
            ],
            [
                1,
                2,
                2,
                2,
                2
            ],
            [
                2,
                3,
                2,
                2,
                2
            ],
            [
                1,
                2,
                2,
                2,
                2
            ]
        ],
        "_output_item": "Objective function normalized: M-0.08472314876584389 + E-0.7514595496246881 + T-0.06575167571018194 = 0.9019343741007139 \nObjective function: M-389.0 + E-1702.0 + T-206.0 = 0.9019343741007139 \nStart Times: [287, 75, 237, 162, 259, 320, 231, 119, 256, 73, 69, 195, 49, 224, 153, 262, 162, 303, 70, 346, 163, 37, 89, 108, 308]\nSpeed Scaling; [1, 2, 2, 2, 2, 2, 1, 1, 2, 2, 1, 2, 2, 2, 2, 2, 3, 2, 2, 2, 1, 2, 2, 2, 2]\n",
        "_checker": ""
    },
    "statistics": {
        "paths": 0,
        "flatIntVars": 451,
        "flatFloatVars": 54,
        "flatIntConstraints": 576,
        "flatFloatConstraints": 54,
        "evaluatedHalfReifiedConstraints": 100,
        "method": "minimize",
        "flatTime": 90.21600000000001,
        "objective": 0.901934374101,
        "objectiveBound": 0.901934117906,
        "nodes": 31480,
        "openNodes": 1,
        "solveTime": 33311.999,
        "time": 8026.999999999999,
        "nSolutions": 10
    }
}