{
    "bestSolution": [
        2,
        1,
        4,
        1,
        1,
        1,
        0,
        1,
        4,
        0,
        3,
        1,
        2,
        0,
        4,
        2,
        1,
        1,
        2,
        1,
        4,
        0,
        3,
        2,
        2,
        1,
        0,
        1,
        0,
        0,
        4,
        2,
        1,
        0,
        2,
        1,
        3,
        1,
        0,
        1,
        1,
        1,
        1,
        1,
        3,
        1,
        3,
        2,
        0,
        0
    ],
    "makespan": 377,
    "normalized_makespan": 0.08072048032021348,
    "energy": 1690,
    "normalized_energy": 0.7414512093411176,
    "tardiness": 300,
    "normalized_tardiness": 0.09575486753909991,
    "bestObjectiveFunction": 0.917926557200431,
    "tiempo_por_iteracion": 0.4303784782603636
}