{
    "bestSolution": [
        4,
        1,
        16,
        2,
        3,
        1,
        6,
        1,
        11,
        2,
        9,
        1,
        17,
        2,
        15,
        1,
        5,
        2,
        3,
        1,
        0,
        1,
        8,
        1,
        13,
        2,
        16,
        2,
        14,
        1,
        19,
        1,
        4,
        1,
        5,
        1,
        6,
        2,
        8,
        1,
        15,
        2,
        11,
        1,
        0,
        1,
        12,
        1,
        18,
        0,
        9,
        2,
        12,
        1,
        6,
        1,
        1,
        2,
        2,
        0,
        14,
        1,
        0,
        2,
        9,
        2,
        18,
        1,
        15,
        2,
        13,
        1,
        14,
        1,
        17,
        2,
        9,
        2,
        5,
        1,
        8,
        0,
        10,
        2,
        14,
        1,
        18,
        2,
        10,
        2,
        19,
        0,
        3,
        2,
        2,
        2,
        7,
        1,
        17,
        1,
        14,
        2,
        13,
        2,
        8,
        1,
        2,
        2,
        7,
        1,
        3,
        2,
        6,
        1,
        6,
        1,
        15,
        1,
        10,
        2,
        2,
        1,
        1,
        1,
        5,
        2,
        11,
        2,
        1,
        2,
        18,
        1,
        17,
        1,
        13,
        2,
        2,
        1,
        7,
        2,
        12,
        2,
        12,
        1,
        16,
        1,
        4,
        2,
        13,
        1,
        12,
        1,
        11,
        1,
        4,
        2,
        5,
        0,
        16,
        2,
        19,
        1,
        15,
        1,
        8,
        2,
        19,
        2,
        11,
        1,
        19,
        1,
        7,
        2,
        18,
        2,
        0,
        1,
        1,
        1,
        0,
        2,
        7,
        1,
        3,
        1,
        9,
        2,
        10,
        2,
        1,
        2,
        10,
        2,
        17,
        1,
        16,
        2,
        4,
        1
    ],
    "makespan": 784,
    "normalized_makespan": 0.05207831808698443,
    "energy": 7490,
    "normalized_energy": 0.8954884105960265,
    "tardiness": 2124,
    "normalized_tardiness": 0.1686115741843296,
    "bestObjectiveFunction": 1.1161783028673407,
    "tiempo_por_iteracion": 2.053508860724313
}