{
    "bestSolution": [
        1,
        0,
        3,
        0,
        4,
        0,
        1,
        0,
        2,
        0,
        2,
        0,
        0,
        0,
        3,
        0,
        3,
        0,
        2,
        0,
        1,
        0,
        0,
        0,
        4,
        0,
        0,
        0,
        2,
        0,
        2,
        0,
        3,
        0,
        1,
        0,
        4,
        0,
        4,
        0,
        0,
        0,
        3,
        0,
        1,
        0,
        0,
        0,
        4,
        0
    ],
    "makespan": 75,
    "normalized_makespan": 0.1891891891891892,
    "energy": 2311,
    "normalized_energy": 0,
    "tardiness": 0,
    "normalized_tardiness": 0,
    "bestObjectiveFunction": 0.1891891891891892,
    "tiempo_por_iteracion": 0.2502562999725342
}