{
    "bestSolution": [
        2,
        0,
        4,
        0,
        1,
        0,
        3,
        0,
        1,
        0,
        1,
        0,
        0,
        0,
        2,
        0,
        2,
        0,
        4,
        0,
        4,
        2,
        3,
        0,
        1,
        2,
        0,
        0,
        2,
        0,
        4,
        0,
        3,
        0,
        4,
        0,
        3,
        0,
        2,
        0,
        3,
        0,
        0,
        0,
        0,
        1,
        0,
        0,
        1,
        0
    ],
    "makespan": 964,
    "normalized_makespan": 0.2254656658326383,
    "energy": 762,
    "normalized_energy": 0.10888030888030888,
    "tardiness": 0,
    "normalized_tardiness": 0,
    "bestObjectiveFunction": 0.3343459747129472,
    "tiempo_por_iteracion": 0.40840208891666296
}