{
    "status": "OPTIMAL_SOLUTION",
    "solution": {
        "objective": 0.9817467436895077,
        "start_time": [
            [
                106,
                93,
                80,
                84,
                114
            ],
            [
                20,
                44,
                21,
                80,
                26
            ],
            [
                98,
                78,
                56,
                27,
                20
            ],
            [
                75,
                37,
                107,
                20,
                65
            ],
            [
                26,
                105,
                27,
                0,
                25
            ]
        ],
        "SpeedScaling": [
            [
                2,
                2,
                3,
                1,
                2
            ],
            [
                2,
                1,
                2,
                1,
                2
            ],
            [
                1,
                1,
                1,
                1,
                3
            ],
            [
                1,
                1,
                1,
                1,
                1
            ],
            [
                2,
                1,
                2,
                3,
                2
            ]
        ],
        "_output_item": "Objective function normalized: M-0.1701244813278008 + E-0.51453488372093 + T-0.2970873786407767 = 0.9817467436895077 \nObjective function: M-115.0 + E-2248.0 + T-153.0 = 0.9817467436895077 \nStart Times: [106, 93, 80, 84, 114, 20, 44, 21, 80, 26, 98, 78, 56, 27, 20, 75, 37, 107, 20, 65, 26, 105, 27, 0, 25]\nSpeed Scaling; [2, 2, 3, 1, 2, 2, 1, 2, 1, 2, 1, 1, 1, 1, 3, 1, 1, 1, 1, 1, 2, 1, 2, 3, 2]\n",
        "_checker": ""
    },
    "statistics": {
        "paths": 0,
        "flatIntVars": 501,
        "flatFloatVars": 54,
        "flatIntConstraints": 576,
        "flatFloatConstraints": 54,
        "evaluatedHalfReifiedConstraints": 100,
        "method": "minimize",
        "flatTime": 102.66300000000001,
        "objective": 0.98174674369,
        "objectiveBound": 0.98174674369,
        "nodes": 564,
        "solveTime": 475.7,
        "time": 382.0,
        "openNodes": 202,
        "nSolutions": 11
    }
}