{
    "status": "OPTIMAL_SOLUTION",
    "solution": {
        "objective": 0.981746743689505,
        "start_time": [
            [
                106,
                93,
                80,
                84,
                114
            ],
            [
                20,
                44,
                21,
                111,
                26
            ],
            [
                91,
                78,
                56,
                27,
                20
            ],
            [
                61,
                37,
                84,
                20,
                44
            ],
            [
                26,
                105,
                27,
                0,
                25
            ]
        ],
        "SpeedScaling": [
            [
                2,
                2,
                3,
                1,
                4
            ],
            [
                4,
                1,
                2,
                1,
                2
            ],
            [
                1,
                1,
                1,
                1,
                3
            ],
            [
                1,
                1,
                1,
                1,
                1
            ],
            [
                4,
                1,
                2,
                3,
                2
            ]
        ],
        "_output_item": "Objective function normalized: M-0.1701244813278008 + E-0.5145348837209274 + T-0.2970873786407767 = 0.981746743689505 \nObjective function: M-115.0 + E-2248.0 + T-153.0 = 0.981746743689505 \nStart Times: [106, 93, 80, 84, 114, 20, 44, 21, 111, 26, 91, 78, 56, 27, 20, 61, 37, 84, 20, 44, 26, 105, 27, 0, 25]\nSpeed Scaling; [2, 2, 3, 1, 4, 4, 1, 2, 1, 2, 1, 1, 1, 1, 3, 1, 1, 1, 1, 1, 4, 1, 2, 3, 2]\n",
        "_checker": ""
    },
    "statistics": {
        "paths": 0,
        "flatIntVars": 501,
        "flatFloatVars": 54,
        "flatIntConstraints": 576,
        "flatFloatConstraints": 54,
        "evaluatedHalfReifiedConstraints": 100,
        "method": "minimize",
        "flatTime": 96.547,
        "objective": 0.981746743689,
        "objectiveBound": 0.981746743689,
        "nodes": 1177,
        "openNodes": 45,
        "solveTime": 1049.0,
        "time": 1157.0,
        "nSolutions": 9
    }
}