{
    "bestSolution": [
        4,
        2,
        1,
        4,
        2,
        2,
        4,
        4,
        1,
        1,
        3,
        3,
        4,
        0,
        4,
        1,
        2,
        0,
        1,
        2,
        3,
        4,
        3,
        1,
        1,
        0,
        0,
        2,
        2,
        2,
        3,
        0,
        2,
        2,
        4,
        2,
        0,
        0,
        0,
        2,
        1,
        3,
        0,
        1,
        2,
        1,
        3,
        3,
        0,
        4
    ],
    "makespan": 115,
    "normalized_makespan": 0.17012448132780084,
    "energy": 2307,
    "normalized_energy": 0.686046511627907,
    "tardiness": 100,
    "normalized_tardiness": 0.1941747572815534,
    "bestObjectiveFunction": 1.050345750237261,
    "tiempo_por_iteracion": 0.4744722307714728
}