{
    "bestSolution": [
        4,
        0,
        3,
        0,
        0,
        0,
        2,
        2,
        2,
        1,
        1,
        0,
        0,
        1,
        2,
        1,
        4,
        1,
        2,
        0,
        1,
        2,
        4,
        0,
        3,
        2,
        1,
        2,
        0,
        0,
        3,
        2,
        3,
        0,
        3,
        1,
        2,
        0,
        1,
        0,
        4,
        1,
        1,
        2,
        2,
        1,
        0,
        1,
        3,
        2,
        0,
        0,
        2,
        1,
        3,
        0,
        4,
        0,
        0,
        2,
        0,
        1,
        1,
        0,
        4,
        0,
        3,
        0,
        2,
        2,
        1,
        1,
        4,
        2,
        1,
        1,
        0,
        0,
        2,
        2,
        0,
        0,
        0,
        2,
        4,
        1,
        2,
        0,
        3,
        2,
        4,
        1,
        1,
        1,
        3,
        1,
        4,
        2,
        1,
        0
    ],
    "makespan": 861,
    "normalized_makespan": 0.08551684422689318,
    "energy": 2855,
    "normalized_energy": 0.5836038961038961,
    "tardiness": 232,
    "normalized_tardiness": 0.03216414806599196,
    "bestObjectiveFunction": 0.7012848883967813,
    "tiempo_por_iteracion": 0.4703118531600289
}