{
    "bestSolution": [
        6,
        0,
        0,
        0,
        3,
        0,
        7,
        0,
        4,
        0,
        3,
        0,
        4,
        0,
        6,
        0,
        4,
        0,
        7,
        0,
        9,
        0,
        5,
        0,
        0,
        0,
        0,
        0,
        4,
        0,
        6,
        0,
        0,
        0,
        3,
        0,
        3,
        0,
        2,
        0,
        4,
        0,
        7,
        0,
        1,
        0,
        4,
        0,
        3,
        0,
        5,
        0,
        7,
        0,
        3,
        0,
        8,
        0,
        1,
        0,
        9,
        0,
        4,
        0,
        6,
        0,
        0,
        0,
        9,
        0,
        8,
        0,
        7,
        0,
        5,
        0,
        0,
        0,
        4,
        0,
        2,
        0,
        5,
        0,
        3,
        0,
        2,
        0,
        7,
        0,
        5,
        0,
        6,
        0,
        9,
        0,
        7,
        0,
        2,
        0,
        5,
        0,
        6,
        0,
        5,
        0,
        3,
        0,
        5,
        0,
        1,
        0,
        0,
        0,
        1,
        0,
        9,
        0,
        1,
        0,
        8,
        0,
        1,
        0,
        6,
        0,
        0,
        0,
        8,
        0,
        8,
        0,
        8,
        0,
        4,
        0,
        7,
        0,
        9,
        0,
        6,
        0,
        0,
        0,
        9,
        0,
        4,
        0,
        5,
        0,
        7,
        0,
        0,
        0,
        6,
        0,
        9,
        0,
        9,
        0,
        2,
        0,
        8,
        0,
        1,
        0,
        6,
        0,
        7,
        0,
        8,
        0,
        8,
        0,
        2,
        0,
        3,
        0,
        2,
        0,
        1,
        0,
        3,
        0,
        2,
        0,
        2,
        0,
        1,
        0,
        2,
        0,
        9,
        0,
        5,
        0,
        1,
        0,
        8,
        0
    ],
    "makespan": 187,
    "normalized_makespan": 0.2222222222222222,
    "energy": 9463,
    "normalized_energy": 0,
    "tardiness": 343,
    "normalized_tardiness": 0.6225045372050817,
    "bestObjectiveFunction": 0.8447267594273039,
    "tiempo_por_iteracion": 3.025889025794135
}