{
    "bestSolution": [
        2,
        4,
        9,
        1,
        7,
        0,
        5,
        0,
        8,
        1,
        9,
        1,
        2,
        0,
        8,
        0,
        3,
        2,
        3,
        0,
        7,
        0,
        7,
        4,
        0,
        0,
        5,
        0,
        6,
        0,
        4,
        4,
        6,
        2,
        2,
        0,
        5,
        0,
        4,
        0,
        7,
        0,
        6,
        0,
        1,
        0,
        4,
        0,
        1,
        1,
        4,
        0,
        8,
        0,
        9,
        0,
        3,
        0,
        5,
        0,
        5,
        0,
        0,
        4,
        8,
        0,
        6,
        0,
        9,
        3,
        0,
        2,
        4,
        0,
        1,
        0,
        3,
        0,
        7,
        0,
        6,
        0,
        9,
        0,
        1,
        0,
        2,
        4,
        8,
        0,
        2,
        0,
        0,
        0,
        0,
        0,
        1,
        2,
        3,
        0
    ],
    "makespan": 1429,
    "normalized_makespan": 0.17416505658294232,
    "energy": 1958,
    "normalized_energy": 0.22832722832722832,
    "tardiness": 0,
    "normalized_tardiness": 0,
    "bestObjectiveFunction": 0.40249228491017064,
    "tiempo_por_iteracion": 0.7486187359865974
}