{
    "bestSolution": [
        3,
        0,
        2,
        0,
        9,
        0,
        7,
        0,
        9,
        0,
        8,
        0,
        2,
        0,
        8,
        0,
        0,
        0,
        9,
        0,
        0,
        0,
        1,
        0,
        2,
        0,
        1,
        0,
        3,
        0,
        6,
        0,
        4,
        0,
        6,
        0,
        4,
        0,
        8,
        0,
        6,
        0,
        4,
        0,
        0,
        0,
        3,
        0,
        5,
        0,
        8,
        0,
        1,
        0,
        1,
        0,
        5,
        0,
        4,
        0,
        1,
        0,
        5,
        0,
        6,
        0,
        9,
        0,
        0,
        0,
        5,
        0,
        3,
        0,
        7,
        0,
        2,
        0,
        4,
        0,
        5,
        0,
        3,
        0,
        7,
        0,
        7,
        0,
        9,
        0,
        7,
        0,
        8,
        0,
        6,
        0,
        0,
        0,
        2,
        0
    ],
    "makespan": 66,
    "normalized_makespan": 0.10096153846153846,
    "energy": 4752,
    "normalized_energy": 0,
    "tardiness": 0,
    "normalized_tardiness": 0,
    "bestObjectiveFunction": 0.10096153846153846,
    "tiempo_por_iteracion": 0.37542909383773804
}