{
    "bestSolution": [
        4,
        0,
        9,
        0,
        3,
        0,
        4,
        4,
        8,
        0,
        0,
        4,
        0,
        4,
        5,
        0,
        2,
        0,
        3,
        3,
        7,
        0,
        0,
        4,
        4,
        0,
        5,
        0,
        2,
        4,
        7,
        0,
        3,
        0,
        7,
        3,
        2,
        4,
        1,
        0,
        9,
        0,
        7,
        0,
        0,
        0,
        8,
        2,
        6,
        0,
        6,
        0,
        2,
        4,
        1,
        4,
        2,
        0,
        9,
        0,
        5,
        4,
        9,
        0,
        5,
        0,
        1,
        4,
        0,
        0,
        2,
        4,
        8,
        4,
        9,
        0,
        3,
        0,
        5,
        1,
        5,
        1,
        4,
        0,
        0,
        0,
        1,
        0,
        7,
        4,
        2,
        4,
        9,
        0,
        0,
        0,
        7,
        1,
        3,
        0,
        3,
        0,
        0,
        1,
        8,
        0,
        5,
        0,
        6,
        0,
        8,
        0,
        3,
        0,
        1,
        4,
        6,
        0,
        1,
        0,
        3,
        0,
        1,
        0,
        7,
        0,
        2,
        4,
        6,
        0,
        8,
        0,
        8,
        0,
        1,
        0,
        3,
        0,
        2,
        4,
        4,
        3,
        7,
        4,
        4,
        0,
        6,
        0,
        5,
        1,
        1,
        4,
        7,
        0,
        4,
        0,
        4,
        4,
        1,
        1,
        6,
        0,
        8,
        0,
        3,
        4,
        9,
        0,
        7,
        0,
        9,
        0,
        4,
        4,
        2,
        1,
        0,
        0,
        8,
        4,
        4,
        0,
        8,
        3,
        5,
        0,
        6,
        0,
        5,
        0,
        9,
        0,
        6,
        0,
        9,
        4,
        0,
        4,
        6,
        1
    ],
    "makespan": 1958,
    "normalized_makespan": 0.11633767324653507,
    "energy": 4469,
    "normalized_energy": 0.34500805152979064,
    "tardiness": 0,
    "normalized_tardiness": 0,
    "bestObjectiveFunction": 0.46134572477632574,
    "tiempo_por_iteracion": 1.8828678925832112
}