{
    "bestSolution": [
        3,
        1,
        4,
        1,
        2,
        1,
        2,
        0,
        1,
        1,
        3,
        1,
        2,
        0,
        2,
        0,
        4,
        0,
        3,
        0,
        3,
        0,
        3,
        2,
        1,
        1,
        2,
        2,
        4,
        0,
        1,
        1,
        1,
        1,
        1,
        1,
        4,
        2,
        0,
        1,
        4,
        1,
        0,
        1,
        0,
        1,
        0,
        1,
        0,
        1
    ],
    "makespan": 120,
    "normalized_makespan": 0.12351190476190477,
    "energy": 2303,
    "normalized_energy": 0.8281622911694511,
    "tardiness": 57,
    "normalized_tardiness": 0.08039492242595205,
    "bestObjectiveFunction": 1.0320691183573079,
    "tiempo_por_iteracion": 0.2790664678091531
}