{
    "bestSolution": [
        1,
        1,
        1,
        2,
        8,
        2,
        1,
        1,
        4,
        1,
        8,
        2,
        3,
        1,
        6,
        2,
        4,
        1,
        5,
        2,
        3,
        1,
        8,
        2,
        0,
        2,
        1,
        2,
        1,
        2,
        5,
        1,
        9,
        1,
        3,
        2,
        0,
        1,
        8,
        2,
        2,
        2,
        2,
        2,
        1,
        1,
        6,
        2,
        0,
        1,
        7,
        1,
        6,
        1,
        6,
        1,
        0,
        1,
        1,
        2,
        4,
        0,
        8,
        2,
        5,
        1,
        9,
        2,
        7,
        2,
        8,
        1,
        6,
        1,
        5,
        1,
        7,
        1,
        4,
        2,
        9,
        2,
        2,
        1,
        7,
        2,
        4,
        1,
        1,
        0,
        4,
        2,
        2,
        1,
        7,
        1,
        8,
        1,
        3,
        2,
        6,
        2,
        2,
        2,
        9,
        2,
        3,
        2,
        3,
        2,
        2,
        1,
        6,
        1,
        9,
        2,
        4,
        2,
        3,
        2,
        5,
        1,
        7,
        1,
        3,
        1,
        8,
        1,
        9,
        2,
        2,
        1,
        0,
        2,
        4,
        2,
        5,
        0,
        2,
        2,
        6,
        1,
        0,
        2,
        7,
        1,
        0,
        2,
        6,
        2,
        8,
        1,
        9,
        2,
        7,
        1,
        0,
        2,
        0,
        1,
        3,
        1,
        5,
        2,
        5,
        2,
        1,
        2,
        9,
        2,
        2,
        1,
        5,
        1,
        8,
        1,
        7,
        1,
        6,
        1,
        7,
        1,
        2,
        1,
        1,
        2,
        9,
        2,
        4,
        1,
        4,
        1,
        5,
        2,
        9,
        2,
        3,
        2,
        0,
        0
    ],
    "makespan": 886,
    "normalized_makespan": 0.040227065666830195,
    "energy": 7291,
    "normalized_energy": 0.9070970411752535,
    "tardiness": 1060,
    "normalized_tardiness": 0.07269734586105206,
    "bestObjectiveFunction": 1.0200214527031357,
    "tiempo_por_iteracion": 1.796563642125734
}