{
    "bestSolution": [
        5,
        0,
        9,
        0,
        6,
        0,
        1,
        0,
        0,
        0,
        9,
        0,
        3,
        0,
        3,
        0,
        6,
        0,
        3,
        0,
        1,
        0,
        5,
        0,
        2,
        0,
        6,
        0,
        0,
        0,
        8,
        0,
        7,
        0,
        2,
        0,
        4,
        0,
        9,
        0,
        1,
        0,
        2,
        0,
        2,
        0,
        1,
        0,
        6,
        0,
        5,
        0,
        3,
        0,
        4,
        0,
        7,
        0,
        5,
        0,
        5,
        0,
        4,
        0,
        3,
        0,
        4,
        0,
        0,
        0,
        8,
        0,
        7,
        0,
        7,
        0,
        4,
        0,
        2,
        0,
        7,
        0,
        9,
        0,
        4,
        0,
        8,
        0,
        1,
        0,
        2,
        0,
        9,
        0,
        3,
        0,
        6,
        0,
        1,
        0,
        3,
        0,
        0,
        0,
        0,
        0,
        4,
        0,
        7,
        0,
        3,
        0,
        2,
        0,
        5,
        0,
        6,
        0,
        8,
        0,
        8,
        0,
        7,
        0,
        9,
        0,
        7,
        0,
        9,
        0,
        5,
        0,
        8,
        0,
        1,
        0,
        3,
        0,
        6,
        0,
        6,
        0,
        4,
        0,
        6,
        0,
        6,
        0,
        0,
        0,
        7,
        0,
        7,
        0,
        5,
        0,
        2,
        0,
        0,
        0,
        4,
        0,
        8,
        0,
        9,
        0,
        0,
        0,
        9,
        0,
        8,
        0,
        5,
        0,
        4,
        0,
        2,
        0,
        0,
        0,
        1,
        0,
        0,
        0,
        3,
        0,
        2,
        0,
        9,
        0,
        8,
        0,
        5,
        0,
        1,
        0,
        1,
        0,
        8,
        0
    ],
    "makespan": 912,
    "normalized_makespan": 0.16366065464261856,
    "energy": 7142,
    "normalized_energy": 0,
    "tardiness": 581,
    "normalized_tardiness": 0.17008196721311475,
    "bestObjectiveFunction": 0.33374262185573333,
    "tiempo_por_iteracion": 2.2404055966271295
}