{
    "bestSolution": [
        6,
        2,
        18,
        0,
        12,
        2,
        8,
        2,
        17,
        2,
        0,
        2,
        4,
        2,
        12,
        2,
        6,
        1,
        7,
        1,
        18,
        1,
        0,
        1,
        19,
        1,
        14,
        2,
        10,
        0,
        8,
        2,
        0,
        2,
        16,
        2,
        17,
        1,
        15,
        2,
        8,
        1,
        8,
        2,
        11,
        1,
        18,
        2,
        6,
        2,
        1,
        0,
        17,
        2,
        13,
        1,
        2,
        1,
        8,
        2,
        3,
        2,
        6,
        1,
        7,
        0,
        16,
        0,
        6,
        1,
        15,
        2,
        5,
        1,
        12,
        2,
        15,
        0,
        12,
        2,
        10,
        0,
        5,
        1,
        17,
        0,
        17,
        2,
        10,
        2,
        1,
        1,
        19,
        0,
        11,
        2,
        16,
        1,
        9,
        2,
        13,
        1,
        2,
        2,
        16,
        1,
        7,
        1,
        0,
        2,
        1,
        2,
        18,
        2,
        3,
        2,
        5,
        2,
        7,
        1,
        1,
        1,
        3,
        2,
        19,
        0,
        2,
        1,
        4,
        2,
        15,
        2,
        14,
        0,
        5,
        2,
        0,
        2,
        13,
        1,
        19,
        0,
        11,
        2,
        3,
        1,
        9,
        2,
        15,
        2,
        12,
        2,
        1,
        2,
        11,
        1,
        4,
        1,
        19,
        1,
        13,
        2,
        2,
        2,
        14,
        2,
        9,
        2,
        14,
        1,
        4,
        2,
        9,
        2,
        3,
        1,
        13,
        1,
        9,
        1,
        2,
        1,
        10,
        1,
        14,
        2,
        4,
        2,
        18,
        2,
        11,
        2,
        7,
        2,
        5,
        2,
        10,
        2,
        16,
        1
    ],
    "makespan": 239,
    "normalized_makespan": 0.0847018150388937,
    "energy": 9412,
    "normalized_energy": 0.8808290155440415,
    "tardiness": 530,
    "normalized_tardiness": 0.22486211285532456,
    "bestObjectiveFunction": 1.1903929434382599,
    "tiempo_por_iteracion": 2.11009278120818
}