{
    "bestSolution": [
        3,
        0,
        8,
        2,
        3,
        1,
        1,
        1,
        7,
        2,
        1,
        2,
        6,
        0,
        8,
        1,
        0,
        0,
        3,
        1,
        4,
        2,
        8,
        1,
        5,
        0,
        6,
        1,
        7,
        1,
        5,
        0,
        0,
        1,
        4,
        0,
        8,
        1,
        0,
        1,
        9,
        2,
        3,
        0,
        2,
        2,
        7,
        0,
        4,
        0,
        0,
        0,
        5,
        1,
        9,
        1,
        9,
        1,
        4,
        2,
        1,
        0,
        3,
        2,
        8,
        0,
        8,
        0,
        2,
        1,
        9,
        2,
        2,
        1,
        9,
        1,
        7,
        2,
        2,
        2,
        6,
        0,
        0,
        0,
        7,
        2,
        4,
        0,
        8,
        1,
        2,
        1,
        6,
        0,
        1,
        2,
        6,
        1,
        4,
        0,
        0,
        2,
        3,
        1,
        3,
        1,
        7,
        1,
        4,
        0,
        5,
        0,
        2,
        0,
        9,
        1,
        5,
        0,
        7,
        0,
        1,
        1,
        9,
        0,
        6,
        1,
        1,
        1,
        3,
        0,
        8,
        2,
        5,
        0,
        1,
        2,
        0,
        1,
        2,
        1,
        6,
        0,
        3,
        2,
        5,
        0,
        9,
        2,
        9,
        0,
        6,
        1,
        5,
        1,
        4,
        0,
        1,
        2,
        8,
        0,
        7,
        1,
        2,
        1,
        7,
        2,
        3,
        0,
        0,
        0,
        6,
        2,
        5,
        0,
        7,
        1,
        1,
        1,
        6,
        0,
        0,
        0,
        4,
        0,
        4,
        1,
        5,
        2,
        9,
        2,
        2,
        2,
        8,
        2,
        1,
        1,
        2,
        0,
        0,
        0
    ],
    "makespan": 266,
    "normalized_makespan": 0.07150922092585622,
    "energy": 9008,
    "normalized_energy": 0.6942341292952825,
    "tardiness": 813,
    "normalized_tardiness": 0.29747530186608123,
    "bestObjectiveFunction": 1.06321865208722,
    "tiempo_por_iteracion": 1.1832810366919282
}