{
    "status": "SATISFIED",
    "solution": {
        "objective": 0.6154885295743511,
        "start_time": [
            [
                0,
                244,
                49,
                124,
                205
            ],
            [
                205,
                381,
                340,
                82,
                168
            ],
            [
                60,
                162,
                311,
                340,
                375
            ],
            [
                429,
                323,
                240,
                60,
                108
            ],
            [
                322,
                130,
                282,
                183,
                40
            ]
        ],
        "SpeedScaling": [
            [
                1,
                1,
                1,
                1,
                1
            ],
            [
                1,
                1,
                1,
                1,
                1
            ],
            [
                1,
                1,
                1,
                1,
                1
            ],
            [
                1,
                1,
                1,
                1,
                1
            ],
            [
                1,
                1,
                1,
                1,
                1
            ]
        ],
        "_output_item": "Objective function normalized: M-0.359701492537314 + E-0.0 + T-0.255787037037037 = 0.6154885295743511 \nObjective function: M-435.0 + E-1769.0 + T-221.0 = 0.6154885295743511 \nStart Times: [0, 244, 49, 124, 205, 205, 381, 340, 82, 168, 60, 162, 311, 340, 375, 429, 323, 240, 60, 108, 322, 130, 282, 183, 40]\nSpeed Scaling; [1, 1, 1, 1, 1, 1, 1, 1, 1, 1, 1, 1, 1, 1, 1, 1, 1, 1, 1, 1, 1, 1, 1, 1, 1]\n",
        "_checker": ""
    },
    "statistics": {
        "paths": 0,
        "flatBoolVars": 100,
        "flatIntVars": 126,
        "flatFloatVars": 28,
        "flatBoolConstraints": 50,
        "flatIntConstraints": 251,
        "flatFloatConstraints": 28,
        "evaluatedHalfReifiedConstraints": 100,
        "method": "minimize",
        "flatTime": 46.999,
        "time": 67.0,
        "initTime": 2.627,
        "solveTime": 100860.0,
        "solutions": 1,
        "variables": 226,
        "propagators": 329,
        "propagations": 415320472,
        "nodes": 317337737,
        "failures": 158668858,
        "restarts": 0,
        "peakDepth": 29,
        "nSolutions": 1
    }
}