{
    "bestSolution": [
        3,
        0,
        3,
        0,
        0,
        0,
        3,
        0,
        1,
        0,
        4,
        0,
        4,
        0,
        1,
        0,
        0,
        0,
        2,
        0,
        2,
        0,
        4,
        0,
        2,
        0,
        1,
        0,
        4,
        0,
        1,
        0,
        3,
        0,
        2,
        0,
        4,
        0,
        0,
        0,
        4,
        0,
        0,
        0,
        0,
        0,
        4,
        0,
        1,
        0,
        1,
        0,
        3,
        0,
        4,
        0,
        4,
        0,
        1,
        0,
        4,
        0,
        2,
        0,
        2,
        0,
        3,
        0,
        3,
        0,
        0,
        0,
        1,
        0,
        4,
        0,
        0,
        0,
        1,
        0,
        0,
        0,
        0,
        0,
        4,
        0,
        2,
        0,
        3,
        0,
        4,
        0,
        2,
        0,
        4,
        0,
        1,
        0,
        2,
        0,
        3,
        0,
        0,
        0,
        1,
        0,
        3,
        0,
        0,
        0,
        1,
        0,
        2,
        0,
        3,
        0,
        1,
        0,
        2,
        0,
        2,
        0,
        2,
        0,
        3,
        0,
        0,
        0,
        4,
        0,
        1,
        0,
        2,
        0,
        4,
        0,
        4,
        0,
        3,
        0,
        0,
        0,
        0,
        0,
        1,
        0,
        3,
        0,
        0,
        0,
        4,
        0,
        0,
        0,
        1,
        0,
        2,
        0,
        1,
        0,
        4,
        0,
        1,
        0,
        3,
        0,
        2,
        0,
        3,
        0,
        2,
        0,
        0,
        0,
        2,
        0,
        1,
        0,
        3,
        0,
        3,
        0,
        0,
        0,
        3,
        0,
        3,
        0,
        1,
        0,
        4,
        0,
        2,
        0,
        0,
        0,
        0,
        0,
        2,
        0
    ],
    "makespan": 1398,
    "normalized_makespan": 0.27590361445783135,
    "energy": 7275,
    "normalized_energy": 0,
    "tardiness": 34,
    "normalized_tardiness": 0.010621680724773508,
    "bestObjectiveFunction": 0.28652529518260483,
    "tiempo_por_iteracion": 2.051489044638241
}