{
    "bestSolution": [
        0,
        0,
        3,
        2,
        3,
        1,
        3,
        0,
        0,
        0,
        2,
        2,
        1,
        1,
        2,
        0,
        1,
        0,
        4,
        0,
        3,
        0,
        2,
        4,
        2,
        0,
        0,
        0,
        2,
        0,
        1,
        0,
        0,
        2,
        4,
        0,
        1,
        0,
        3,
        0,
        3,
        1,
        1,
        3,
        0,
        1,
        3,
        0,
        4,
        0,
        2,
        0,
        4,
        0,
        0,
        1,
        0,
        0,
        1,
        0,
        3,
        2,
        2,
        0,
        1,
        0,
        4,
        1,
        4,
        3,
        4,
        0,
        0,
        0,
        1,
        2,
        2,
        0,
        3,
        0,
        4,
        1,
        2,
        0,
        0,
        0,
        4,
        1,
        0,
        1,
        1,
        4,
        3,
        4,
        4,
        0,
        2,
        0,
        1,
        2
    ],
    "makespan": 1247,
    "normalized_makespan": 0.14701401584399756,
    "energy": 2383,
    "normalized_energy": 0.336472602739726,
    "tardiness": 0,
    "normalized_tardiness": 0,
    "bestObjectiveFunction": 0.48348661858372355,
    "tiempo_por_iteracion": 0.40104310785828845
}