{
    "bestSolution": [
        0,
        4,
        7,
        3,
        3,
        1,
        4,
        1,
        7,
        3,
        1,
        1,
        1,
        1,
        0,
        1,
        2,
        0,
        9,
        4,
        0,
        4,
        2,
        4,
        7,
        4,
        4,
        2,
        5,
        4,
        7,
        4,
        3,
        3,
        6,
        2,
        5,
        2,
        3,
        4,
        2,
        1,
        1,
        1,
        0,
        0,
        9,
        2,
        2,
        3,
        8,
        3,
        6,
        4,
        7,
        2,
        4,
        0,
        8,
        2,
        5,
        1,
        2,
        4,
        0,
        2,
        6,
        4,
        8,
        3,
        4,
        0,
        3,
        3,
        8,
        4,
        1,
        2,
        5,
        3,
        4,
        3,
        5,
        4,
        1,
        4,
        8,
        4,
        6,
        3,
        6,
        0,
        9,
        2,
        9,
        4,
        3,
        3,
        9,
        4
    ],
    "makespan": 537,
    "normalized_makespan": 0.05537757437070938,
    "energy": 3565,
    "normalized_energy": 0.8355517389437527,
    "tardiness": 392,
    "normalized_tardiness": 0.05825531282508545,
    "bestObjectiveFunction": 0.9491846261395475,
    "tiempo_por_iteracion": 0.8975190032612194
}