{
    "bestSolution": [
        11,
        2,
        2,
        1,
        12,
        1,
        15,
        1,
        12,
        2,
        8,
        1,
        9,
        1,
        1,
        1,
        7,
        1,
        3,
        2,
        13,
        1,
        17,
        1,
        5,
        2,
        4,
        1,
        0,
        1,
        7,
        1,
        2,
        1,
        13,
        2,
        12,
        0,
        3,
        0,
        7,
        0,
        8,
        0,
        9,
        1,
        18,
        2,
        13,
        1,
        6,
        1,
        10,
        0,
        16,
        2,
        4,
        1,
        3,
        2,
        14,
        0,
        10,
        1,
        18,
        1,
        17,
        2,
        8,
        0,
        5,
        1,
        12,
        0,
        11,
        1,
        10,
        2,
        17,
        0,
        1,
        1,
        8,
        2,
        9,
        1,
        11,
        1,
        3,
        2,
        0,
        1,
        19,
        0,
        2,
        1,
        19,
        1,
        1,
        2,
        14,
        1,
        4,
        2,
        11,
        1,
        6,
        0,
        9,
        0,
        5,
        2,
        2,
        1,
        4,
        1,
        19,
        0,
        5,
        1,
        6,
        0,
        13,
        1,
        17,
        0,
        18,
        1,
        14,
        0,
        19,
        2,
        16,
        2,
        10,
        2,
        8,
        0,
        2,
        0,
        13,
        2,
        1,
        2,
        15,
        0,
        18,
        2,
        15,
        2,
        7,
        1,
        12,
        0,
        4,
        1,
        5,
        0,
        18,
        2,
        16,
        1,
        16,
        1,
        6,
        1,
        16,
        1,
        0,
        0,
        11,
        2,
        3,
        1,
        15,
        0,
        14,
        0,
        10,
        1,
        9,
        1,
        7,
        1,
        0,
        2,
        17,
        1,
        1,
        0,
        19,
        0,
        14,
        0,
        15,
        1,
        6,
        1,
        0,
        1
    ],
    "makespan": 1240,
    "normalized_makespan": 0.08124576844955991,
    "energy": 6366,
    "normalized_energy": 0.6967806841046278,
    "tardiness": 4129,
    "normalized_tardiness": 0.3069203895041998,
    "bestObjectiveFunction": 1.0849468420583874,
    "tiempo_por_iteracion": 1.8078466521369085
}