{
    "bestSolution": [
        2,
        0,
        1,
        0,
        4,
        1,
        3,
        1,
        3,
        0,
        4,
        0,
        0,
        0,
        0,
        0,
        4,
        2,
        1,
        0,
        1,
        0,
        0,
        0,
        4,
        0,
        0,
        0,
        3,
        0,
        2,
        0,
        1,
        0,
        4,
        1,
        2,
        0,
        2,
        0,
        0,
        1,
        3,
        0,
        1,
        0,
        3,
        0,
        2,
        0
    ],
    "makespan": 148,
    "normalized_makespan": 0.23858921161825727,
    "energy": 2125,
    "normalized_energy": 0.1569767441860465,
    "tardiness": 0,
    "normalized_tardiness": 0,
    "bestObjectiveFunction": 0.39556595580430376,
    "tiempo_por_iteracion": 0.22843647403877324
}