{
    "bestSolution": [
        3,
        0,
        6,
        1,
        4,
        0,
        9,
        1,
        0,
        0,
        3,
        0,
        5,
        1,
        7,
        1,
        2,
        0,
        4,
        0,
        0,
        1,
        6,
        1,
        5,
        1,
        2,
        2,
        2,
        1,
        5,
        0,
        0,
        0,
        9,
        0,
        3,
        2,
        3,
        0,
        2,
        0,
        2,
        1,
        1,
        1,
        5,
        1,
        4,
        0,
        3,
        2,
        7,
        1,
        0,
        1,
        8,
        2,
        1,
        2,
        8,
        2,
        9,
        1,
        6,
        0,
        7,
        1,
        8,
        2,
        0,
        0,
        4,
        2,
        6,
        1,
        7,
        0,
        4,
        1,
        5,
        0,
        6,
        2,
        8,
        0,
        1,
        2,
        1,
        0,
        9,
        0,
        7,
        0,
        1,
        2,
        8,
        2,
        9,
        2
    ],
    "makespan": 720,
    "normalized_makespan": 0.08730030659996772,
    "energy": 3059,
    "normalized_energy": 0.609151973131822,
    "tardiness": 1415,
    "normalized_tardiness": 0.22192597239648681,
    "bestObjectiveFunction": 0.9183782521282765,
    "tiempo_por_iteracion": 0.6331777350847111
}