{
    "bestSolution": [
        7,
        2,
        6,
        2,
        3,
        2,
        8,
        1,
        9,
        2,
        5,
        1,
        6,
        0,
        3,
        2,
        2,
        1,
        0,
        0,
        5,
        2,
        7,
        1,
        7,
        2,
        0,
        2,
        4,
        1,
        4,
        1,
        4,
        1,
        9,
        1,
        5,
        1,
        2,
        1,
        0,
        0,
        8,
        1,
        1,
        2,
        6,
        1,
        2,
        2,
        9,
        2,
        8,
        2,
        1,
        1,
        3,
        2,
        6,
        2,
        9,
        1,
        2,
        0,
        5,
        2,
        7,
        2,
        3,
        2,
        4,
        2,
        1,
        2,
        9,
        1,
        0,
        2,
        8,
        1,
        5,
        1,
        7,
        2,
        8,
        1,
        6,
        2,
        3,
        2,
        1,
        1,
        2,
        0,
        4,
        1,
        0,
        2,
        1,
        0
    ],
    "makespan": 476,
    "normalized_makespan": 0.047926416007745685,
    "energy": 3632,
    "normalized_energy": 0.8497061293031066,
    "tardiness": 432,
    "normalized_tardiness": 0.06775407779171895,
    "bestObjectiveFunction": 0.9653866231025713,
    "tiempo_por_iteracion": 1.4319101346505654
}