{
    "bestSolution": [
        1,
        1,
        3,
        3,
        1,
        3,
        0,
        1,
        3,
        1,
        2,
        2,
        4,
        0,
        3,
        1,
        1,
        1,
        3,
        1,
        0,
        1,
        4,
        3,
        2,
        1,
        4,
        1,
        2,
        0,
        0,
        1,
        3,
        0,
        1,
        3,
        1,
        1,
        0,
        0,
        2,
        3,
        4,
        0,
        4,
        3,
        0,
        2,
        2,
        2
    ],
    "makespan": 485,
    "normalized_makespan": 0.08384932920536636,
    "energy": 1439,
    "normalized_energy": 0.6434294871794872,
    "tardiness": 71,
    "normalized_tardiness": 0.01759167492566898,
    "bestObjectiveFunction": 0.7448704913105225,
    "tiempo_por_iteracion": 0.3669705935296296
}