{
    "bestSolution": [
        2,
        0,
        2,
        0,
        4,
        0,
        3,
        0,
        1,
        0,
        3,
        0,
        2,
        0,
        4,
        0,
        3,
        0,
        4,
        0,
        0,
        0,
        0,
        0,
        2,
        0,
        1,
        0,
        4,
        0,
        0,
        0,
        1,
        0,
        3,
        0,
        1,
        0,
        2,
        0,
        0,
        0,
        4,
        0,
        1,
        0,
        0,
        0,
        3,
        0
    ],
    "makespan": 349,
    "normalized_makespan": 0.16826265389876882,
    "energy": 1717,
    "normalized_energy": 0,
    "tardiness": 0,
    "normalized_tardiness": 0,
    "bestObjectiveFunction": 0.16826265389876882,
    "tiempo_por_iteracion": 1.299811601638794
}