{
    "bestSolution": [
        4,
        3,
        0,
        0,
        3,
        4,
        1,
        3,
        4,
        4,
        4,
        2,
        8,
        4,
        8,
        2,
        6,
        0,
        9,
        2,
        2,
        0,
        0,
        4,
        8,
        2,
        4,
        1,
        5,
        2,
        7,
        1,
        2,
        2,
        6,
        1,
        3,
        0,
        0,
        1,
        6,
        4,
        0,
        2,
        4,
        2,
        2,
        1,
        5,
        2,
        3,
        4,
        0,
        4,
        9,
        4,
        8,
        1,
        7,
        1,
        2,
        2,
        5,
        2,
        1,
        1,
        2,
        0,
        7,
        3,
        6,
        4,
        8,
        1,
        6,
        1,
        3,
        1,
        3,
        1,
        9,
        3,
        7,
        0,
        5,
        0,
        1,
        4,
        1,
        3,
        7,
        2,
        9,
        0,
        5,
        4,
        9,
        4,
        1,
        0
    ],
    "makespan": 620,
    "normalized_makespan": 0.07848553786155346,
    "energy": 3310,
    "normalized_energy": 0.7203772037720377,
    "tardiness": 783,
    "normalized_tardiness": 0.12446351931330472,
    "bestObjectiveFunction": 0.9233262609468958,
    "tiempo_por_iteracion": 0.8370158563252368
}