{
    "bestSolution": [
        8,
        0,
        1,
        0,
        1,
        0,
        5,
        0,
        0,
        0,
        3,
        0,
        6,
        0,
        5,
        0,
        6,
        0,
        4,
        0,
        1,
        0,
        2,
        0,
        9,
        0,
        4,
        0,
        1,
        0,
        7,
        0,
        6,
        0,
        0,
        0,
        3,
        0,
        2,
        0,
        6,
        0,
        6,
        0,
        7,
        0,
        5,
        0,
        3,
        0,
        4,
        0,
        8,
        0,
        1,
        0,
        2,
        0,
        0,
        0,
        6,
        0,
        3,
        0,
        7,
        0,
        7,
        0,
        2,
        0,
        4,
        0,
        9,
        0,
        0,
        0,
        5,
        0,
        9,
        0,
        1,
        0,
        8,
        0,
        7,
        0,
        3,
        0,
        8,
        0,
        6,
        0,
        1,
        0,
        5,
        0,
        4,
        0,
        4,
        0,
        6,
        0,
        9,
        0,
        8,
        0,
        9,
        0,
        1,
        0,
        7,
        0,
        5,
        0,
        0,
        0,
        6,
        0,
        8,
        0,
        4,
        0,
        4,
        0,
        7,
        0,
        2,
        0,
        3,
        0,
        2,
        0,
        5,
        0,
        6,
        0,
        8,
        0,
        0,
        0,
        3,
        0,
        7,
        0,
        0,
        0,
        9,
        0,
        2,
        0,
        5,
        0,
        2,
        0,
        7,
        0,
        9,
        0,
        8,
        0,
        8,
        0,
        9,
        0,
        3,
        0,
        3,
        0,
        4,
        0,
        0,
        0,
        5,
        0,
        9,
        0,
        2,
        0,
        1,
        0,
        5,
        0,
        7,
        0,
        9,
        0,
        0,
        0,
        2,
        0,
        1,
        0,
        3,
        0,
        8,
        0,
        0,
        0,
        4,
        0
    ],
    "makespan": 977,
    "normalized_makespan": 0.1886356128179716,
    "energy": 7157,
    "normalized_energy": 0,
    "tardiness": 835,
    "normalized_tardiness": 0.24322749781532188,
    "bestObjectiveFunction": 0.43186311063329347,
    "tiempo_por_iteracion": 2.3445712910142054
}