{
    "bestSolution": [
        2,
        1,
        4,
        1,
        1,
        0,
        4,
        1,
        1,
        1,
        3,
        0,
        3,
        0,
        1,
        1,
        2,
        0,
        4,
        2,
        4,
        1,
        1,
        0,
        1,
        0,
        3,
        0,
        4,
        1,
        0,
        1,
        0,
        0,
        3,
        0,
        3,
        1,
        2,
        0,
        0,
        1,
        0,
        2,
        0,
        1,
        2,
        1,
        2,
        0
    ],
    "makespan": 115,
    "normalized_makespan": 0.17012448132780084,
    "energy": 2286,
    "normalized_energy": 0.625,
    "tardiness": 123,
    "normalized_tardiness": 0.23883495145631067,
    "bestObjectiveFunction": 1.0339594327841115,
    "tiempo_por_iteracion": 0.3450409899587217
}