{
    "status": "OPTIMAL_SOLUTION",
    "solution": {
        "objective": 1.012713101783885,
        "start_time": [
            [
                109,
                94,
                80,
                84,
                114
            ],
            [
                20,
                43,
                22,
                80,
                26
            ],
            [
                101,
                77,
                52,
                27,
                20
            ],
            [
                49,
                27,
                72,
                20,
                39
            ],
            [
                26,
                90,
                28,
                0,
                25
            ]
        ],
        "SpeedScaling": [
            [
                2,
                2,
                2,
                1,
                2
            ],
            [
                1,
                1,
                2,
                1,
                2
            ],
            [
                1,
                1,
                1,
                1,
                2
            ],
            [
                1,
                1,
                1,
                1,
                1
            ],
            [
                3,
                1,
                2,
                2,
                3
            ]
        ],
        "_output_item": "Objective function normalized: M-0.1701244813278008 + E-0.5668604651162785 + T-0.2757281553398058 = 1.012713101783885 \nObjective function: M-115.0 + E-2266.0 + T-142.0 = 1.012713101783885 \nStart Times: [109, 94, 80, 84, 114, 20, 43, 22, 80, 26, 101, 77, 52, 27, 20, 49, 27, 72, 20, 39, 26, 90, 28, 0, 25]\nSpeed Scaling; [2, 2, 2, 1, 2, 1, 1, 2, 1, 2, 1, 1, 1, 1, 2, 1, 1, 1, 1, 1, 3, 1, 2, 2, 3]\n",
        "_checker": ""
    },
    "statistics": {
        "paths": 0,
        "flatIntVars": 451,
        "flatFloatVars": 54,
        "flatIntConstraints": 576,
        "flatFloatConstraints": 54,
        "evaluatedHalfReifiedConstraints": 100,
        "method": "minimize",
        "flatTime": 101.271,
        "objective": 1.01271310178,
        "objectiveBound": 1.01271310178,
        "nodes": 1838,
        "openNodes": 1,
        "solveTime": 949.0,
        "time": 1041.0,
        "nSolutions": 9
    }
}