{
    "bestSolution": [
        3,
        2,
        17,
        1,
        0,
        1,
        4,
        1,
        12,
        1,
        9,
        1,
        6,
        2,
        2,
        1,
        13,
        0,
        2,
        2,
        8,
        2,
        17,
        1,
        14,
        2,
        15,
        1,
        10,
        1,
        1,
        3,
        8,
        2,
        3,
        4,
        17,
        2,
        1,
        4,
        10,
        0,
        7,
        3,
        1,
        4,
        4,
        4,
        13,
        3,
        4,
        1,
        2,
        1,
        19,
        4,
        16,
        2,
        7,
        1,
        4,
        4,
        7,
        3,
        3,
        2,
        13,
        1,
        18,
        4,
        19,
        2,
        15,
        0,
        2,
        2,
        4,
        3,
        11,
        1,
        3,
        3,
        12,
        1,
        15,
        3,
        2,
        2,
        5,
        3,
        18,
        0,
        17,
        2,
        13,
        4,
        5,
        2,
        1,
        1,
        7,
        3,
        6,
        2,
        0,
        4,
        9,
        1,
        13,
        2,
        14,
        2,
        11,
        1,
        18,
        1,
        15,
        1,
        5,
        4,
        8,
        1,
        18,
        2,
        14,
        2,
        16,
        1,
        8,
        2,
        6,
        2,
        12,
        2,
        6,
        2,
        14,
        2,
        12,
        2,
        0,
        2,
        11,
        2,
        11,
        3,
        5,
        0,
        18,
        0,
        19,
        4,
        16,
        3,
        9,
        3,
        10,
        3,
        11,
        1,
        7,
        4,
        10,
        2,
        19,
        4,
        17,
        3,
        12,
        1,
        5,
        3,
        0,
        2,
        9,
        4,
        0,
        3,
        10,
        1,
        16,
        1,
        8,
        3,
        9,
        2,
        19,
        3,
        1,
        2,
        16,
        3,
        15,
        4,
        6,
        1,
        14,
        4,
        3,
        1
    ],
    "makespan": 962,
    "normalized_makespan": 0.058502689778840405,
    "energy": 6958,
    "normalized_energy": 0.8041913632514818,
    "tardiness": 3152,
    "normalized_tardiness": 0.2323969623239696,
    "bestObjectiveFunction": 1.0950910153542919,
    "tiempo_por_iteracion": 2.4369877356070058
}