{
    "bestSolution": [
        4,
        0,
        2,
        0,
        1,
        1,
        0,
        1,
        0,
        4,
        1,
        1,
        4,
        1,
        4,
        0,
        4,
        1,
        2,
        1,
        3,
        1,
        1,
        3,
        1,
        4,
        4,
        4,
        1,
        3,
        3,
        4,
        1,
        0,
        4,
        4,
        4,
        1,
        2,
        2,
        4,
        4,
        0,
        4,
        3,
        2,
        4,
        4,
        1,
        3,
        0,
        2,
        2,
        2,
        2,
        0,
        2,
        2,
        0,
        2,
        1,
        3,
        1,
        1,
        0,
        3,
        3,
        0,
        4,
        3,
        3,
        0,
        3,
        1,
        2,
        2,
        3,
        2,
        3,
        0,
        2,
        3,
        0,
        3,
        3,
        4,
        3,
        2,
        0,
        4,
        4,
        0,
        1,
        4,
        2,
        4,
        0,
        4,
        3,
        4,
        2,
        3,
        4,
        3,
        0,
        2,
        2,
        2,
        1,
        0,
        0,
        1,
        4,
        3,
        3,
        2,
        2,
        0,
        1,
        3,
        4,
        3,
        2,
        3,
        4,
        4,
        2,
        2,
        3,
        0,
        1,
        4,
        3,
        1,
        2,
        4,
        3,
        2,
        2,
        0,
        2,
        2,
        0,
        0,
        2,
        4,
        0,
        4,
        1,
        0,
        2,
        4,
        1,
        3,
        0,
        3,
        3,
        2,
        4,
        4,
        3,
        1,
        0,
        1,
        0,
        3,
        1,
        2,
        0,
        4,
        1,
        2,
        4,
        0,
        2,
        0,
        0,
        0,
        0,
        4,
        3,
        2,
        1,
        1,
        1,
        3,
        0,
        3,
        1,
        3,
        4,
        2,
        3,
        1,
        4,
        2,
        3,
        1,
        4,
        3
    ],
    "makespan": 294,
    "normalized_makespan": 0.059001512859304085,
    "energy": 9161,
    "normalized_energy": 0.7847141190198367,
    "tardiness": 97,
    "normalized_tardiness": 0.03486700215672178,
    "bestObjectiveFunction": 0.8785826340358626,
    "tiempo_por_iteracion": 2.5782487297058108
}