{
    "bestSolution": [
        3,
        2,
        13,
        2,
        10,
        2,
        19,
        2,
        12,
        1,
        11,
        2,
        15,
        2,
        5,
        1,
        17,
        2,
        1,
        2,
        6,
        1,
        9,
        1,
        16,
        0,
        5,
        1,
        6,
        1,
        10,
        1,
        0,
        1,
        3,
        2,
        1,
        2,
        3,
        2,
        11,
        1,
        7,
        1,
        10,
        0,
        14,
        2,
        5,
        1,
        12,
        2,
        0,
        0,
        19,
        1,
        8,
        2,
        12,
        1,
        12,
        2,
        9,
        0,
        15,
        2,
        8,
        2,
        18,
        2,
        7,
        0,
        4,
        1,
        10,
        2,
        17,
        2,
        8,
        2,
        1,
        1,
        13,
        1,
        2,
        2,
        11,
        2,
        6,
        2,
        7,
        2,
        7,
        2,
        14,
        2,
        15,
        1,
        18,
        2,
        13,
        1,
        14,
        2,
        15,
        2,
        16,
        1,
        12,
        2,
        7,
        2,
        8,
        2,
        17,
        1,
        14,
        1,
        1,
        0,
        0,
        2,
        13,
        2,
        11,
        2,
        9,
        1,
        0,
        2,
        1,
        1,
        19,
        2,
        18,
        1,
        5,
        1,
        13,
        0,
        5,
        1,
        18,
        1,
        16,
        2,
        18,
        1,
        3,
        2,
        6,
        2,
        3,
        2,
        17,
        2,
        16,
        2,
        14,
        1,
        19,
        1,
        4,
        2,
        2,
        0,
        16,
        1,
        8,
        2,
        10,
        1,
        15,
        2,
        2,
        2,
        6,
        2,
        2,
        2,
        11,
        1,
        9,
        2,
        4,
        2,
        9,
        2,
        19,
        1,
        0,
        1,
        4,
        2,
        2,
        1,
        17,
        0,
        4,
        2
    ],
    "makespan": 252,
    "normalized_makespan": 0.0832012678288431,
    "energy": 9369,
    "normalized_energy": 0.8814814814814815,
    "tardiness": 597,
    "normalized_tardiness": 0.23265783320342948,
    "bestObjectiveFunction": 1.1973405825137542,
    "tiempo_por_iteracion": 2.293408126831055
}