{
    "bestSolution": [
        1,
        0,
        4,
        0,
        1,
        0,
        3,
        0,
        2,
        0,
        4,
        0,
        0,
        0,
        1,
        0,
        3,
        0,
        1,
        0,
        4,
        0,
        2,
        0,
        4,
        0,
        3,
        0,
        2,
        0,
        0,
        0,
        4,
        0,
        2,
        0,
        0,
        0,
        2,
        0,
        1,
        0,
        3,
        0,
        0,
        0,
        0,
        0,
        3,
        0
    ],
    "makespan": 117,
    "normalized_makespan": 0.6635514018691588,
    "energy": 2354,
    "normalized_energy": 0,
    "tardiness": 66,
    "normalized_tardiness": 0.43137254901960786,
    "bestObjectiveFunction": 1.0949239508887667,
    "tiempo_por_iteracion": 0.7533400588565402
}