{
    "bestSolution": [
        1,
        0,
        3,
        0,
        3,
        0,
        3,
        0,
        1,
        0,
        1,
        0,
        3,
        0,
        1,
        0,
        4,
        0,
        2,
        0,
        3,
        0,
        4,
        0,
        4,
        0,
        2,
        0,
        4,
        0,
        0,
        0,
        4,
        0,
        2,
        0,
        2,
        0,
        0,
        0,
        2,
        0,
        0,
        0,
        1,
        0,
        0,
        0,
        0,
        0
    ],
    "makespan": 117,
    "normalized_makespan": 0.6635514018691588,
    "energy": 2354,
    "normalized_energy": 0,
    "tardiness": 36,
    "normalized_tardiness": 0.23529411764705882,
    "bestObjectiveFunction": 0.8988455195162177,
    "tiempo_por_iteracion": 0.32264641636893865
}