{
    "bestSolution": [
        0,
        0,
        4,
        0,
        3,
        0,
        4,
        0,
        1,
        0,
        3,
        0,
        1,
        0,
        2,
        0,
        4,
        0,
        0,
        0,
        4,
        0,
        2,
        0,
        3,
        0,
        3,
        0,
        2,
        0,
        2,
        0,
        3,
        0,
        1,
        0,
        0,
        0,
        4,
        0,
        1,
        0,
        3,
        0,
        0,
        0,
        1,
        0,
        0,
        0,
        4,
        0,
        2,
        0,
        1,
        0,
        0,
        0,
        3,
        0,
        3,
        0,
        2,
        0,
        2,
        0,
        4,
        0,
        1,
        0,
        0,
        0,
        0,
        0,
        1,
        0,
        1,
        0,
        3,
        0,
        2,
        0,
        4,
        0,
        4,
        0,
        0,
        0,
        3,
        0,
        4,
        0,
        1,
        0,
        2,
        0,
        2,
        0,
        0,
        0
    ],
    "makespan": 427,
    "normalized_makespan": 0.017412935323383085,
    "energy": 3632,
    "normalized_energy": 0,
    "tardiness": 0,
    "normalized_tardiness": 0,
    "bestObjectiveFunction": 0.017412935323383085,
    "tiempo_por_iteracion": 0.3868878483772278
}