{
    "bestSolution": [
        2,
        0,
        4,
        2,
        4,
        4,
        4,
        4,
        1,
        1,
        0,
        0,
        0,
        3,
        3,
        2,
        2,
        1,
        4,
        4,
        1,
        2,
        2,
        1,
        0,
        2,
        4,
        3,
        3,
        0,
        1,
        3,
        4,
        1,
        3,
        0,
        0,
        3,
        3,
        4,
        2,
        0,
        1,
        0,
        4,
        3,
        3,
        0,
        0,
        0,
        1,
        1,
        1,
        1,
        1,
        3,
        2,
        4,
        1,
        4,
        4,
        1,
        4,
        1,
        1,
        2,
        3,
        0,
        0,
        3,
        0,
        4,
        2,
        1,
        2,
        3,
        2,
        3,
        0,
        3,
        2,
        0,
        1,
        0,
        4,
        0,
        2,
        3,
        3,
        4,
        0,
        4,
        1,
        3,
        1,
        1,
        0,
        4,
        2,
        0,
        4,
        0,
        0,
        0,
        3,
        0,
        3,
        3,
        3,
        1,
        1,
        1,
        2,
        1,
        0,
        4,
        0,
        4,
        3,
        4,
        4,
        1,
        2,
        4,
        3,
        0,
        2,
        1,
        3,
        2,
        3,
        0,
        4,
        0,
        1,
        2,
        2,
        3,
        4,
        3,
        4,
        4,
        2,
        3,
        0,
        0,
        4,
        4,
        1,
        4,
        1,
        2,
        3,
        0,
        1,
        1,
        0,
        4,
        4,
        1,
        0,
        0,
        2,
        0,
        2,
        0,
        3,
        3,
        0,
        1,
        4,
        0,
        3,
        4,
        3,
        3,
        3,
        0,
        2,
        4,
        1,
        0,
        0,
        1,
        0,
        4,
        1,
        3,
        1,
        2,
        4,
        4,
        0,
        3,
        2,
        2,
        3,
        1,
        4,
        3
    ],
    "makespan": 1238,
    "normalized_makespan": 0.058225126126871224,
    "energy": 6309,
    "normalized_energy": 0.6518134715025907,
    "tardiness": 277,
    "normalized_tardiness": 0.02194059405940594,
    "bestObjectiveFunction": 0.7319791916888679,
    "tiempo_por_iteracion": 1.643470827537247
}