{
    "bestSolution": [
        1,
        4,
        1,
        3,
        1,
        3,
        2,
        0,
        4,
        4,
        1,
        3,
        3,
        3,
        1,
        0,
        2,
        0,
        4,
        0,
        2,
        0,
        3,
        4,
        1,
        3,
        0,
        0,
        2,
        4,
        4,
        4,
        0,
        4,
        4,
        0,
        1,
        0,
        4,
        0,
        4,
        4,
        3,
        3,
        0,
        3,
        2,
        0,
        3,
        4,
        1,
        1,
        2,
        0,
        0,
        4,
        3,
        0,
        3,
        2,
        3,
        4,
        0,
        2,
        0,
        4,
        2,
        4,
        4,
        0,
        4,
        0,
        1,
        4,
        2,
        0,
        0,
        4,
        0,
        0,
        3,
        4,
        4,
        0,
        4,
        1,
        3,
        0,
        3,
        4,
        1,
        0,
        2,
        0,
        2,
        2,
        0,
        4,
        0,
        0
    ],
    "makespan": 382,
    "normalized_makespan": 0.2550702028081123,
    "energy": 4196,
    "normalized_energy": 0.29598051157125455,
    "tardiness": 0,
    "normalized_tardiness": 0,
    "bestObjectiveFunction": 0.5510507143793668,
    "tiempo_por_iteracion": 1.122761164771186
}