{
    "bestSolution": [
        1,
        2,
        6,
        2,
        3,
        1,
        6,
        0,
        2,
        2,
        6,
        1,
        15,
        1,
        9,
        2,
        10,
        1,
        1,
        2,
        12,
        1,
        6,
        2,
        3,
        2,
        17,
        2,
        5,
        1,
        4,
        0,
        14,
        2,
        0,
        1,
        1,
        1,
        8,
        1,
        17,
        0,
        3,
        2,
        2,
        1,
        13,
        1,
        5,
        2,
        2,
        0,
        11,
        0,
        12,
        2,
        1,
        1,
        17,
        0,
        6,
        0,
        1,
        0,
        8,
        1,
        16,
        2,
        5,
        0,
        3,
        0,
        4,
        0,
        0,
        0,
        9,
        0,
        5,
        0,
        2,
        1,
        17,
        1,
        3,
        0,
        11,
        2,
        18,
        2,
        18,
        0,
        15,
        1,
        13,
        0,
        9,
        2,
        11,
        1,
        9,
        2,
        19,
        1,
        8,
        2,
        13,
        1,
        7,
        1,
        8,
        1,
        7,
        0,
        14,
        1,
        0,
        0,
        11,
        2,
        13,
        1,
        4,
        2,
        4,
        0,
        16,
        0,
        12,
        0,
        13,
        1,
        7,
        2,
        14,
        1,
        18,
        2,
        16,
        2,
        2,
        0,
        10,
        1,
        19,
        1,
        14,
        1,
        15,
        0,
        17,
        2,
        10,
        2,
        16,
        1,
        8,
        1,
        7,
        0,
        12,
        1,
        16,
        1,
        14,
        1,
        7,
        0,
        15,
        0,
        4,
        2,
        10,
        1,
        18,
        2,
        10,
        1,
        0,
        0,
        18,
        1,
        19,
        2,
        19,
        2,
        19,
        2,
        5,
        1,
        11,
        1,
        9,
        1,
        15,
        0,
        0,
        0,
        12,
        2
    ],
    "makespan": 1341,
    "normalized_makespan": 0.09126317397281197,
    "energy": 6269,
    "normalized_energy": 0.6764,
    "tardiness": 4584,
    "normalized_tardiness": 0.34622356495468276,
    "bestObjectiveFunction": 1.1138867389274947,
    "tiempo_por_iteracion": 1.070411205291748
}