{
    "bestSolution": [
        8,
        0,
        5,
        0,
        1,
        0,
        6,
        0,
        5,
        0,
        4,
        0,
        0,
        0,
        1,
        0,
        8,
        0,
        7,
        0,
        6,
        0,
        5,
        0,
        2,
        0,
        6,
        0,
        0,
        0,
        7,
        0,
        4,
        0,
        0,
        0,
        7,
        0,
        4,
        0,
        4,
        0,
        8,
        0,
        6,
        0,
        0,
        0,
        7,
        0,
        2,
        0,
        1,
        0,
        7,
        0,
        9,
        0,
        5,
        0,
        3,
        0,
        8,
        0,
        4,
        0,
        8,
        0,
        4,
        0,
        9,
        0,
        1,
        0,
        0,
        0,
        2,
        0,
        5,
        0,
        3,
        0,
        6,
        0,
        4,
        0,
        2,
        0,
        7,
        0,
        8,
        0,
        9,
        0,
        6,
        0,
        8,
        0,
        0,
        0,
        4,
        0,
        3,
        0,
        5,
        0,
        5,
        0,
        9,
        0,
        8,
        0,
        3,
        0,
        1,
        0,
        4,
        0,
        6,
        0,
        2,
        0,
        2,
        0,
        1,
        0,
        5,
        0,
        3,
        0,
        9,
        0,
        7,
        0,
        3,
        0,
        8,
        0,
        0,
        0,
        2,
        0,
        6,
        0,
        3,
        0,
        8,
        0,
        9,
        0,
        0,
        0,
        6,
        0,
        1,
        0,
        1,
        0,
        1,
        0,
        2,
        0,
        7,
        0,
        4,
        0,
        7,
        0,
        3,
        0,
        5,
        0,
        2,
        0,
        1,
        0,
        3,
        0,
        9,
        0,
        7,
        0,
        6,
        0,
        0,
        0,
        9,
        0,
        9,
        0,
        0,
        0,
        3,
        0,
        9,
        0,
        5,
        0,
        2,
        0
    ],
    "makespan": 929,
    "normalized_makespan": 0.1527689369828135,
    "energy": 7019,
    "normalized_energy": 0,
    "tardiness": 748,
    "normalized_tardiness": 0.20829852408799776,
    "bestObjectiveFunction": 0.3610674610708112,
    "tiempo_por_iteracion": 3.098419326724428
}