{
    "bestSolution": [
        5,
        0,
        3,
        0,
        1,
        0,
        7,
        0,
        8,
        0,
        9,
        0,
        4,
        0,
        3,
        0,
        7,
        0,
        3,
        0,
        9,
        0,
        0,
        0,
        9,
        0,
        2,
        0,
        4,
        0,
        4,
        0,
        6,
        0,
        1,
        0,
        7,
        0,
        9,
        0,
        5,
        0,
        6,
        0,
        6,
        0,
        7,
        0,
        1,
        0,
        8,
        0,
        0,
        0,
        8,
        0,
        0,
        0,
        8,
        0,
        2,
        0,
        4,
        0,
        5,
        0,
        6,
        0,
        7,
        0,
        4,
        0,
        5,
        0,
        9,
        0,
        0,
        0,
        4,
        0,
        3,
        0,
        7,
        0,
        3,
        0,
        8,
        0,
        4,
        0,
        9,
        0,
        1,
        0,
        8,
        0,
        2,
        0,
        6,
        0,
        1,
        0,
        9,
        0,
        2,
        0,
        0,
        0,
        8,
        0,
        6,
        0,
        9,
        0,
        0,
        0,
        5,
        0,
        2,
        0,
        3,
        0,
        1,
        0,
        3,
        0,
        8,
        0,
        6,
        0,
        6,
        0,
        5,
        0,
        5,
        0,
        7,
        0,
        7,
        0,
        6,
        0,
        3,
        0,
        0,
        0,
        2,
        0,
        7,
        0,
        5,
        0,
        1,
        0,
        5,
        0,
        4,
        0,
        2,
        0,
        4,
        0,
        1,
        0,
        6,
        0,
        2,
        0,
        5,
        0,
        4,
        0,
        7,
        0,
        0,
        0,
        8,
        0,
        2,
        0,
        8,
        0,
        9,
        0,
        1,
        0,
        0,
        0,
        1,
        0,
        3,
        0,
        2,
        0,
        3,
        0,
        9,
        0,
        0,
        0
    ],
    "makespan": 929,
    "normalized_makespan": 0.1527689369828135,
    "energy": 7019,
    "normalized_energy": 0,
    "tardiness": 180,
    "normalized_tardiness": 0.05012531328320802,
    "bestObjectiveFunction": 0.2028942502660215,
    "tiempo_por_iteracion": 0.705462699100889
}