{
    "bestSolution": [
        1,
        0,
        3,
        0,
        4,
        0,
        1,
        0,
        4,
        0,
        2,
        0,
        4,
        0,
        1,
        0,
        0,
        0,
        3,
        0,
        1,
        0,
        0,
        0,
        0,
        0,
        1,
        0,
        4,
        0,
        4,
        0,
        2,
        0,
        3,
        0,
        0,
        0,
        1,
        0,
        1,
        0,
        2,
        0,
        1,
        0,
        2,
        0,
        2,
        0,
        3,
        0,
        3,
        0,
        1,
        0,
        3,
        0,
        2,
        0,
        0,
        0,
        3,
        0,
        0,
        0,
        4,
        0,
        1,
        0,
        1,
        0,
        4,
        0,
        3,
        0,
        1,
        0,
        0,
        0,
        1,
        0,
        1,
        0,
        2,
        0,
        0,
        0,
        2,
        0,
        3,
        0,
        0,
        0,
        0,
        0,
        3,
        0,
        1,
        0,
        4,
        0,
        4,
        0,
        2,
        0,
        0,
        0,
        3,
        0,
        2,
        0,
        3,
        0,
        4,
        0,
        0,
        0,
        2,
        0,
        4,
        0,
        4,
        0,
        0,
        0,
        2,
        0,
        4,
        0,
        4,
        0,
        3,
        0,
        0,
        0,
        1,
        0,
        0,
        0,
        3,
        0,
        3,
        0,
        2,
        0,
        0,
        0,
        2,
        0,
        4,
        0,
        0,
        0,
        2,
        0,
        2,
        0,
        0,
        0,
        1,
        0,
        0,
        0,
        2,
        0,
        4,
        0,
        3,
        0,
        2,
        0,
        4,
        0,
        4,
        0,
        3,
        0,
        1,
        0,
        0,
        0,
        1,
        0,
        3,
        0,
        3,
        0,
        4,
        0,
        4,
        0,
        3,
        0,
        2,
        0,
        1,
        0,
        2,
        0
    ],
    "makespan": 279,
    "normalized_makespan": 0.338785046728972,
    "energy": 9447,
    "normalized_energy": 0,
    "tardiness": 173,
    "normalized_tardiness": 0.30782918149466193,
    "bestObjectiveFunction": 0.6466142282236339,
    "tiempo_por_iteracion": 2.147631977995237
}