{
    "bestSolution": [
        19,
        0,
        19,
        0,
        8,
        0,
        9,
        0,
        7,
        0,
        9,
        0,
        17,
        1,
        10,
        1,
        2,
        0,
        2,
        0,
        19,
        0,
        1,
        0,
        7,
        0,
        8,
        0,
        14,
        0,
        5,
        0,
        16,
        0,
        13,
        1,
        11,
        1,
        0,
        0,
        12,
        0,
        3,
        2,
        2,
        2,
        7,
        1,
        10,
        0,
        0,
        2,
        18,
        1,
        8,
        2,
        13,
        2,
        7,
        0,
        8,
        1,
        14,
        0,
        17,
        1,
        13,
        0,
        10,
        1,
        18,
        1,
        6,
        1,
        17,
        0,
        19,
        2,
        4,
        0,
        16,
        0,
        11,
        0,
        12,
        0,
        11,
        1,
        11,
        2,
        2,
        1,
        4,
        1,
        4,
        0,
        2,
        0,
        11,
        1,
        15,
        0,
        3,
        0,
        1,
        0,
        0,
        0,
        12,
        0,
        10,
        0,
        0,
        1,
        1,
        2,
        6,
        0,
        5,
        0,
        15,
        0,
        12,
        1,
        4,
        0,
        5,
        0,
        6,
        0,
        14,
        0,
        13,
        0,
        15,
        0,
        3,
        1,
        18,
        2,
        8,
        0,
        17,
        0,
        9,
        0,
        15,
        0,
        19,
        0,
        18,
        2,
        1,
        0,
        3,
        1,
        5,
        0,
        14,
        0,
        4,
        2,
        16,
        0,
        9,
        1,
        16,
        0,
        12,
        2,
        3,
        2,
        5,
        2,
        16,
        1,
        13,
        0,
        17,
        2,
        1,
        1,
        9,
        1,
        10,
        1,
        0,
        1,
        7,
        1,
        14,
        1,
        15,
        0,
        6,
        1,
        18,
        0,
        6,
        0
    ],
    "makespan": 2484,
    "normalized_makespan": 0.1785550633878112,
    "energy": 4813,
    "normalized_energy": 0.3852,
    "tardiness": 0,
    "normalized_tardiness": 0,
    "bestObjectiveFunction": 0.5637550633878112,
    "tiempo_por_iteracion": 1.383356354453347
}