{
    "bestSolution": [
        6,
        2,
        7,
        0,
        3,
        0,
        2,
        0,
        3,
        1,
        6,
        0,
        1,
        1,
        1,
        1,
        4,
        2,
        8,
        1,
        8,
        1,
        4,
        1,
        5,
        1,
        9,
        1,
        6,
        0,
        4,
        1,
        0,
        0,
        8,
        1,
        2,
        2,
        4,
        2,
        5,
        1,
        9,
        0,
        1,
        1,
        0,
        1,
        9,
        1,
        1,
        0,
        5,
        0,
        3,
        2,
        8,
        2,
        5,
        2,
        7,
        0,
        8,
        0,
        5,
        1,
        2,
        1,
        4,
        1,
        2,
        0,
        3,
        0,
        0,
        2,
        7,
        2,
        6,
        0,
        9,
        0,
        0,
        1,
        9,
        2,
        3,
        1,
        2,
        1,
        7,
        2,
        6,
        2,
        7,
        0,
        1,
        1,
        0,
        1
    ],
    "makespan": 664,
    "normalized_makespan": 0.07826367597224464,
    "energy": 3168,
    "normalized_energy": 0.654911838790932,
    "tardiness": 1683,
    "normalized_tardiness": 0.2639585947302384,
    "bestObjectiveFunction": 0.997134109493415,
    "tiempo_por_iteracion": 0.5594352159583778
}