{
    "bestSolution": [
        3,
        1,
        0,
        3,
        4,
        1,
        3,
        1,
        0,
        2,
        1,
        1,
        2,
        1,
        4,
        3,
        2,
        0,
        0,
        4,
        1,
        1,
        1,
        3,
        3,
        2,
        0,
        1,
        4,
        0,
        1,
        2,
        2,
        0,
        4,
        3,
        1,
        0,
        3,
        2,
        2,
        1,
        3,
        1,
        0,
        1,
        2,
        4,
        4,
        1
    ],
    "makespan": 418,
    "normalized_makespan": 0.09304703476482618,
    "energy": 1645,
    "normalized_energy": 0.6943744752308985,
    "tardiness": 314,
    "normalized_tardiness": 0.10198116271516726,
    "bestObjectiveFunction": 0.8894026727108919,
    "tiempo_por_iteracion": 0.42106359245396463
}