{
    "bestSolution": [
        2,
        0,
        8,
        0,
        4,
        0,
        3,
        0,
        7,
        0,
        3,
        0,
        6,
        0,
        7,
        0,
        1,
        0,
        7,
        0,
        9,
        0,
        5,
        0,
        4,
        0,
        2,
        0,
        5,
        0,
        7,
        0,
        4,
        0,
        0,
        0,
        3,
        0,
        9,
        0,
        2,
        0,
        1,
        0,
        6,
        0,
        4,
        0,
        9,
        0,
        0,
        0,
        0,
        0,
        9,
        0,
        8,
        0,
        7,
        0,
        1,
        0,
        5,
        0,
        3,
        0,
        4,
        0,
        8,
        0,
        6,
        0,
        3,
        0,
        9,
        0,
        6,
        0,
        0,
        0,
        1,
        0,
        5,
        0,
        2,
        0,
        8,
        0,
        8,
        0,
        0,
        0,
        1,
        0,
        2,
        0,
        6,
        0,
        5,
        0
    ],
    "makespan": 426,
    "normalized_makespan": 0.15712187958883994,
    "energy": 3655,
    "normalized_energy": 0,
    "tardiness": 0,
    "normalized_tardiness": 0,
    "bestObjectiveFunction": 0.15712187958883994,
    "tiempo_por_iteracion": 0.42633652687072754
}