{
    "bestSolution": [
        3,
        0,
        3,
        0,
        3,
        0,
        4,
        0,
        1,
        0,
        4,
        0,
        4,
        0,
        3,
        0,
        4,
        0,
        2,
        0,
        1,
        0,
        2,
        0,
        4,
        0,
        4,
        0,
        3,
        0,
        1,
        0,
        1,
        0,
        2,
        0,
        0,
        0,
        3,
        0,
        4,
        0,
        4,
        0,
        0,
        0,
        3,
        0,
        0,
        0,
        1,
        0,
        4,
        0,
        1,
        0,
        3,
        0,
        2,
        0,
        1,
        0,
        2,
        0,
        3,
        0,
        3,
        0,
        2,
        0,
        2,
        0,
        0,
        0,
        4,
        0,
        2,
        0,
        1,
        0,
        2,
        0,
        0,
        0,
        0,
        0,
        1,
        0,
        0,
        0,
        1,
        0,
        0,
        0,
        0,
        0,
        2,
        0,
        0,
        0
    ],
    "makespan": 144,
    "normalized_makespan": 0.2821576763485477,
    "energy": 4696,
    "normalized_energy": 0,
    "tardiness": 18,
    "normalized_tardiness": 0.056782334384858045,
    "bestObjectiveFunction": 0.33894001073340574,
    "tiempo_por_iteracion": 0.38134402708899706
}