{
    "bestSolution": [
        4,
        0,
        1,
        0,
        1,
        0,
        3,
        0,
        3,
        0,
        3,
        0,
        4,
        0,
        4,
        0,
        4,
        0,
        3,
        0,
        2,
        0,
        2,
        0,
        4,
        0,
        4,
        0,
        1,
        0,
        3,
        0,
        1,
        0,
        3,
        0,
        2,
        0,
        0,
        0,
        1,
        0,
        2,
        0,
        3,
        0,
        0,
        0,
        1,
        0,
        1,
        0,
        3,
        0,
        2,
        0,
        4,
        0,
        0,
        0,
        2,
        0,
        2,
        0,
        3,
        0,
        3,
        0,
        1,
        0,
        0,
        0,
        1,
        0,
        0,
        0,
        4,
        0,
        2,
        0,
        2,
        0,
        0,
        0,
        1,
        0,
        0,
        0,
        4,
        0,
        0,
        0,
        0,
        0,
        2,
        0,
        4,
        0,
        0,
        0
    ],
    "makespan": 144,
    "normalized_makespan": 0.2821576763485477,
    "energy": 4696,
    "normalized_energy": 0,
    "tardiness": 32,
    "normalized_tardiness": 0.10094637223974763,
    "bestObjectiveFunction": 0.38310404858829533,
    "tiempo_por_iteracion": 0.9145856569479177
}