{
    "bestSolution": [
        4,
        0,
        0,
        0,
        1,
        0,
        0,
        0,
        1,
        0,
        2,
        0,
        4,
        0,
        1,
        0,
        3,
        0,
        0,
        0,
        4,
        0,
        2,
        0,
        1,
        0,
        2,
        0,
        2,
        0,
        0,
        0,
        3,
        0,
        3,
        0,
        0,
        0,
        3,
        0,
        4,
        0,
        1,
        0,
        2,
        0,
        4,
        0,
        3,
        0
    ],
    "makespan": 41,
    "normalized_makespan": 0.1267605633802817,
    "energy": 2398,
    "normalized_energy": 0,
    "tardiness": 0,
    "normalized_tardiness": 0,
    "bestObjectiveFunction": 0.1267605633802817,
    "tiempo_por_iteracion": 1.1784858703613281
}