{
    "bestSolution": [
        2,
        0,
        1,
        0,
        0,
        0,
        0,
        0,
        4,
        0,
        4,
        0,
        0,
        0,
        2,
        0,
        0,
        0,
        0,
        0,
        4,
        0,
        1,
        0,
        3,
        0,
        3,
        0,
        3,
        0,
        2,
        0,
        4,
        0,
        3,
        0,
        1,
        0,
        2,
        0,
        3,
        0,
        2,
        0,
        1,
        0,
        4,
        0,
        1,
        0
    ],
    "makespan": 39,
    "normalized_makespan": 0.09859154929577464,
    "energy": 2398,
    "normalized_energy": 0,
    "tardiness": 0,
    "normalized_tardiness": 0,
    "bestObjectiveFunction": 0.09859154929577464,
    "tiempo_por_iteracion": 0.20738917589187622
}