{
    "bestSolution": [
        6,
        4,
        0,
        4,
        0,
        0,
        8,
        0,
        1,
        3,
        3,
        2,
        6,
        3,
        1,
        4,
        8,
        3,
        0,
        0,
        1,
        0,
        8,
        0,
        0,
        4,
        6,
        4,
        5,
        0,
        6,
        0,
        6,
        4,
        3,
        0,
        1,
        0,
        6,
        0,
        3,
        0,
        8,
        4,
        4,
        4,
        4,
        4,
        0,
        0,
        9,
        0,
        2,
        0,
        6,
        0,
        7,
        0,
        8,
        0,
        3,
        4,
        2,
        0,
        3,
        0,
        8,
        0,
        5,
        4,
        7,
        0,
        5,
        0,
        1,
        0,
        9,
        0,
        3,
        4,
        4,
        3,
        0,
        0,
        9,
        0,
        2,
        4,
        7,
        0,
        8,
        2,
        1,
        0,
        6,
        0,
        7,
        4,
        9,
        4,
        4,
        4,
        7,
        4,
        7,
        0,
        8,
        0,
        2,
        0,
        0,
        4,
        4,
        0,
        2,
        0,
        3,
        4,
        3,
        4,
        7,
        3,
        8,
        0,
        9,
        3,
        3,
        0,
        2,
        0,
        5,
        4,
        5,
        0,
        6,
        0,
        4,
        0,
        7,
        3,
        0,
        4,
        6,
        0,
        8,
        0,
        4,
        4,
        3,
        0,
        9,
        0,
        2,
        4,
        5,
        0,
        7,
        0,
        1,
        0,
        1,
        0,
        4,
        0,
        9,
        4,
        1,
        0,
        4,
        0,
        0,
        0,
        5,
        0,
        1,
        4,
        9,
        0,
        9,
        0,
        5,
        4,
        2,
        0,
        5,
        1,
        2,
        4,
        5,
        0,
        4,
        4,
        7,
        0,
        2,
        4,
        0,
        0,
        9,
        0
    ],
    "makespan": 1938,
    "normalized_makespan": 0.12892066420664205,
    "energy": 4808,
    "normalized_energy": 0.3701219512195122,
    "tardiness": 0,
    "normalized_tardiness": 0,
    "bestObjectiveFunction": 0.49904261542615425,
    "tiempo_por_iteracion": 1.9590263595947852
}