{
    "bestSolution": [
        2,
        0,
        4,
        0,
        4,
        0,
        1,
        1,
        2,
        0,
        1,
        0,
        4,
        0,
        0,
        0,
        2,
        0,
        0,
        0,
        3,
        0,
        4,
        2,
        0,
        0,
        2,
        0,
        3,
        2,
        1,
        0,
        0,
        0,
        4,
        0,
        0,
        0,
        4,
        0,
        3,
        2,
        4,
        2,
        1,
        0,
        0,
        0,
        4,
        0,
        2,
        1,
        0,
        0,
        3,
        2,
        1,
        2,
        0,
        0,
        3,
        0,
        2,
        0,
        2,
        0,
        3,
        2,
        3,
        0,
        2,
        0,
        2,
        0,
        3,
        0,
        1,
        0,
        0,
        2,
        1,
        0,
        0,
        0,
        1,
        2,
        4,
        0,
        4,
        2,
        3,
        0,
        2,
        0,
        1,
        0,
        1,
        2,
        3,
        1
    ],
    "makespan": 1744,
    "normalized_makespan": 0.19011915919132413,
    "energy": 1919,
    "normalized_energy": 0.2430471584038694,
    "tardiness": 0,
    "normalized_tardiness": 0,
    "bestObjectiveFunction": 0.43316631759519353,
    "tiempo_por_iteracion": 1.252582398327914
}