{
    "bestSolution": [
        2,
        0,
        0,
        0,
        1,
        1,
        3,
        0,
        2,
        0,
        1,
        0,
        3,
        0,
        0,
        0,
        4,
        0,
        0,
        0,
        2,
        0,
        3,
        0,
        2,
        0,
        2,
        0,
        1,
        0,
        3,
        0,
        4,
        0,
        1,
        0,
        1,
        0,
        1,
        1,
        4,
        2,
        0,
        2,
        4,
        1,
        3,
        0,
        0,
        0,
        4,
        0,
        4,
        0,
        2,
        0,
        3,
        0,
        1,
        0,
        4,
        0,
        1,
        0,
        2,
        0,
        3,
        0,
        2,
        0,
        4,
        0,
        2,
        0,
        0,
        0,
        0,
        1,
        4,
        0,
        1,
        2,
        0,
        0,
        0,
        0,
        3,
        0,
        4,
        0,
        0,
        0,
        3,
        0,
        1,
        0,
        2,
        0,
        3,
        2
    ],
    "makespan": 1808,
    "normalized_makespan": 0.19868791002811623,
    "energy": 1610,
    "normalized_energy": 0.1185006045949214,
    "tardiness": 0,
    "normalized_tardiness": 0,
    "bestObjectiveFunction": 0.31718851462303765,
    "tiempo_por_iteracion": 0.37097163518269854
}