{
    "bestSolution": [
        3,
        1,
        4,
        1,
        3,
        0,
        2,
        1,
        1,
        2,
        2,
        1,
        1,
        1,
        0,
        2,
        0,
        0,
        1,
        2,
        2,
        1,
        1,
        1,
        0,
        2,
        3,
        2,
        4,
        0,
        1,
        1,
        1,
        1,
        2,
        2,
        4,
        1,
        0,
        2,
        3,
        1,
        3,
        2,
        2,
        0,
        4,
        2,
        4,
        1,
        2,
        2,
        1,
        1,
        4,
        2,
        3,
        1,
        0,
        0,
        4,
        1,
        0,
        1,
        3,
        1,
        0,
        1,
        2,
        2,
        3,
        0,
        1,
        1,
        4,
        1,
        0,
        0,
        1,
        2,
        2,
        0,
        0,
        2,
        2,
        2,
        2,
        2,
        4,
        1,
        1,
        0,
        3,
        2,
        3,
        1,
        0,
        2,
        4,
        1
    ],
    "makespan": 688,
    "normalized_makespan": 0.06639901173563928,
    "energy": 3372,
    "normalized_energy": 0.7794525981753273,
    "tardiness": 608,
    "normalized_tardiness": 0.09028809028809029,
    "bestObjectiveFunction": 0.9361397001990568,
    "tiempo_por_iteracion": 0.9396409094333649
}