{
    "bestSolution": [
        4,
        4,
        0,
        4,
        4,
        1,
        3,
        4,
        1,
        3,
        3,
        0,
        0,
        4,
        4,
        2,
        3,
        4,
        0,
        0,
        0,
        0,
        3,
        2,
        4,
        4,
        0,
        4,
        1,
        3,
        2,
        1,
        1,
        3,
        1,
        4,
        4,
        1,
        3,
        4,
        2,
        4,
        2,
        4,
        2,
        4,
        2,
        1,
        1,
        1
    ],
    "makespan": 109,
    "normalized_makespan": 0.09603072983354674,
    "energy": 2282,
    "normalized_energy": 0.8449304174950298,
    "tardiness": 81,
    "normalized_tardiness": 0.09938650306748466,
    "bestObjectiveFunction": 1.0403476503960614,
    "tiempo_por_iteracion": 0.4498533830575064
}