{
    "bestSolution": [
        6,
        1,
        13,
        4,
        11,
        2,
        2,
        4,
        6,
        4,
        10,
        3,
        1,
        2,
        3,
        2,
        13,
        3,
        17,
        4,
        17,
        2,
        3,
        3,
        11,
        3,
        16,
        4,
        5,
        0,
        0,
        0,
        7,
        3,
        19,
        4,
        0,
        2,
        12,
        0,
        1,
        2,
        4,
        2,
        11,
        3,
        18,
        3,
        2,
        0,
        16,
        3,
        9,
        3,
        7,
        3,
        6,
        1,
        14,
        1,
        0,
        4,
        8,
        1,
        16,
        0,
        15,
        3,
        19,
        3,
        2,
        3,
        13,
        2,
        3,
        3,
        1,
        2,
        9,
        4,
        6,
        3,
        12,
        1,
        7,
        1,
        14,
        4,
        12,
        3,
        4,
        1,
        0,
        0,
        15,
        2,
        1,
        4,
        9,
        3,
        0,
        3,
        18,
        2,
        2,
        1,
        17,
        4,
        14,
        2,
        18,
        2,
        3,
        2,
        13,
        2,
        6,
        3,
        7,
        4,
        19,
        2,
        18,
        2,
        3,
        1,
        13,
        3,
        4,
        3,
        14,
        0,
        10,
        1,
        9,
        0,
        15,
        4,
        11,
        1,
        10,
        1,
        17,
        3,
        2,
        2,
        15,
        2,
        8,
        2,
        5,
        0,
        12,
        4,
        5,
        3,
        16,
        3,
        12,
        3,
        19,
        2,
        5,
        4,
        5,
        4,
        7,
        3,
        9,
        4,
        4,
        4,
        16,
        4,
        1,
        1,
        8,
        3,
        15,
        3,
        10,
        3,
        8,
        3,
        17,
        2,
        14,
        2,
        10,
        3,
        19,
        3,
        11,
        3,
        8,
        4,
        4,
        3,
        18,
        4
    ],
    "makespan": 235,
    "normalized_makespan": 0.08097686375321336,
    "energy": 9370,
    "normalized_energy": 0.8537704918032787,
    "tardiness": 528,
    "normalized_tardiness": 0.2218487394957983,
    "bestObjectiveFunction": 1.1565960950522904,
    "tiempo_por_iteracion": 1.9924058212953455
}