{
    "bestSolution": [
        8,
        2,
        2,
        1,
        2,
        0,
        5,
        2,
        2,
        1,
        6,
        0,
        4,
        1,
        0,
        0,
        9,
        0,
        9,
        0,
        7,
        2,
        3,
        2,
        7,
        1,
        1,
        0,
        3,
        0,
        3,
        0,
        7,
        0,
        9,
        0,
        1,
        0,
        8,
        0,
        0,
        2,
        9,
        0,
        8,
        1,
        1,
        0,
        6,
        1,
        2,
        2,
        6,
        2,
        0,
        2,
        5,
        0,
        5,
        0,
        4,
        0,
        6,
        0,
        5,
        2,
        1,
        0,
        5,
        0,
        3,
        0,
        9,
        2,
        9,
        0,
        4,
        0,
        1,
        1,
        2,
        0,
        3,
        2,
        7,
        0,
        3,
        0,
        5,
        2,
        8,
        2,
        4,
        0,
        1,
        0,
        9,
        0,
        4,
        0,
        6,
        2,
        0,
        2,
        8,
        0,
        9,
        0,
        6,
        2,
        6,
        1,
        7,
        2,
        6,
        0,
        5,
        0,
        0,
        2,
        4,
        2,
        8,
        0,
        7,
        0,
        3,
        2,
        9,
        0,
        2,
        2,
        2,
        0,
        5,
        0,
        4,
        2,
        1,
        0,
        9,
        2,
        0,
        2,
        3,
        0,
        8,
        0,
        2,
        2,
        3,
        2,
        2,
        0,
        7,
        0,
        6,
        2,
        7,
        2,
        5,
        2,
        5,
        1,
        8,
        0,
        1,
        2,
        0,
        0,
        4,
        2,
        0,
        2,
        1,
        2,
        4,
        0,
        8,
        2,
        1,
        0,
        0,
        2,
        4,
        0,
        8,
        0,
        7,
        0,
        0,
        0,
        6,
        2,
        2,
        2,
        7,
        0,
        3,
        2
    ],
    "makespan": 438,
    "normalized_makespan": 0.1660746003552398,
    "energy": 8607,
    "normalized_energy": 0.3552123552123552,
    "tardiness": 0,
    "normalized_tardiness": 0,
    "bestObjectiveFunction": 0.521286955567595,
    "tiempo_por_iteracion": 2.853000259399414
}