{
    "bestSolution": [
        0,
        0,
        2,
        0,
        3,
        0,
        3,
        0,
        0,
        0,
        3,
        0,
        0,
        0,
        1,
        0,
        4,
        0,
        1,
        0,
        4,
        0,
        0,
        0,
        4,
        0,
        1,
        0,
        3,
        0,
        1,
        0,
        2,
        0,
        0,
        0,
        2,
        0,
        1,
        0,
        4,
        0,
        3,
        0,
        4,
        0,
        2,
        0,
        2,
        0
    ],
    "makespan": 343,
    "normalized_makespan": 0.29858657243816256,
    "energy": 1860,
    "normalized_energy": 0,
    "tardiness": 60,
    "normalized_tardiness": 0.08108108108108109,
    "bestObjectiveFunction": 0.37966765351924364,
    "tiempo_por_iteracion": 0.23959493467190487
}