{
    "bestSolution": [
        3,
        2,
        1,
        2,
        2,
        1,
        3,
        2,
        2,
        2,
        4,
        1,
        4,
        0,
        1,
        1,
        3,
        0,
        1,
        2,
        2,
        2,
        0,
        0,
        2,
        0,
        3,
        2,
        4,
        0,
        3,
        2,
        2,
        1,
        2,
        1,
        0,
        1,
        1,
        2,
        0,
        2,
        3,
        2,
        4,
        2,
        0,
        2,
        1,
        2,
        0,
        1,
        0,
        0,
        3,
        1,
        0,
        2,
        0,
        0,
        4,
        2,
        2,
        0,
        3,
        1,
        0,
        2,
        3,
        1,
        4,
        0,
        1,
        1,
        3,
        2,
        1,
        1,
        1,
        0,
        4,
        0,
        4,
        2,
        2,
        1,
        1,
        1,
        4,
        1,
        0,
        2,
        2,
        2,
        2,
        2,
        4,
        0,
        1,
        0
    ],
    "makespan": 808,
    "normalized_makespan": 0.08013406459475929,
    "energy": 3226,
    "normalized_energy": 0.697345890410959,
    "tardiness": 275,
    "normalized_tardiness": 0.040169442009932804,
    "bestObjectiveFunction": 0.817649397015651,
    "tiempo_por_iteracion": 1.0532493310816147
}