{
    "bestSolution": [
        3,
        0,
        2,
        2,
        2,
        0,
        4,
        0,
        1,
        0,
        0,
        0,
        3,
        0,
        4,
        0,
        3,
        0,
        2,
        0,
        0,
        0,
        1,
        0,
        1,
        0,
        0,
        0,
        4,
        0,
        2,
        0,
        3,
        0,
        1,
        0,
        4,
        0,
        0,
        0,
        2,
        0,
        3,
        0,
        0,
        0,
        1,
        0,
        4,
        0
    ],
    "makespan": 1059,
    "normalized_makespan": 0.26811163895486934,
    "energy": 777,
    "normalized_energy": 0.033003300330033,
    "tardiness": 0,
    "normalized_tardiness": 0,
    "bestObjectiveFunction": 0.30111493928490235,
    "tiempo_por_iteracion": 0.2046924228955032
}