{
    "bestSolution": [
        3,
        0,
        1,
        0,
        2,
        0,
        2,
        0,
        1,
        0,
        0,
        2,
        4,
        0,
        2,
        0,
        4,
        2,
        3,
        2,
        1,
        0,
        0,
        0,
        3,
        0,
        3,
        0,
        1,
        0,
        2,
        0,
        0,
        2,
        4,
        0,
        4,
        0,
        1,
        0,
        0,
        0,
        2,
        0,
        0,
        0,
        4,
        2,
        3,
        2
    ],
    "makespan": 959,
    "normalized_makespan": 0.25117004680187205,
    "energy": 1010,
    "normalized_energy": 0.19262981574539365,
    "tardiness": 0,
    "normalized_tardiness": 0,
    "bestObjectiveFunction": 0.44379986254726567,
    "tiempo_por_iteracion": 0.6814052141629733
}