{
    "status": "SATISFIED",
    "solution": {
        "objective": 1.305471384135296,
        "start_time": [
            [
                525,
                321,
                80,
                226,
                693
            ],
            [
                20,
                992,
                226,
                1189,
                762
            ],
            [
                958,
                836,
                742,
                570,
                20
            ],
            [
                283,
                94,
                448,
                10,
                181
            ],
            [
                693,
                1189,
                836,
                321,
                570
            ]
        ],
        "SpeedScaling": [
            [
                1,
                1,
                1,
                1,
                1
            ],
            [
                1,
                1,
                1,
                1,
                1
            ],
            [
                1,
                1,
                1,
                1,
                1
            ],
            [
                1,
                1,
                1,
                1,
                1
            ],
            [
                1,
                1,
                1,
                1,
                1
            ]
        ],
        "_output_item": "Objective function normalized: M-0.367327054238389 + E-1.66533453693774e-16 + T-0.9381443298969072 = 1.305471384135296 \nObjective function: M-1253.0 + E-806.0 + T-3003.0 = 1.305471384135296 \nStart Times: [525, 321, 80, 226, 693, 20, 992, 226, 1189, 762, 958, 836, 742, 570, 20, 283, 94, 448, 10, 181, 693, 1189, 836, 321, 570]\nSpeed Scaling; [1, 1, 1, 1, 1, 1, 1, 1, 1, 1, 1, 1, 1, 1, 1, 1, 1, 1, 1, 1, 1, 1, 1, 1, 1]\n",
        "_checker": ""
    },
    "statistics": {
        "paths": 0,
        "flatBoolVars": 100,
        "flatIntVars": 201,
        "flatFloatVars": 54,
        "flatBoolConstraints": 50,
        "flatIntConstraints": 301,
        "flatFloatConstraints": 54,
        "evaluatedHalfReifiedConstraints": 100,
        "method": "minimize",
        "flatTime": 48.440999999999995,
        "time": 86.0,
        "initTime": 2.6319999999999997,
        "solveTime": 200793.0,
        "solutions": 1,
        "variables": 301,
        "propagators": 405,
        "propagations": 296171905,
        "nodes": 320487182,
        "failures": 160243530,
        "restarts": 0,
        "peakDepth": 93,
        "nSolutions": 1
    }
}