{
    "bestSolution": [
        4,
        1,
        3,
        1,
        1,
        2,
        2,
        2,
        2,
        1,
        3,
        1,
        3,
        0,
        3,
        1,
        2,
        1,
        1,
        2,
        2,
        2,
        1,
        0,
        4,
        1,
        3,
        2,
        4,
        1,
        3,
        1,
        4,
        1,
        0,
        1,
        1,
        1,
        2,
        1,
        2,
        1,
        1,
        2,
        0,
        2,
        4,
        2,
        2,
        1,
        4,
        0,
        0,
        0,
        4,
        2,
        1,
        2,
        0,
        1,
        0,
        1,
        3,
        1,
        3,
        1,
        4,
        2,
        4,
        1,
        2,
        2,
        3,
        1,
        1,
        1,
        4,
        2,
        1,
        1,
        1,
        2,
        0,
        2,
        0,
        1,
        0,
        1,
        1,
        2,
        4,
        1,
        4,
        2,
        0,
        1,
        0,
        2,
        3,
        2,
        1,
        1,
        2,
        1,
        4,
        1,
        2,
        2,
        4,
        1,
        2,
        1,
        1,
        1,
        1,
        1,
        3,
        1,
        0,
        1,
        1,
        0,
        4,
        1,
        2,
        1,
        4,
        1,
        2,
        1,
        3,
        1,
        1,
        1,
        3,
        1,
        0,
        1,
        1,
        2,
        2,
        1,
        3,
        1,
        1,
        2,
        0,
        1,
        0,
        2,
        0,
        1,
        0,
        1,
        0,
        2,
        0,
        1,
        2,
        2,
        4,
        1,
        3,
        1,
        3,
        2,
        0,
        2,
        2,
        1,
        1,
        1,
        1,
        1,
        3,
        2,
        2,
        2,
        4,
        2,
        3,
        2,
        2,
        1,
        0,
        1,
        4,
        2,
        4,
        2,
        1,
        1,
        2,
        2,
        2,
        2,
        3,
        1,
        3,
        2
    ],
    "makespan": 1582,
    "normalized_makespan": 0.07222619899785254,
    "energy": 7072,
    "normalized_energy": 0.868532313267566,
    "tardiness": 461,
    "normalized_tardiness": 0.03169909922299388,
    "bestObjectiveFunction": 0.9724576114884124,
    "tiempo_por_iteracion": 2.640733207975115
}