{
    "status": "OPTIMAL_SOLUTION",
    "solution": {
        "objective": 0.2577962577962579,
        "start_time": [
            [
                449,
                0,
                783,
                656,
                306
            ],
            [
                818,
                643,
                0,
                410,
                175
            ],
            [
                560,
                125,
                410,
                230,
                697
            ],
            [
                381,
                525,
                175,
                0,
                449
            ],
            [
                697,
                230,
                459,
                141,
                580
            ]
        ],
        "SpeedScaling": [
            [
                1,
                1,
                1,
                1,
                1
            ],
            [
                1,
                1,
                1,
                1,
                1
            ],
            [
                1,
                1,
                1,
                1,
                1
            ],
            [
                1,
                1,
                1,
                1,
                1
            ],
            [
                1,
                1,
                1,
                1,
                1
            ]
        ],
        "_output_item": "Objective function: 0.2577962577962578 + 3.816391647148976e-17 = 0.2577962577962579 \nObjective function : M-879.0 + E-801.0 = 0.2577962577962579 \nStart Times: [449, 0, 783, 656, 306, 818, 643, 0, 410, 175, 560, 125, 410, 230, 697, 381, 525, 175, 0, 449, 697, 230, 459, 141, 580]\nSpeed Scaling; [1, 1, 1, 1, 1, 1, 1, 1, 1, 1, 1, 1, 1, 1, 1, 1, 1, 1, 1, 1, 1, 1, 1, 1, 1]\n",
        "_checker": ""
    },
    "statistics": {
        "paths": 0,
        "flatIntVars": 351,
        "flatFloatVars": 29,
        "flatIntConstraints": 351,
        "flatFloatConstraints": 29,
        "evaluatedHalfReifiedConstraints": 100,
        "method": "minimize",
        "flatTime": 81.983,
        "objective": 0.257796257796,
        "objectiveBound": 0.257796257796,
        "nodes": 197,
        "solveTime": 220.9,
        "time": 209.0,
        "openNodes": 15,
        "nSolutions": 9
    }
}