{
    "status": "OPTIMAL_SOLUTION",
    "solution": {
        "objective": 0.1219081272084805,
        "start_time": [
            [
                192,
                76,
                168,
                123,
                96
            ],
            [
                68,
                0,
                29,
                84,
                56
            ],
            [
                170,
                30,
                76,
                231,
                131
            ],
            [
                109,
                223,
                56,
                157,
                12
            ],
            [
                128,
                96,
                216,
                183,
                66
            ]
        ],
        "SpeedScaling": [
            [
                1,
                1,
                1,
                1,
                1
            ],
            [
                1,
                1,
                1,
                1,
                1
            ],
            [
                1,
                1,
                1,
                1,
                1
            ],
            [
                1,
                1,
                1,
                1,
                1
            ],
            [
                1,
                1,
                1,
                1,
                1
            ]
        ],
        "_output_item": "Objective function: 0.1219081272084805 + 0.0 = 0.1219081272084805 \nObjective function : M-243.0 + E-1860.0 = 0.1219081272084805 \nStart Times: [192, 76, 168, 123, 96, 68, 0, 29, 84, 56, 170, 30, 76, 231, 131, 109, 223, 56, 157, 12, 128, 96, 216, 183, 66]\nSpeed Scaling; [1, 1, 1, 1, 1, 1, 1, 1, 1, 1, 1, 1, 1, 1, 1, 1, 1, 1, 1, 1, 1, 1, 1, 1, 1]\n",
        "_checker": ""
    },
    "statistics": {
        "paths": 0,
        "flatIntVars": 151,
        "flatFloatVars": 2,
        "flatIntConstraints": 251,
        "flatFloatConstraints": 2,
        "evaluatedHalfReifiedConstraints": 100,
        "method": "minimize",
        "flatTime": 85.717,
        "objective": 0.121908127208,
        "objectiveBound": 0.121908127208,
        "nodes": 1,
        "solveTime": 173.9,
        "time": 169.0,
        "nSolutions": 18
    }
}