{
    "bestSolution": [
        13,
        2,
        8,
        2,
        3,
        1,
        14,
        1,
        17,
        1,
        17,
        1,
        16,
        1,
        5,
        1,
        9,
        1,
        6,
        2,
        10,
        2,
        9,
        1,
        12,
        1,
        10,
        2,
        15,
        2,
        19,
        1,
        14,
        1,
        1,
        2,
        17,
        1,
        15,
        1,
        14,
        1,
        8,
        2,
        12,
        1,
        8,
        2,
        15,
        2,
        13,
        1,
        0,
        2,
        6,
        2,
        6,
        2,
        15,
        2,
        4,
        2,
        7,
        0,
        18,
        1,
        11,
        2,
        11,
        2,
        17,
        2,
        11,
        1,
        0,
        2,
        7,
        1,
        2,
        1,
        16,
        0,
        19,
        1,
        9,
        2,
        4,
        2,
        6,
        1,
        11,
        1,
        12,
        1,
        10,
        2,
        16,
        0,
        18,
        1,
        14,
        1,
        19,
        2,
        5,
        2,
        18,
        1,
        1,
        1,
        13,
        1,
        2,
        1,
        4,
        2,
        0,
        1,
        15,
        0,
        14,
        1,
        3,
        1,
        4,
        2,
        1,
        1,
        12,
        1,
        10,
        1,
        13,
        1,
        17,
        2,
        2,
        2,
        3,
        2,
        19,
        2,
        7,
        1,
        16,
        2,
        3,
        1,
        19,
        1,
        10,
        2,
        0,
        1,
        4,
        2,
        12,
        1,
        18,
        0,
        7,
        1,
        5,
        1,
        2,
        2,
        1,
        1,
        11,
        2,
        6,
        1,
        9,
        2,
        2,
        1,
        16,
        2,
        7,
        1,
        8,
        2,
        5,
        0,
        13,
        2,
        1,
        2,
        3,
        1,
        5,
        1,
        8,
        1,
        0,
        2,
        18,
        1,
        9,
        1
    ],
    "makespan": 849,
    "normalized_makespan": 0.05005977286312014,
    "energy": 7297,
    "normalized_energy": 0.8759525825571549,
    "tardiness": 2454,
    "normalized_tardiness": 0.18093342180933422,
    "bestObjectiveFunction": 1.1069457772296092,
    "tiempo_por_iteracion": 1.9097126441843368
}