{
    "bestSolution": [
        2,
        0,
        2,
        0,
        3,
        3,
        0,
        0,
        1,
        4,
        4,
        0,
        3,
        0,
        4,
        0,
        2,
        1,
        2,
        1,
        3,
        0,
        0,
        0,
        4,
        4,
        1,
        0,
        4,
        0,
        3,
        0,
        1,
        0,
        2,
        2,
        2,
        0,
        3,
        0,
        3,
        1,
        2,
        1,
        3,
        4,
        3,
        3,
        0,
        0,
        0,
        1,
        3,
        3,
        2,
        2,
        2,
        1,
        2,
        4,
        2,
        3,
        1,
        4,
        2,
        0,
        4,
        0,
        1,
        1,
        2,
        3,
        1,
        1,
        4,
        0,
        2,
        2,
        1,
        2,
        3,
        0,
        4,
        4,
        4,
        0,
        0,
        0,
        1,
        0,
        1,
        0,
        0,
        0,
        0,
        1,
        4,
        4,
        2,
        0,
        3,
        0,
        3,
        4,
        4,
        4,
        3,
        3,
        2,
        1,
        3,
        1,
        4,
        2,
        0,
        1,
        4,
        1,
        1,
        2,
        0,
        1,
        3,
        0,
        1,
        0,
        0,
        1,
        0,
        1,
        0,
        1,
        2,
        4,
        3,
        0,
        4,
        0,
        2,
        0,
        0,
        0,
        0,
        0,
        3,
        4,
        4,
        1,
        1,
        4,
        1,
        0,
        1,
        3,
        2,
        0,
        3,
        0,
        4,
        2,
        0,
        2,
        1,
        4,
        4,
        3,
        0,
        1,
        3,
        2,
        1,
        2,
        0,
        2,
        1,
        1,
        2,
        2,
        4,
        2,
        1,
        0,
        0,
        3,
        1,
        1,
        0,
        0,
        0,
        2,
        4,
        0,
        4,
        4,
        4,
        1,
        3,
        4,
        1,
        0
    ],
    "makespan": 493,
    "normalized_makespan": 0.13554327808471456,
    "energy": 8497,
    "normalized_energy": 0.4257481648785997,
    "tardiness": 0,
    "normalized_tardiness": 0,
    "bestObjectiveFunction": 0.5612914429633142,
    "tiempo_por_iteracion": 0.8410287551879883
}