{
    "bestSolution": [
        3,
        0,
        2,
        0,
        0,
        0,
        3,
        0,
        1,
        0,
        4,
        0,
        1,
        0,
        0,
        1,
        4,
        0,
        2,
        0,
        4,
        2,
        2,
        0,
        4,
        1,
        3,
        2,
        2,
        0,
        1,
        0,
        0,
        0,
        1,
        0,
        3,
        0,
        0,
        0,
        4,
        0,
        2,
        0,
        1,
        2,
        0,
        0,
        3,
        1
    ],
    "makespan": 163,
    "normalized_makespan": 0.23185840707964603,
    "energy": 2075,
    "normalized_energy": 0.1848101265822785,
    "tardiness": 0,
    "normalized_tardiness": 0,
    "bestObjectiveFunction": 0.4166685336619245,
    "tiempo_por_iteracion": 0.48952112197875974
}