{
    "bestSolution": [
        1,
        0,
        4,
        0,
        2,
        0,
        1,
        0,
        3,
        0,
        4,
        0,
        1,
        0,
        3,
        0,
        0,
        0,
        3,
        0,
        0,
        0,
        4,
        0,
        3,
        0,
        0,
        0,
        2,
        0,
        1,
        0,
        4,
        0,
        2,
        1,
        0,
        0,
        1,
        1,
        4,
        0,
        3,
        0,
        2,
        0,
        0,
        0,
        2,
        1
    ],
    "makespan": 215,
    "normalized_makespan": 0.3238938053097345,
    "energy": 2013,
    "normalized_energy": 0.027848101265822784,
    "tardiness": 0,
    "normalized_tardiness": 0,
    "bestObjectiveFunction": 0.35174190657555726,
    "tiempo_por_iteracion": 0.29678941559005567
}