{
    "bestSolution": [
        1,
        0,
        4,
        0,
        4,
        0,
        0,
        0,
        0,
        0,
        2,
        0,
        4,
        0,
        4,
        0,
        3,
        0,
        2,
        0,
        1,
        0,
        1,
        0,
        1,
        0,
        0,
        0,
        3,
        0,
        1,
        0,
        2,
        0,
        0,
        0,
        0,
        0,
        2,
        0,
        4,
        0,
        3,
        0,
        1,
        0,
        0,
        0,
        2,
        0,
        4,
        0,
        0,
        0,
        1,
        0,
        4,
        0,
        3,
        0,
        0,
        0,
        2,
        0,
        3,
        0,
        4,
        0,
        2,
        0,
        3,
        0,
        4,
        0,
        3,
        0,
        3,
        0,
        1,
        0,
        1,
        0,
        3,
        0,
        0,
        0,
        3,
        0,
        2,
        0,
        0,
        0,
        1,
        0,
        4,
        0,
        4,
        0,
        4,
        0,
        0,
        0,
        1,
        0,
        2,
        0,
        1,
        0,
        2,
        0,
        4,
        0,
        2,
        0,
        2,
        0,
        3,
        0,
        3,
        0,
        1,
        0,
        0,
        0,
        0,
        0,
        0,
        0,
        3,
        0,
        0,
        0,
        4,
        0,
        2,
        0,
        4,
        0,
        3,
        0,
        3,
        0,
        2,
        0,
        1,
        0,
        1,
        0,
        2,
        0,
        0,
        0,
        0,
        0,
        1,
        0,
        1,
        0,
        0,
        0,
        4,
        0,
        4,
        0,
        2,
        0,
        3,
        0,
        2,
        0,
        3,
        0,
        1,
        0,
        3,
        0,
        1,
        0,
        0,
        0,
        4,
        0,
        2,
        0,
        3,
        0,
        3,
        0,
        2,
        0,
        4,
        0,
        4,
        0,
        2,
        0,
        1,
        0,
        0,
        0
    ],
    "makespan": 1493,
    "normalized_makespan": 0.26260043827611396,
    "energy": 7088,
    "normalized_energy": 0,
    "tardiness": 107,
    "normalized_tardiness": 0.030466970387243737,
    "bestObjectiveFunction": 0.2930674086633577,
    "tiempo_por_iteracion": 1.937676575448778
}