{
    "bestSolution": [
        8,
        4,
        6,
        3,
        3,
        0,
        6,
        0,
        5,
        4,
        8,
        0,
        7,
        0,
        1,
        0,
        9,
        0,
        0,
        0,
        9,
        2,
        4,
        0,
        2,
        0,
        7,
        4,
        7,
        4,
        4,
        0,
        3,
        0,
        6,
        0,
        0,
        0,
        2,
        1,
        9,
        0,
        3,
        4,
        6,
        4,
        8,
        0,
        1,
        0,
        4,
        0,
        2,
        3,
        7,
        0,
        0,
        0,
        8,
        0,
        2,
        3,
        5,
        4,
        3,
        2,
        6,
        0,
        1,
        4,
        4,
        4,
        8,
        0,
        7,
        0,
        9,
        4,
        0,
        0,
        1,
        0,
        5,
        0,
        2,
        0,
        5,
        1,
        3,
        0,
        9,
        0,
        1,
        0,
        5,
        0,
        0,
        0,
        4,
        4
    ],
    "makespan": 1234,
    "normalized_makespan": 0.16620370370370371,
    "energy": 2396,
    "normalized_energy": 0.3575257731958763,
    "tardiness": 0,
    "normalized_tardiness": 0,
    "bestObjectiveFunction": 0.52372947689958,
    "tiempo_por_iteracion": 1.0184303426742554
}