{
    "bestSolution": [
        9,
        2,
        9,
        1,
        2,
        2,
        4,
        1,
        8,
        2,
        3,
        2,
        0,
        1,
        5,
        2,
        9,
        2,
        7,
        1,
        9,
        2,
        0,
        1,
        8,
        1,
        8,
        1,
        6,
        2,
        3,
        1,
        7,
        2,
        2,
        2,
        1,
        0,
        7,
        2,
        0,
        1,
        5,
        1,
        8,
        2,
        7,
        1,
        3,
        2,
        1,
        1,
        9,
        1,
        9,
        1,
        8,
        2,
        6,
        0,
        0,
        2,
        6,
        1,
        3,
        2,
        1,
        2,
        2,
        2,
        1,
        1,
        0,
        2,
        1,
        1,
        4,
        0,
        6,
        1,
        1,
        2,
        7,
        0,
        0,
        1,
        9,
        2,
        4,
        0,
        9,
        2,
        3,
        1,
        5,
        1,
        6,
        2,
        2,
        1,
        9,
        2,
        6,
        2,
        0,
        2,
        2,
        2,
        7,
        2,
        4,
        2,
        1,
        2,
        5,
        2,
        6,
        1,
        3,
        2,
        8,
        1,
        1,
        0,
        7,
        1,
        5,
        2,
        2,
        2,
        0,
        0,
        2,
        2,
        6,
        2,
        5,
        1,
        8,
        2,
        0,
        2,
        4,
        2,
        3,
        2,
        4,
        2,
        9,
        2,
        1,
        2,
        2,
        1,
        5,
        0,
        7,
        0,
        5,
        1,
        6,
        2,
        6,
        2,
        3,
        2,
        4,
        1,
        7,
        1,
        2,
        2,
        0,
        2,
        4,
        1,
        7,
        0,
        8,
        0,
        8,
        2,
        4,
        2,
        3,
        2,
        4,
        1,
        2,
        1,
        3,
        2,
        5,
        1,
        1,
        2,
        5,
        2,
        8,
        1
    ],
    "makespan": 824,
    "normalized_makespan": 0.04393354853948508,
    "energy": 7223,
    "normalized_energy": 0.8518670496512105,
    "tardiness": 359,
    "normalized_tardiness": 0.027685663607619343,
    "bestObjectiveFunction": 0.923486261798315,
    "tiempo_por_iteracion": 2.0870014979289127
}