{
    "bestSolution": [
        0,
        2,
        4,
        1,
        3,
        1,
        1,
        0,
        3,
        1,
        2,
        0,
        3,
        0,
        1,
        0,
        4,
        0,
        1,
        0,
        3,
        0,
        4,
        0,
        2,
        1,
        4,
        2,
        0,
        0,
        1,
        0,
        0,
        1,
        2,
        0,
        4,
        0,
        3,
        0,
        4,
        2,
        2,
        0,
        3,
        0,
        4,
        0,
        3,
        1,
        4,
        1,
        4,
        0,
        1,
        0,
        0,
        0,
        3,
        1,
        2,
        1,
        0,
        1,
        1,
        1,
        0,
        1,
        0,
        0,
        2,
        2,
        2,
        0,
        3,
        0,
        3,
        0,
        3,
        1,
        1,
        0,
        4,
        0,
        3,
        0,
        0,
        2,
        0,
        0,
        2,
        0,
        1,
        0,
        3,
        1,
        3,
        2,
        1,
        2,
        2,
        0,
        2,
        1,
        2,
        2,
        3,
        1,
        4,
        0,
        2,
        1,
        4,
        0,
        0,
        0,
        1,
        0,
        2,
        0,
        3,
        0,
        0,
        0,
        4,
        1,
        0,
        0,
        1,
        0,
        1,
        2,
        0,
        0,
        2,
        0,
        3,
        0,
        1,
        2,
        2,
        0,
        0,
        0,
        1,
        0,
        1,
        1,
        1,
        0,
        4,
        2,
        3,
        0,
        0,
        0,
        0,
        0,
        3,
        0,
        0,
        1,
        2,
        0,
        3,
        0,
        1,
        0,
        4,
        0,
        2,
        2,
        1,
        0,
        2,
        0,
        1,
        1,
        0,
        0,
        4,
        2,
        4,
        0,
        0,
        1,
        4,
        1,
        4,
        0,
        2,
        0,
        4,
        0,
        0,
        0,
        2,
        0,
        1,
        0
    ],
    "makespan": 2842,
    "normalized_makespan": 0.17086001829826167,
    "energy": 4620,
    "normalized_energy": 0.324702443098768,
    "tardiness": 0,
    "normalized_tardiness": 0,
    "bestObjectiveFunction": 0.49556246139702964,
    "tiempo_por_iteracion": 1.4067153063687412
}