{
    "bestSolution": [
        14,
        2,
        2,
        3,
        10,
        3,
        0,
        4,
        17,
        2,
        11,
        3,
        19,
        4,
        2,
        2,
        13,
        3,
        1,
        4,
        15,
        3,
        4,
        3,
        12,
        1,
        13,
        2,
        18,
        4,
        16,
        2,
        7,
        3,
        14,
        4,
        11,
        3,
        7,
        1,
        0,
        1,
        8,
        4,
        15,
        3,
        15,
        3,
        5,
        3,
        3,
        1,
        6,
        1,
        19,
        2,
        0,
        1,
        11,
        3,
        7,
        1,
        14,
        1,
        18,
        2,
        4,
        1,
        14,
        4,
        8,
        3,
        4,
        2,
        8,
        4,
        0,
        3,
        15,
        2,
        17,
        4,
        19,
        3,
        2,
        3,
        8,
        1,
        2,
        2,
        11,
        3,
        13,
        1,
        9,
        4,
        3,
        4,
        18,
        3,
        10,
        2,
        11,
        1,
        7,
        4,
        1,
        3,
        15,
        3,
        0,
        3,
        13,
        2,
        17,
        1,
        18,
        4,
        9,
        2,
        12,
        3,
        9,
        2,
        2,
        1,
        5,
        2,
        10,
        3,
        9,
        2,
        9,
        2,
        1,
        1,
        10,
        3,
        4,
        3,
        12,
        2,
        6,
        3,
        6,
        3,
        19,
        3,
        17,
        2,
        5,
        4,
        3,
        1,
        16,
        2,
        18,
        3,
        5,
        1,
        16,
        3,
        6,
        3,
        3,
        2,
        16,
        4,
        12,
        2,
        17,
        3,
        13,
        1,
        1,
        4,
        19,
        2,
        6,
        2,
        5,
        1,
        14,
        3,
        4,
        3,
        3,
        2,
        12,
        2,
        7,
        3,
        16,
        1,
        10,
        3,
        8,
        3,
        1,
        3
    ],
    "makespan": 752,
    "normalized_makespan": 0.04504984399969561,
    "energy": 7342,
    "normalized_energy": 0.8905343205923554,
    "tardiness": 2429,
    "normalized_tardiness": 0.18261784828208405,
    "bestObjectiveFunction": 1.118202012874135,
    "tiempo_por_iteracion": 1.9066332368289722
}