{
    "bestSolution": [
        2,
        3,
        0,
        2,
        2,
        1,
        3,
        3,
        2,
        0,
        3,
        1,
        3,
        1,
        2,
        4,
        3,
        1,
        0,
        0,
        0,
        0,
        3,
        3,
        2,
        0,
        1,
        0,
        4,
        0,
        3,
        2,
        0,
        1,
        1,
        3,
        3,
        0,
        1,
        0,
        4,
        1,
        2,
        3,
        4,
        1,
        0,
        2,
        0,
        2,
        2,
        1,
        1,
        4,
        1,
        4,
        4,
        1,
        3,
        4,
        1,
        0,
        0,
        0,
        2,
        4,
        4,
        0,
        4,
        2,
        1,
        4,
        2,
        4,
        4,
        1,
        3,
        0,
        1,
        0,
        2,
        3,
        1,
        2,
        4,
        1,
        1,
        2,
        0,
        1,
        3,
        3,
        2,
        3,
        0,
        3,
        3,
        2,
        0,
        4,
        0,
        0,
        2,
        0,
        1,
        0,
        2,
        0,
        1,
        1,
        4,
        0,
        1,
        0,
        4,
        2,
        0,
        4,
        0,
        4,
        3,
        4,
        3,
        3,
        0,
        2,
        3,
        2,
        2,
        0,
        1,
        0,
        0,
        4,
        0,
        1,
        3,
        4,
        1,
        4,
        1,
        1,
        4,
        2,
        4,
        4,
        4,
        1,
        3,
        3,
        2,
        0,
        3,
        2,
        4,
        3,
        3,
        1,
        1,
        2,
        4,
        1,
        4,
        0,
        2,
        4,
        1,
        0,
        0,
        0,
        2,
        4,
        2,
        4,
        4,
        3,
        3,
        4,
        4,
        4,
        0,
        0,
        0,
        0,
        1,
        4,
        0,
        4,
        3,
        4,
        2,
        4,
        4,
        4,
        4,
        4,
        1,
        1,
        2,
        3
    ],
    "makespan": 1383,
    "normalized_makespan": 0.06617997143310586,
    "energy": 6177,
    "normalized_energy": 0.642754662840746,
    "tardiness": 393,
    "normalized_tardiness": 0.029883659037335565,
    "bestObjectiveFunction": 0.7388182933111874,
    "tiempo_por_iteracion": 2.1889240418450306
}