{
    "bestSolution": [
        3,
        0,
        4,
        2,
        2,
        0,
        0,
        0,
        0,
        2,
        3,
        2,
        4,
        0,
        2,
        0,
        0,
        0,
        0,
        2,
        1,
        2,
        0,
        0,
        4,
        0,
        0,
        0,
        2,
        0,
        1,
        2,
        1,
        1,
        2,
        1,
        4,
        2,
        1,
        1,
        3,
        0,
        0,
        2,
        1,
        2,
        3,
        1,
        2,
        1,
        4,
        1,
        3,
        2,
        1,
        0,
        4,
        2,
        4,
        1,
        3,
        0,
        2,
        0,
        3,
        2,
        0,
        2,
        4,
        2,
        3,
        1,
        3,
        1,
        1,
        2,
        0,
        1,
        2,
        1,
        1,
        1,
        4,
        1,
        2,
        0,
        4,
        1,
        1,
        1,
        2,
        1,
        0,
        2,
        3,
        1,
        1,
        0,
        2,
        0
    ],
    "makespan": 177,
    "normalized_makespan": 0.09866220735785954,
    "energy": 4489,
    "normalized_energy": 0.6399026763990268,
    "tardiness": 228,
    "normalized_tardiness": 0.18167330677290836,
    "bestObjectiveFunction": 0.9202381905297947,
    "tiempo_por_iteracion": 0.824447723535391
}