{
    "bestSolution": [
        3,
        0,
        3,
        1,
        2,
        1,
        2,
        0,
        0,
        0,
        4,
        2,
        4,
        0,
        2,
        2,
        0,
        1,
        0,
        2,
        0,
        2,
        3,
        1,
        4,
        1,
        4,
        2,
        2,
        0,
        4,
        2,
        3,
        0,
        0,
        2,
        1,
        2,
        2,
        0,
        0,
        2,
        4,
        2,
        2,
        2,
        4,
        2,
        0,
        2,
        1,
        2,
        0,
        1,
        0,
        1,
        3,
        2,
        4,
        2,
        1,
        2,
        0,
        1,
        1,
        0,
        3,
        2,
        3,
        1,
        1,
        2,
        2,
        1,
        2,
        2,
        2,
        1,
        1,
        0,
        4,
        1,
        1,
        2,
        4,
        2,
        3,
        1,
        1,
        2,
        3,
        0,
        1,
        0,
        1,
        0,
        3,
        2,
        2,
        0
    ],
    "makespan": 189,
    "normalized_makespan": 0.10869565217391304,
    "energy": 4552,
    "normalized_energy": 0.7165450121654501,
    "tardiness": 148,
    "normalized_tardiness": 0.11792828685258964,
    "bestObjectiveFunction": 0.9431689511919528,
    "tiempo_por_iteracion": 1.6263620925672126
}