{
    "bestSolution": [
        2,
        0,
        1,
        0,
        2,
        0,
        2,
        0,
        1,
        0,
        4,
        0,
        0,
        0,
        2,
        0,
        2,
        0,
        4,
        0,
        4,
        0,
        4,
        0,
        2,
        0,
        3,
        0,
        2,
        0,
        3,
        0,
        1,
        0,
        4,
        0,
        0,
        0,
        4,
        0,
        1,
        0,
        3,
        0,
        0,
        0,
        0,
        0,
        2,
        0,
        0,
        0,
        2,
        0,
        4,
        0,
        1,
        0,
        0,
        0,
        2,
        0,
        3,
        0,
        2,
        0,
        3,
        0,
        2,
        0,
        4,
        0,
        4,
        0,
        1,
        0,
        1,
        0,
        1,
        0,
        0,
        0,
        1,
        0,
        1,
        0,
        2,
        0,
        1,
        0,
        0,
        0,
        3,
        0,
        3,
        0,
        2,
        0,
        2,
        0,
        4,
        0,
        3,
        0,
        4,
        0,
        2,
        0,
        0,
        0,
        0,
        0,
        2,
        0,
        3,
        0,
        0,
        0,
        3,
        0,
        4,
        0,
        1,
        0,
        1,
        0,
        1,
        0,
        2,
        0,
        4,
        0,
        3,
        0,
        3,
        0,
        3,
        0,
        0,
        0,
        3,
        0,
        0,
        0,
        3,
        0,
        0,
        0,
        0,
        0,
        0,
        0,
        4,
        0,
        4,
        0,
        2,
        0,
        1,
        0,
        4,
        0,
        4,
        0,
        0,
        0,
        1,
        0,
        1,
        0,
        3,
        0,
        4,
        0,
        3,
        0,
        1,
        0,
        1,
        0,
        0,
        0,
        2,
        0,
        0,
        0,
        0,
        0,
        4,
        0,
        1,
        0,
        3,
        0,
        3,
        0,
        4,
        0,
        3,
        0
    ],
    "makespan": 1518,
    "normalized_makespan": 0.2781201848998459,
    "energy": 7159,
    "normalized_energy": 0,
    "tardiness": 89,
    "normalized_tardiness": 0.026238207547169812,
    "bestObjectiveFunction": 0.30435839244701574,
    "tiempo_por_iteracion": 2.235054829846258
}