{
    "bestSolution": [
        4,
        2,
        4,
        0,
        0,
        2,
        2,
        2,
        1,
        0,
        2,
        1,
        7,
        0,
        7,
        1,
        1,
        0,
        0,
        0,
        1,
        0,
        7,
        1,
        6,
        1,
        7,
        0,
        3,
        2,
        0,
        1,
        6,
        2,
        9,
        2,
        3,
        1,
        2,
        1,
        2,
        2,
        0,
        2,
        8,
        0,
        1,
        1,
        2,
        0,
        1,
        2,
        3,
        1,
        7,
        0,
        6,
        1,
        2,
        0,
        8,
        2,
        5,
        0,
        1,
        2,
        7,
        0,
        0,
        2,
        9,
        0,
        0,
        1,
        3,
        2,
        6,
        2,
        5,
        1,
        3,
        2,
        1,
        0,
        9,
        1,
        5,
        2,
        2,
        1,
        7,
        0,
        4,
        2,
        4,
        2,
        0,
        1,
        8,
        1,
        9,
        0,
        8,
        1,
        3,
        2,
        3,
        0,
        5,
        2,
        0,
        1,
        8,
        2,
        6,
        2,
        2,
        2,
        5,
        1,
        1,
        1,
        1,
        1,
        8,
        1,
        6,
        2,
        3,
        1,
        1,
        2,
        9,
        0,
        6,
        1,
        7,
        0,
        6,
        1,
        8,
        0,
        5,
        0,
        5,
        2,
        9,
        2,
        5,
        1,
        3,
        0,
        8,
        0,
        3,
        2,
        5,
        0,
        4,
        1,
        4,
        1,
        4,
        0,
        7,
        0,
        8,
        0,
        2,
        2,
        0,
        1,
        6,
        2,
        9,
        2,
        4,
        1,
        7,
        1,
        4,
        0,
        9,
        2,
        2,
        0,
        0,
        2,
        5,
        2,
        4,
        1,
        9,
        1,
        6,
        0,
        8,
        1,
        9,
        0
    ],
    "makespan": 286,
    "normalized_makespan": 0.07169390787518573,
    "energy": 9045,
    "normalized_energy": 0.719055843408175,
    "tardiness": 583,
    "normalized_tardiness": 0.20933572710951526,
    "bestObjectiveFunction": 1.0000854783928759,
    "tiempo_por_iteracion": 0.8303222258885702
}