{
    "bestSolution": [
        1,
        1,
        2,
        2,
        2,
        1,
        4,
        4,
        3,
        4,
        3,
        1,
        1,
        2,
        0,
        2,
        3,
        4,
        4,
        2,
        1,
        1,
        3,
        4,
        4,
        1,
        2,
        3,
        0,
        1,
        4,
        1,
        3,
        4,
        0,
        1,
        4,
        3,
        2,
        1,
        0,
        4,
        1,
        0,
        4,
        3,
        0,
        4,
        4,
        0,
        1,
        4,
        0,
        3,
        1,
        4,
        4,
        2,
        4,
        4,
        1,
        3,
        4,
        3,
        3,
        4,
        2,
        3,
        2,
        3,
        3,
        4,
        2,
        2,
        2,
        1,
        1,
        1,
        2,
        4,
        0,
        0,
        1,
        2,
        2,
        4,
        0,
        2,
        0,
        1,
        1,
        3,
        1,
        0,
        1,
        2,
        0,
        2,
        3,
        4,
        4,
        4,
        2,
        4,
        0,
        4,
        3,
        3,
        1,
        1,
        2,
        0,
        0,
        1,
        2,
        2,
        3,
        4,
        1,
        0,
        4,
        2,
        0,
        1,
        3,
        4,
        3,
        1,
        3,
        1,
        2,
        4,
        1,
        4,
        4,
        4,
        3,
        4,
        0,
        4,
        0,
        1,
        2,
        2,
        4,
        2,
        1,
        4,
        2,
        4,
        1,
        4,
        4,
        3,
        1,
        2,
        1,
        3,
        3,
        3,
        0,
        1,
        2,
        4,
        2,
        3,
        4,
        3,
        4,
        1,
        4,
        2,
        2,
        0,
        2,
        4,
        0,
        1,
        4,
        0,
        4,
        2,
        0,
        0,
        3,
        3,
        3,
        1,
        1,
        2,
        0,
        2,
        3,
        0,
        0,
        2,
        3,
        4,
        3,
        4
    ],
    "makespan": 1508,
    "normalized_makespan": 0.06913506667659987,
    "energy": 6782,
    "normalized_energy": 0.7907642010625255,
    "tardiness": 1063,
    "normalized_tardiness": 0.07591230450617725,
    "bestObjectiveFunction": 0.9358115722453026,
    "tiempo_por_iteracion": 2.3365858943983056
}