{
    "status": "OPTIMAL_SOLUTION",
    "solution": {
        "objective": 0.9686042699964093,
        "start_time": [
            [
                66,
                49,
                22,
                86,
                0
            ],
            [
                24,
                66,
                10,
                76,
                22
            ],
            [
                12,
                10,
                61,
                32,
                31
            ],
            [
                53,
                76,
                40,
                46,
                61
            ],
            [
                61,
                30,
                49,
                62,
                76
            ]
        ],
        "SpeedScaling": [
            [
                1,
                1,
                1,
                1,
                1
            ],
            [
                1,
                3,
                1,
                1,
                3
            ],
            [
                4,
                2,
                1,
                4,
                1
            ],
            [
                2,
                3,
                1,
                2,
                3
            ],
            [
                3,
                1,
                2,
                2,
                1
            ]
        ],
        "_output_item": "Objective function normalized: M-0.1115044247787609 + E-0.5974683544303787 + T-0.2596314907872697 = 0.9686042699964093 \nObjective function: M-95.0 + E-2238.0 + T-155.0 = 0.9686042699964093 \nStart Times: [66, 49, 22, 86, 0, 24, 66, 10, 76, 22, 12, 10, 61, 32, 31, 53, 76, 40, 46, 61, 61, 30, 49, 62, 76]\nSpeed Scaling; [1, 1, 1, 1, 1, 1, 3, 1, 1, 3, 4, 2, 1, 4, 1, 2, 3, 1, 2, 3, 3, 1, 2, 2, 1]\n",
        "_checker": ""
    },
    "statistics": {
        "paths": 0,
        "flatIntVars": 480,
        "flatFloatVars": 51,
        "flatIntConstraints": 561,
        "flatFloatConstraints": 51,
        "evaluatedHalfReifiedConstraints": 100,
        "method": "minimize",
        "flatTime": 104.12299999999999,
        "objective": 0.968604269996,
        "objectiveBound": 0.968604269996,
        "nodes": 4491,
        "openNodes": 336,
        "solveTime": 3863.0,
        "time": 3748.0,
        "nSolutions": 15
    }
}