{
    "bestSolution": [
        2,
        0,
        1,
        1,
        1,
        2,
        4,
        2,
        2,
        0,
        3,
        2,
        0,
        2,
        1,
        2,
        3,
        1,
        4,
        2,
        0,
        2,
        2,
        2,
        2,
        2,
        3,
        2,
        0,
        2,
        3,
        2,
        4,
        2,
        4,
        1,
        2,
        1,
        4,
        1,
        2,
        2,
        1,
        1,
        1,
        2,
        0,
        2,
        3,
        2,
        1,
        1,
        4,
        1,
        2,
        2,
        0,
        2,
        2,
        1,
        2,
        1,
        0,
        0,
        2,
        2,
        1,
        0,
        4,
        2,
        4,
        1,
        0,
        2,
        4,
        2,
        3,
        2,
        1,
        2,
        4,
        1,
        0,
        0,
        3,
        2,
        3,
        0,
        3,
        0,
        1,
        0,
        3,
        2,
        0,
        2,
        0,
        0,
        1,
        2
    ],
    "makespan": 799,
    "normalized_makespan": 0.09328420700050243,
    "energy": 3547,
    "normalized_energy": 0.8062370062370062,
    "tardiness": 488,
    "normalized_tardiness": 0.07854498631900853,
    "bestObjectiveFunction": 0.9780661995565172,
    "tiempo_por_iteracion": 1.3561985162978476
}