{
    "bestSolution": [
        1,
        2,
        2,
        2,
        4,
        0,
        2,
        2,
        4,
        0,
        0,
        2,
        3,
        1,
        0,
        1,
        0,
        1,
        2,
        1,
        2,
        2,
        3,
        0,
        1,
        0,
        3,
        1,
        4,
        1,
        1,
        2,
        1,
        0,
        3,
        2,
        2,
        0,
        4,
        0,
        0,
        0,
        0,
        1,
        3,
        0,
        4,
        0,
        1,
        1
    ],
    "makespan": 442,
    "normalized_makespan": 0.11307550644567219,
    "energy": 1554,
    "normalized_energy": 0.5915611814345991,
    "tardiness": 282,
    "normalized_tardiness": 0.09894736842105263,
    "bestObjectiveFunction": 0.803584056301324,
    "tiempo_por_iteracion": 0.7459849908318318
}