{
    "bestSolution": [
        7,
        0,
        0,
        0,
        3,
        0,
        8,
        0,
        7,
        0,
        4,
        0,
        8,
        0,
        5,
        0,
        6,
        0,
        6,
        0,
        4,
        0,
        3,
        0,
        8,
        0,
        6,
        0,
        6,
        0,
        5,
        0,
        5,
        0,
        6,
        0,
        7,
        0,
        0,
        0,
        4,
        0,
        3,
        0,
        1,
        0,
        8,
        0,
        8,
        0,
        7,
        0,
        3,
        0,
        9,
        0,
        5,
        0,
        3,
        0,
        1,
        0,
        2,
        0,
        0,
        0,
        9,
        0,
        9,
        0,
        4,
        0,
        1,
        0,
        4,
        0,
        9,
        0,
        2,
        0,
        1,
        0,
        5,
        0,
        2,
        0,
        7,
        0,
        9,
        0,
        2,
        0,
        0,
        0,
        1,
        0,
        0,
        0,
        2,
        0
    ],
    "makespan": 126,
    "normalized_makespan": 0.3894230769230769,
    "energy": 4752,
    "normalized_energy": 0,
    "tardiness": 78,
    "normalized_tardiness": 0.308300395256917,
    "bestObjectiveFunction": 0.6977234721799939,
    "tiempo_por_iteracion": 0.47088716797909497
}