{
    "bestSolution": [
        3,
        4,
        0,
        2,
        6,
        1,
        9,
        0,
        8,
        2,
        0,
        1,
        3,
        1,
        1,
        3,
        2,
        2,
        4,
        1,
        1,
        1,
        8,
        1,
        6,
        1,
        5,
        1,
        8,
        1,
        4,
        3,
        0,
        4,
        0,
        2,
        2,
        1,
        3,
        2,
        9,
        2,
        5,
        1,
        7,
        1,
        4,
        1,
        7,
        1,
        7,
        1,
        1,
        1,
        3,
        2,
        8,
        2,
        8,
        0,
        4,
        2,
        6,
        4,
        5,
        4,
        4,
        1,
        5,
        1,
        9,
        4,
        1,
        0,
        2,
        0,
        5,
        1,
        7,
        0,
        2,
        0,
        9,
        0,
        3,
        1,
        7,
        0,
        6,
        1,
        0,
        0,
        9,
        4,
        2,
        2,
        6,
        1,
        1,
        0
    ],
    "makespan": 627,
    "normalized_makespan": 0.07229304502178474,
    "energy": 3171,
    "normalized_energy": 0.6561712846347607,
    "tardiness": 1177,
    "normalized_tardiness": 0.18459849435382686,
    "bestObjectiveFunction": 0.9130628240103722,
    "tiempo_por_iteracion": 0.522832001029671
}