{
    "bestSolution": [
        9,
        1,
        0,
        1,
        2,
        0,
        4,
        0,
        1,
        1,
        7,
        0,
        0,
        2,
        8,
        2,
        2,
        2,
        4,
        2,
        0,
        1,
        6,
        0,
        7,
        1,
        3,
        1,
        4,
        1,
        2,
        2,
        9,
        1,
        3,
        0,
        7,
        0,
        3,
        2,
        1,
        0,
        9,
        1,
        0,
        1,
        1,
        2,
        4,
        0,
        8,
        1,
        2,
        2,
        5,
        0,
        0,
        1,
        7,
        2,
        2,
        2,
        6,
        1,
        4,
        2,
        1,
        0,
        6,
        1,
        3,
        0,
        5,
        1,
        7,
        1,
        1,
        1,
        9,
        0,
        6,
        2,
        3,
        1,
        5,
        1,
        8,
        1,
        5,
        1,
        8,
        2,
        5,
        0,
        6,
        0,
        8,
        0,
        9,
        2
    ],
    "makespan": 700,
    "normalized_makespan": 0.07355782500690036,
    "energy": 3075,
    "normalized_energy": 0.6829466829466829,
    "tardiness": 926,
    "normalized_tardiness": 0.12491568865506543,
    "bestObjectiveFunction": 0.8814201966086487,
    "tiempo_por_iteracion": 0.6172315749255094
}