{
    "bestSolution": [
        4,
        0,
        0,
        2,
        4,
        2,
        2,
        0,
        3,
        1,
        3,
        0,
        3,
        2,
        2,
        0,
        4,
        2,
        0,
        1,
        2,
        0,
        0,
        1,
        2,
        2,
        0,
        2,
        0,
        2,
        3,
        2,
        0,
        1,
        2,
        0,
        4,
        0,
        4,
        0,
        1,
        0,
        4,
        2,
        2,
        0,
        4,
        0,
        2,
        0,
        1,
        2,
        3,
        0,
        3,
        2,
        1,
        2,
        0,
        0,
        0,
        0,
        0,
        0,
        2,
        0,
        1,
        0,
        4,
        0,
        1,
        2,
        0,
        0,
        1,
        0,
        0,
        0,
        1,
        2,
        4,
        2,
        1,
        2,
        2,
        0,
        2,
        2,
        1,
        2,
        3,
        0,
        0,
        2,
        3,
        0,
        1,
        0,
        0,
        0,
        2,
        0,
        4,
        0,
        1,
        0,
        3,
        0,
        3,
        0,
        4,
        2,
        2,
        0,
        3,
        0,
        4,
        2,
        3,
        2,
        3,
        0,
        4,
        0,
        0,
        0,
        1,
        2,
        4,
        2,
        4,
        0,
        1,
        0,
        2,
        1,
        3,
        0,
        0,
        2,
        2,
        1,
        4,
        0,
        3,
        2,
        2,
        2,
        4,
        2,
        1,
        2,
        1,
        0,
        3,
        0,
        3,
        0,
        1,
        2,
        1,
        0,
        0,
        0,
        1,
        2,
        3,
        0,
        3,
        0,
        4,
        0,
        2,
        0,
        4,
        0,
        0,
        0,
        0,
        2,
        1,
        0,
        2,
        0,
        0,
        2,
        2,
        2,
        2,
        0,
        2,
        0,
        1,
        2,
        3,
        0,
        4,
        0,
        0,
        0
    ],
    "makespan": 2921,
    "normalized_makespan": 0.1668573880703762,
    "energy": 4666,
    "normalized_energy": 0.3552163913861593,
    "tardiness": 0,
    "normalized_tardiness": 0,
    "bestObjectiveFunction": 0.5220737794565355,
    "tiempo_por_iteracion": 2.6131789684295654
}