{
    "bestSolution": [
        1,
        0,
        5,
        0,
        14,
        0,
        15,
        0,
        8,
        0,
        12,
        0,
        6,
        0,
        16,
        0,
        3,
        0,
        0,
        0,
        16,
        0,
        4,
        0,
        18,
        0,
        6,
        0,
        15,
        0,
        18,
        0,
        11,
        0,
        7,
        0,
        0,
        0,
        8,
        0,
        19,
        0,
        7,
        0,
        19,
        0,
        6,
        0,
        11,
        0,
        15,
        0,
        13,
        0,
        14,
        0,
        8,
        0,
        18,
        0,
        19,
        0,
        13,
        0,
        11,
        0,
        6,
        0,
        11,
        0,
        19,
        0,
        18,
        0,
        5,
        0,
        8,
        0,
        13,
        0,
        16,
        0,
        2,
        0,
        14,
        0,
        14,
        0,
        7,
        0,
        8,
        0,
        18,
        0,
        9,
        0,
        13,
        0,
        11,
        0,
        13,
        0,
        19,
        0,
        6,
        0,
        7,
        0,
        10,
        0,
        15,
        0,
        0,
        0,
        12,
        0,
        2,
        0,
        10,
        0,
        10,
        0,
        17,
        0,
        4,
        0,
        0,
        0,
        5,
        0,
        7,
        0,
        9,
        0,
        17,
        0,
        5,
        0,
        2,
        0,
        2,
        0,
        4,
        0,
        9,
        0,
        3,
        0,
        14,
        0,
        3,
        0,
        4,
        0,
        5,
        0,
        9,
        0,
        12,
        0,
        10,
        0,
        1,
        0,
        17,
        0,
        12,
        0,
        16,
        0,
        1,
        0,
        3,
        0,
        15,
        0,
        9,
        0,
        10,
        0,
        12,
        0,
        1,
        0,
        16,
        0,
        3,
        0,
        0,
        0,
        4,
        0,
        17,
        0,
        2,
        0,
        1,
        0,
        17,
        0
    ],
    "makespan": 789,
    "normalized_makespan": 0.18587239583333334,
    "energy": 7241,
    "normalized_energy": 0,
    "tardiness": 1824,
    "normalized_tardiness": 0.5544072948328268,
    "bestObjectiveFunction": 0.7402796906661602,
    "tiempo_por_iteracion": 1.0529054294932971
}