{
    "bestSolution": [
        3,
        0,
        4,
        0,
        0,
        0,
        2,
        0,
        1,
        0,
        2,
        0,
        4,
        0,
        2,
        0,
        1,
        0,
        0,
        0,
        4,
        0,
        2,
        0,
        3,
        0,
        0,
        0,
        3,
        0,
        2,
        0,
        3,
        0,
        3,
        0,
        4,
        0,
        1,
        0,
        3,
        0,
        4,
        0,
        0,
        0,
        1,
        0,
        1,
        0,
        2,
        0,
        3,
        0,
        2,
        0,
        2,
        0,
        2,
        0,
        4,
        0,
        4,
        0,
        3,
        0,
        1,
        0,
        3,
        0,
        3,
        0,
        0,
        0,
        2,
        0,
        1,
        0,
        0,
        0,
        0,
        0,
        4,
        0,
        0,
        0,
        4,
        0,
        1,
        0,
        1,
        0,
        0,
        0,
        0,
        0,
        1,
        0,
        4,
        0
    ],
    "makespan": 639,
    "normalized_makespan": 0.28978840846366144,
    "energy": 3780,
    "normalized_energy": 0,
    "tardiness": 14,
    "normalized_tardiness": 0.009922041105598866,
    "bestObjectiveFunction": 0.2997104495692603,
    "tiempo_por_iteracion": 0.4096614401186666
}