{
    "bestSolution": [
        5,
        0,
        7,
        2,
        9,
        2,
        4,
        0,
        9,
        0,
        10,
        0,
        6,
        0,
        0,
        0,
        5,
        0,
        8,
        2,
        11,
        2,
        10,
        0,
        18,
        0,
        3,
        0,
        14,
        1,
        7,
        0,
        11,
        0,
        9,
        0,
        2,
        0,
        6,
        0,
        5,
        0,
        11,
        2,
        3,
        0,
        17,
        2,
        18,
        0,
        7,
        0,
        19,
        0,
        12,
        0,
        13,
        0,
        15,
        0,
        12,
        2,
        5,
        0,
        17,
        0,
        13,
        0,
        14,
        0,
        2,
        0,
        3,
        2,
        17,
        0,
        8,
        2,
        4,
        0,
        15,
        0,
        0,
        0,
        14,
        0,
        19,
        0,
        10,
        0,
        2,
        0,
        13,
        0,
        1,
        2,
        12,
        2,
        15,
        0,
        18,
        0,
        15,
        0,
        3,
        2,
        13,
        2,
        7,
        0,
        16,
        0,
        8,
        0,
        18,
        0,
        14,
        0,
        17,
        2,
        16,
        0,
        12,
        1,
        6,
        2,
        6,
        0,
        17,
        1,
        4,
        0,
        1,
        2,
        19,
        2,
        1,
        2,
        7,
        0,
        11,
        0,
        0,
        2,
        1,
        0,
        3,
        0,
        0,
        2,
        0,
        0,
        8,
        0,
        2,
        0,
        14,
        0,
        19,
        2,
        19,
        2,
        16,
        2,
        12,
        0,
        15,
        0,
        18,
        0,
        5,
        1,
        16,
        1,
        4,
        0,
        6,
        1,
        13,
        2,
        10,
        0,
        9,
        0,
        10,
        0,
        9,
        0,
        2,
        0,
        11,
        2,
        8,
        0,
        4,
        0,
        1,
        1,
        16,
        2
    ],
    "makespan": 2725,
    "normalized_makespan": 0.18643819566490918,
    "energy": 4515,
    "normalized_energy": 0.3199261235378617,
    "tardiness": 0,
    "normalized_tardiness": 0,
    "bestObjectiveFunction": 0.5063643192027709,
    "tiempo_por_iteracion": 1.6690007050832112
}