{
    "bestSolution": [
        12,
        0,
        19,
        0,
        17,
        0,
        3,
        2,
        19,
        0,
        12,
        0,
        1,
        0,
        1,
        0,
        11,
        2,
        3,
        0,
        0,
        0,
        13,
        0,
        1,
        1,
        6,
        0,
        8,
        0,
        9,
        0,
        0,
        0,
        7,
        0,
        18,
        0,
        9,
        0,
        14,
        0,
        12,
        1,
        18,
        0,
        8,
        0,
        17,
        0,
        17,
        2,
        11,
        0,
        13,
        2,
        9,
        1,
        15,
        0,
        7,
        0,
        3,
        1,
        16,
        1,
        4,
        0,
        6,
        0,
        1,
        0,
        14,
        2,
        16,
        1,
        11,
        1,
        15,
        2,
        3,
        0,
        13,
        0,
        18,
        0,
        2,
        0,
        14,
        0,
        14,
        0,
        0,
        0,
        11,
        0,
        5,
        0,
        7,
        0,
        6,
        0,
        16,
        0,
        10,
        0,
        8,
        0,
        18,
        0,
        4,
        0,
        8,
        2,
        2,
        1,
        13,
        2,
        4,
        0,
        0,
        0,
        1,
        0,
        10,
        0,
        16,
        2,
        19,
        0,
        10,
        2,
        17,
        0,
        4,
        1,
        2,
        0,
        4,
        0,
        6,
        0,
        19,
        2,
        18,
        0,
        15,
        1,
        2,
        2,
        13,
        0,
        15,
        0,
        5,
        1,
        5,
        2,
        16,
        0,
        6,
        0,
        8,
        1,
        2,
        0,
        5,
        0,
        7,
        1,
        9,
        2,
        5,
        0,
        0,
        0,
        10,
        0,
        19,
        2,
        17,
        0,
        11,
        0,
        12,
        2,
        9,
        0,
        15,
        0,
        12,
        1,
        14,
        0,
        3,
        2,
        10,
        0,
        7,
        0
    ],
    "makespan": 2837,
    "normalized_makespan": 0.19463971880492092,
    "energy": 4333,
    "normalized_energy": 0.2825774676790478,
    "tardiness": 0,
    "normalized_tardiness": 0,
    "bestObjectiveFunction": 0.4772171864839687,
    "tiempo_por_iteracion": 0.827830746367171
}