{
    "bestSolution": [
        1,
        3,
        9,
        4,
        2,
        4,
        4,
        1,
        5,
        0,
        3,
        4,
        0,
        4,
        8,
        0,
        1,
        4,
        4,
        0,
        0,
        0,
        9,
        0,
        7,
        3,
        5,
        0,
        4,
        0,
        1,
        0,
        8,
        0,
        4,
        0,
        9,
        0,
        8,
        1,
        8,
        0,
        3,
        0,
        9,
        1,
        4,
        0,
        7,
        0,
        7,
        0,
        1,
        0,
        0,
        0,
        6,
        3,
        2,
        0,
        3,
        0,
        1,
        0,
        6,
        0,
        0,
        1,
        3,
        1,
        5,
        1,
        6,
        2,
        9,
        0,
        9,
        0,
        6,
        4,
        8,
        4,
        3,
        0,
        7,
        0,
        8,
        3,
        0,
        0,
        3,
        3,
        6,
        0,
        8,
        0,
        5,
        0,
        4,
        2,
        4,
        4,
        7,
        4,
        5,
        1,
        2,
        0,
        6,
        2,
        2,
        0,
        0,
        3,
        2,
        2,
        8,
        0,
        1,
        0,
        0,
        1,
        7,
        2,
        6,
        0,
        7,
        2,
        0,
        0,
        5,
        0,
        5,
        1,
        8,
        0,
        5,
        4,
        3,
        0,
        7,
        1,
        4,
        1,
        0,
        2,
        2,
        0,
        6,
        1,
        1,
        0,
        6,
        0,
        2,
        0,
        5,
        0,
        9,
        3,
        9,
        1,
        9,
        2,
        1,
        3,
        1,
        3,
        4,
        0,
        0,
        4,
        2,
        3,
        3,
        0,
        3,
        3,
        8,
        3,
        7,
        0,
        6,
        4,
        9,
        0,
        5,
        0,
        7,
        0,
        4,
        4,
        3,
        4,
        2,
        0,
        1,
        0,
        2,
        0
    ],
    "makespan": 425,
    "normalized_makespan": 0.13135114791117802,
    "energy": 8306,
    "normalized_energy": 0.28538147932440305,
    "tardiness": 0,
    "normalized_tardiness": 0,
    "bestObjectiveFunction": 0.4167326272355811,
    "tiempo_por_iteracion": 0.9173258661149858
}