{
    "bestSolution": [
        4,
        1,
        9,
        0,
        1,
        0,
        3,
        3,
        8,
        0,
        9,
        0,
        0,
        0,
        4,
        2,
        2,
        0,
        2,
        0,
        6,
        3,
        6,
        0,
        4,
        4,
        6,
        0,
        5,
        4,
        0,
        0,
        1,
        4,
        8,
        0,
        9,
        4,
        9,
        0,
        3,
        0,
        7,
        4,
        2,
        4,
        1,
        2,
        7,
        0,
        5,
        4,
        0,
        0,
        6,
        4,
        4,
        0,
        7,
        0,
        1,
        4,
        2,
        0,
        0,
        0,
        3,
        0,
        5,
        0,
        1,
        1,
        2,
        2,
        4,
        4,
        6,
        0,
        0,
        4,
        2,
        0,
        3,
        1,
        5,
        0,
        9,
        0,
        1,
        3,
        5,
        4,
        4,
        4,
        5,
        2,
        0,
        4,
        9,
        4,
        0,
        0,
        6,
        3,
        1,
        0,
        4,
        2,
        2,
        4,
        7,
        1,
        5,
        0,
        8,
        0,
        9,
        0,
        9,
        0,
        5,
        4,
        4,
        4,
        9,
        4,
        8,
        0,
        7,
        4,
        7,
        0,
        2,
        4,
        7,
        4,
        3,
        3,
        3,
        0,
        2,
        4,
        8,
        0,
        4,
        0,
        2,
        0,
        8,
        0,
        0,
        1,
        3,
        4,
        8,
        2,
        6,
        0,
        8,
        0,
        3,
        4,
        1,
        4,
        3,
        3,
        6,
        0,
        7,
        4,
        0,
        0,
        6,
        1,
        8,
        3,
        5,
        0,
        3,
        4,
        7,
        0,
        1,
        0,
        5,
        3,
        6,
        4,
        8,
        0,
        4,
        0,
        0,
        4,
        1,
        0,
        9,
        4,
        7,
        4
    ],
    "makespan": 529,
    "normalized_makespan": 0.17049303726006776,
    "energy": 8474,
    "normalized_energy": 0.3832265579499126,
    "tardiness": 0,
    "normalized_tardiness": 0,
    "bestObjectiveFunction": 0.5537195952099804,
    "tiempo_por_iteracion": 2.026461572647095
}