{
    "bestSolution": [
        3,
        2,
        6,
        0,
        5,
        0,
        8,
        0,
        1,
        1,
        5,
        0,
        8,
        0,
        3,
        0,
        8,
        2,
        1,
        2,
        1,
        1,
        8,
        0,
        1,
        1,
        6,
        0,
        6,
        2,
        2,
        1,
        3,
        0,
        7,
        1,
        8,
        0,
        7,
        1,
        2,
        0,
        5,
        0,
        8,
        0,
        4,
        0,
        9,
        0,
        9,
        1,
        6,
        1,
        4,
        1,
        9,
        1,
        0,
        1,
        0,
        0,
        3,
        0,
        0,
        0,
        5,
        2,
        9,
        0,
        7,
        0,
        5,
        0,
        2,
        0,
        8,
        0,
        7,
        0,
        6,
        0,
        5,
        0,
        1,
        0,
        3,
        0,
        6,
        0,
        2,
        0,
        3,
        0,
        4,
        0,
        3,
        1,
        6,
        0,
        2,
        0,
        7,
        2,
        7,
        0,
        8,
        2,
        9,
        1,
        2,
        0,
        4,
        0,
        8,
        0,
        1,
        0,
        2,
        1,
        7,
        1,
        6,
        0,
        4,
        0,
        7,
        1,
        8,
        0,
        2,
        0,
        1,
        2,
        5,
        0,
        5,
        0,
        9,
        0,
        9,
        1,
        0,
        0,
        5,
        2,
        0,
        0,
        0,
        2,
        4,
        0,
        1,
        2,
        1,
        1,
        6,
        1,
        0,
        0,
        2,
        1,
        3,
        0,
        0,
        0,
        3,
        0,
        9,
        0,
        2,
        1,
        7,
        0,
        5,
        2,
        3,
        0,
        4,
        2,
        7,
        0,
        4,
        2,
        4,
        0,
        4,
        0,
        9,
        0,
        0,
        0,
        6,
        0,
        0,
        0,
        9,
        0,
        1,
        0
    ],
    "makespan": 2738,
    "normalized_makespan": 0.17001892213890252,
    "energy": 4364,
    "normalized_energy": 0.3014690668321953,
    "tardiness": 0,
    "normalized_tardiness": 0,
    "bestObjectiveFunction": 0.47148798897109784,
    "tiempo_por_iteracion": 1.401089322566986
}