{
    "bestSolution": [
        6,
        2,
        0,
        1,
        0,
        2,
        0,
        1,
        9,
        2,
        8,
        1,
        7,
        2,
        3,
        2,
        5,
        2,
        7,
        2,
        2,
        2,
        8,
        2,
        6,
        1,
        4,
        1,
        5,
        1,
        3,
        2,
        5,
        2,
        8,
        1,
        1,
        1,
        0,
        2,
        4,
        0,
        3,
        2,
        4,
        1,
        7,
        2,
        1,
        1,
        7,
        2,
        2,
        0,
        6,
        2,
        4,
        1,
        8,
        1,
        2,
        2,
        5,
        1,
        1,
        1,
        1,
        2,
        9,
        1,
        2,
        1,
        9,
        2,
        6,
        1,
        4,
        2,
        8,
        2,
        3,
        1,
        1,
        2,
        5,
        2,
        0,
        2,
        2,
        1,
        9,
        2,
        7,
        2,
        3,
        2,
        6,
        2,
        9,
        2
    ],
    "makespan": 375,
    "normalized_makespan": 0.03737406564835879,
    "energy": 3817,
    "normalized_energy": 0.9237573715248526,
    "tardiness": 17,
    "normalized_tardiness": 0.0026988410858866485,
    "bestObjectiveFunction": 0.9638302782590981,
    "tiempo_por_iteracion": 1.1426938594655787
}