{
    "bestSolution": [
        2,
        0,
        0,
        0,
        3,
        0,
        3,
        0,
        3,
        0,
        3,
        0,
        3,
        0,
        4,
        0,
        2,
        0,
        1,
        0,
        0,
        0,
        0,
        0,
        0,
        0,
        4,
        0,
        4,
        0,
        0,
        0,
        1,
        0,
        2,
        0,
        2,
        0,
        2,
        0,
        2,
        0,
        2,
        0,
        3,
        0,
        0,
        0,
        4,
        0,
        4,
        0,
        3,
        0,
        3,
        0,
        2,
        0,
        4,
        0,
        0,
        0,
        1,
        0,
        4,
        0,
        2,
        0,
        3,
        0,
        4,
        0,
        2,
        0,
        0,
        0,
        1,
        0,
        4,
        0,
        1,
        0,
        1,
        0,
        1,
        0,
        1,
        0,
        4,
        0,
        0,
        0,
        1,
        0,
        3,
        0,
        1,
        0,
        0,
        0
    ],
    "makespan": 174,
    "normalized_makespan": 0.4460093896713615,
    "energy": 4716,
    "normalized_energy": 0,
    "tardiness": 41,
    "normalized_tardiness": 0.1404109589041096,
    "bestObjectiveFunction": 0.5864203485754711,
    "tiempo_por_iteracion": 0.8796937216883121
}