{
    "bestSolution": [
        3,
        0,
        3,
        0,
        4,
        0,
        8,
        0,
        0,
        0,
        2,
        0,
        1,
        0,
        9,
        0,
        3,
        0,
        7,
        0,
        9,
        0,
        1,
        0,
        0,
        0,
        4,
        0,
        5,
        0,
        4,
        0,
        2,
        0,
        8,
        0,
        6,
        0,
        3,
        0,
        4,
        0,
        5,
        0,
        1,
        0,
        0,
        0,
        0,
        0,
        6,
        0,
        2,
        0,
        8,
        0,
        3,
        0,
        6,
        0,
        7,
        0,
        9,
        0,
        5,
        0,
        2,
        0,
        0,
        0,
        9,
        0,
        6,
        0,
        5,
        0,
        4,
        0,
        9,
        0,
        8,
        0,
        2,
        0,
        7,
        0,
        5,
        0,
        1,
        0,
        7,
        0,
        8,
        0,
        6,
        0,
        1,
        0,
        7,
        0
    ],
    "makespan": 550,
    "normalized_makespan": 0.2406609195402299,
    "energy": 3639,
    "normalized_energy": 0,
    "tardiness": 126,
    "normalized_tardiness": 0.07840696950840075,
    "bestObjectiveFunction": 0.31906788904863065,
    "tiempo_por_iteracion": 0.310260831582837
}