{
    "bestSolution": [
        8,
        2,
        6,
        1,
        0,
        3,
        6,
        1,
        3,
        1,
        8,
        2,
        9,
        2,
        7,
        4,
        9,
        3,
        9,
        2,
        4,
        2,
        8,
        1,
        6,
        4,
        1,
        3,
        6,
        1,
        4,
        1,
        5,
        2,
        2,
        2,
        0,
        0,
        5,
        1,
        4,
        1,
        1,
        2,
        7,
        2,
        0,
        1,
        7,
        4,
        2,
        0,
        4,
        2,
        7,
        0,
        0,
        1,
        5,
        4,
        2,
        4,
        3,
        4,
        1,
        3,
        9,
        2,
        5,
        4,
        1,
        4,
        7,
        4,
        3,
        2,
        8,
        4,
        3,
        3,
        4,
        1,
        9,
        3,
        2,
        3,
        6,
        4,
        5,
        1,
        3,
        2,
        8,
        3,
        0,
        4,
        2,
        0,
        1,
        2
    ],
    "makespan": 152,
    "normalized_makespan": 0.11943539630836048,
    "energy": 4716,
    "normalized_energy": 0.8132530120481928,
    "tardiness": 145,
    "normalized_tardiness": 0.1505711318795431,
    "bestObjectiveFunction": 1.0832595402360963,
    "tiempo_por_iteracion": 0.9142958803610368
}