{
    "bestSolution": [
        1,
        0,
        8,
        1,
        9,
        2,
        7,
        2,
        4,
        2,
        3,
        1,
        9,
        2,
        5,
        1,
        7,
        0,
        3,
        2,
        2,
        2,
        3,
        1,
        0,
        2,
        6,
        1,
        2,
        2,
        8,
        2,
        6,
        1,
        8,
        0,
        3,
        0,
        4,
        1,
        8,
        1,
        6,
        2,
        4,
        2,
        4,
        2,
        7,
        2,
        7,
        1,
        3,
        1,
        6,
        1,
        5,
        0,
        1,
        1,
        9,
        1,
        0,
        2,
        0,
        1,
        0,
        2,
        7,
        2,
        8,
        0,
        1,
        2,
        9,
        2,
        2,
        1,
        7,
        1,
        1,
        2,
        5,
        0,
        2,
        2,
        1,
        2,
        6,
        2,
        3,
        2,
        0,
        2,
        4,
        1,
        7,
        1,
        7,
        2,
        2,
        0,
        0,
        0,
        9,
        1,
        5,
        2,
        5,
        1,
        6,
        2,
        4,
        1,
        4,
        1,
        3,
        2,
        6,
        0,
        8,
        0,
        8,
        2,
        2,
        2,
        0,
        2,
        7,
        2,
        8,
        2,
        4,
        1,
        9,
        0,
        2,
        1,
        1,
        0,
        5,
        2,
        3,
        1,
        9,
        1,
        4,
        1,
        5,
        1,
        7,
        0,
        5,
        1,
        2,
        2,
        8,
        0,
        3,
        2,
        1,
        1,
        0,
        2,
        6,
        1,
        6,
        2,
        0,
        1,
        2,
        0,
        0,
        1,
        6,
        2,
        3,
        2,
        5,
        1,
        4,
        2,
        2,
        2,
        1,
        1,
        1,
        1,
        1,
        2,
        9,
        1,
        5,
        1,
        9,
        2,
        9,
        2,
        8,
        1
    ],
    "makespan": 902,
    "normalized_makespan": 0.048589221188590756,
    "energy": 6840,
    "normalized_energy": 0.7934804213873982,
    "tardiness": 784,
    "normalized_tardiness": 0.059049484070196584,
    "bestObjectiveFunction": 0.9011191266461855,
    "tiempo_por_iteracion": 1.8158747752507527
}