{
    "bestSolution": [
        1,
        2,
        5,
        1,
        6,
        0,
        7,
        1,
        4,
        0,
        5,
        0,
        8,
        2,
        0,
        2,
        4,
        2,
        9,
        2,
        5,
        2,
        2,
        1,
        2,
        0,
        8,
        0,
        7,
        1,
        4,
        1,
        9,
        0,
        3,
        0,
        7,
        2,
        9,
        1,
        1,
        2,
        6,
        0,
        9,
        2,
        2,
        2,
        3,
        2,
        6,
        2,
        0,
        1,
        0,
        2,
        5,
        2,
        9,
        0,
        0,
        2,
        4,
        2,
        6,
        1,
        3,
        1,
        2,
        2,
        3,
        2,
        4,
        0,
        7,
        2,
        8,
        1,
        8,
        2,
        3,
        2,
        1,
        1,
        1,
        1,
        8,
        2,
        5,
        2,
        0,
        0,
        2,
        2,
        1,
        1,
        7,
        2,
        6,
        1
    ],
    "makespan": 655,
    "normalized_makespan": 0.07722007722007722,
    "energy": 3413,
    "normalized_energy": 0.7615351444588184,
    "tardiness": 1639,
    "normalized_tardiness": 0.24720965309200604,
    "bestObjectiveFunction": 1.0859648747709016,
    "tiempo_por_iteracion": 1.2362257925052087
}