{
    "bestSolution": [
        3,
        0,
        1,
        0,
        0,
        0,
        0,
        0,
        1,
        0,
        2,
        0,
        3,
        0,
        4,
        0,
        3,
        0,
        2,
        0,
        3,
        0,
        0,
        0,
        2,
        0,
        3,
        0,
        4,
        0,
        0,
        0,
        4,
        0,
        3,
        0,
        1,
        0,
        0,
        0,
        3,
        0,
        1,
        0,
        1,
        0,
        4,
        0,
        0,
        0,
        2,
        0,
        3,
        0,
        4,
        0,
        2,
        0,
        2,
        0,
        1,
        0,
        1,
        0,
        3,
        0,
        3,
        0,
        3,
        0,
        1,
        0,
        4,
        0,
        2,
        0,
        0,
        0,
        2,
        0,
        4,
        0,
        0,
        0,
        1,
        0,
        0,
        0,
        4,
        0,
        1,
        0,
        0,
        0,
        0,
        0,
        0,
        0,
        2,
        0,
        4,
        0,
        2,
        0,
        2,
        0,
        4,
        0,
        1,
        0,
        3,
        0,
        3,
        0,
        1,
        0,
        0,
        0,
        1,
        0,
        2,
        0,
        0,
        0,
        1,
        0,
        2,
        0,
        4,
        0,
        0,
        0,
        4,
        0,
        4,
        0,
        3,
        0,
        1,
        0,
        0,
        0,
        4,
        0,
        0,
        0,
        1,
        0,
        4,
        0,
        3,
        0,
        4,
        0,
        3,
        0,
        4,
        0,
        2,
        0,
        1,
        0,
        2,
        0,
        1,
        0,
        2,
        0,
        2,
        0,
        4,
        0,
        2,
        0,
        3,
        0,
        4,
        0,
        3,
        0,
        0,
        0,
        0,
        0,
        3,
        0,
        1,
        0,
        4,
        0,
        2,
        0,
        3,
        0,
        0,
        0,
        2,
        0,
        1,
        0
    ],
    "makespan": 847,
    "normalized_makespan": 0.04019688269073011,
    "energy": 7288,
    "normalized_energy": 0,
    "tardiness": 0,
    "normalized_tardiness": 0,
    "bestObjectiveFunction": 0.04019688269073011,
    "tiempo_por_iteracion": 5.62324595451355
}