{
    "bestSolution": [
        1,
        0,
        2,
        0,
        4,
        0,
        3,
        0,
        0,
        0,
        2,
        0,
        4,
        0,
        1,
        0,
        2,
        0,
        3,
        0,
        2,
        0,
        4,
        0,
        2,
        0,
        4,
        0,
        2,
        0,
        1,
        0,
        0,
        0,
        1,
        0,
        4,
        0,
        2,
        0,
        2,
        0,
        0,
        0,
        2,
        0,
        3,
        0,
        0,
        0,
        1,
        0,
        3,
        0,
        4,
        0,
        4,
        0,
        3,
        0,
        1,
        0,
        1,
        0,
        4,
        0,
        0,
        0,
        0,
        0,
        3,
        0,
        1,
        0,
        1,
        0,
        0,
        0,
        1,
        0,
        4,
        0,
        2,
        0,
        0,
        0,
        3,
        0,
        3,
        0,
        3,
        0,
        0,
        0,
        4,
        0,
        0,
        0,
        3,
        0
    ],
    "makespan": 727,
    "normalized_makespan": 0.3381849315068493,
    "energy": 3709,
    "normalized_energy": 0,
    "tardiness": 4,
    "normalized_tardiness": 0.0026666666666666666,
    "bestObjectiveFunction": 0.34085159817351596,
    "tiempo_por_iteracion": 1.7097939757977503
}