{
    "bestSolution": [
        4,
        1,
        2,
        2,
        0,
        2,
        2,
        0,
        4,
        0,
        3,
        1,
        0,
        1,
        1,
        1,
        3,
        1,
        1,
        1,
        1,
        0,
        0,
        2,
        4,
        2,
        2,
        2,
        3,
        1,
        0,
        0,
        2,
        0,
        4,
        0,
        0,
        0,
        3,
        0,
        1,
        0,
        2,
        2,
        4,
        1,
        1,
        1,
        3,
        1
    ],
    "makespan": 380,
    "normalized_makespan": 0.08172114743162108,
    "energy": 1560,
    "normalized_energy": 0.6330275229357798,
    "tardiness": 83,
    "normalized_tardiness": 0.026492180019150973,
    "bestObjectiveFunction": 0.7412408503865519,
    "tiempo_por_iteracion": 0.3672281051504201
}