{
    "status": "OPTIMAL_SOLUTION",
    "solution": {
        "objective": 0.7627488651464491,
        "start_time": [
            [
                334,
                195,
                128,
                394,
                0
            ],
            [
                170,
                244,
                10,
                489,
                78
            ],
            [
                86,
                10,
                252,
                201,
                170
            ],
            [
                219,
                368,
                49,
                139,
                286
            ],
            [
                276,
                36,
                183,
                332,
                396
            ]
        ],
        "SpeedScaling": [
            [
                2,
                2,
                1,
                1,
                2
            ],
            [
                3,
                2,
                2,
                1,
                1
            ],
            [
                2,
                2,
                1,
                4,
                1
            ],
            [
                2,
                2,
                1,
                2,
                2
            ],
            [
                1,
                1,
                2,
                2,
                1
            ]
        ],
        "_output_item": "Objective function normalized: M-0.1110451306413302 + E-0.4678217821782178 + T-0.1838819523269012 = 0.7627488651464491 \nObjective function: M-530.0 + E-1304.0 + T-648.0 = 0.7627488651464491 \nStart Times: [334, 195, 128, 394, 0, 170, 244, 10, 489, 78, 86, 10, 252, 201, 170, 219, 368, 49, 139, 286, 276, 36, 183, 332, 396]\nSpeed Scaling; [2, 2, 1, 1, 2, 3, 2, 2, 1, 1, 2, 2, 1, 4, 1, 2, 2, 1, 2, 2, 1, 1, 2, 2, 1]\n",
        "_checker": ""
    },
    "statistics": {
        "paths": 0,
        "flatIntVars": 501,
        "flatFloatVars": 54,
        "flatIntConstraints": 576,
        "flatFloatConstraints": 54,
        "evaluatedHalfReifiedConstraints": 100,
        "method": "minimize",
        "flatTime": 131.498,
        "objective": 0.762748865146,
        "nodes": 4856,
        "solveTime": 6759.400000000001,
        "time": 3758.0,
        "objectiveBound": 0.762748865146,
        "openNodes": 434,
        "nSolutions": 19
    }
}