{
    "bestSolution": [
        4,
        0,
        1,
        0,
        0,
        0,
        0,
        0,
        2,
        0,
        3,
        0,
        3,
        0,
        1,
        2,
        1,
        0,
        1,
        0,
        2,
        0,
        0,
        0,
        0,
        1,
        2,
        2,
        1,
        1,
        2,
        0,
        0,
        0,
        3,
        0,
        1,
        0,
        4,
        0,
        3,
        0,
        4,
        0,
        2,
        0,
        4,
        2,
        1,
        1,
        4,
        0,
        0,
        2,
        2,
        0,
        3,
        0,
        3,
        0,
        0,
        0,
        1,
        0,
        4,
        2,
        0,
        0,
        1,
        0,
        0,
        0,
        2,
        1,
        3,
        1,
        2,
        0,
        3,
        0,
        1,
        0,
        2,
        1,
        4,
        0,
        3,
        2,
        2,
        0,
        4,
        0,
        3,
        0,
        4,
        1,
        0,
        0,
        4,
        1
    ],
    "makespan": 1364,
    "normalized_makespan": 0.1631024096385542,
    "energy": 2056,
    "normalized_energy": 0.2638061183949146,
    "tardiness": 0,
    "normalized_tardiness": 0,
    "bestObjectiveFunction": 0.4269085280334688,
    "tiempo_por_iteracion": 0.5042393424294211
}