{
    "bestSolution": [
        3,
        4,
        2,
        1,
        0,
        2,
        3,
        0,
        1,
        1,
        2,
        3,
        2,
        0,
        3,
        1,
        4,
        0,
        1,
        2,
        0,
        0,
        3,
        1,
        0,
        0,
        4,
        3,
        2,
        1,
        3,
        1,
        1,
        0,
        0,
        4,
        0,
        0,
        1,
        0,
        4,
        0,
        1,
        4,
        2,
        2,
        4,
        3,
        4,
        1
    ],
    "makespan": 410,
    "normalized_makespan": 0.09556313993174062,
    "energy": 1567,
    "normalized_energy": 0.6141257536606374,
    "tardiness": 67,
    "normalized_tardiness": 0.021895424836601306,
    "bestObjectiveFunction": 0.7315843184289793,
    "tiempo_por_iteracion": 0.2341633384078191
}