{
    "bestSolution": [
        1,
        2,
        1,
        0,
        1,
        0,
        3,
        1,
        1,
        1,
        4,
        2,
        1,
        2,
        3,
        1,
        0,
        1,
        4,
        1,
        2,
        2,
        1,
        0,
        2,
        2,
        3,
        1,
        1,
        1,
        4,
        2,
        3,
        2,
        0,
        2,
        1,
        2,
        0,
        2,
        2,
        2,
        3,
        1,
        0,
        1,
        2,
        2,
        3,
        1,
        4,
        2,
        3,
        2,
        4,
        2,
        0,
        2,
        1,
        2,
        4,
        2,
        4,
        1,
        2,
        1,
        2,
        2,
        1,
        0,
        3,
        2,
        4,
        2,
        4,
        1,
        0,
        2,
        2,
        2,
        1,
        2,
        0,
        1,
        0,
        2,
        3,
        1,
        1,
        2,
        0,
        2,
        0,
        1,
        1,
        0,
        2,
        2,
        0,
        1,
        2,
        2,
        4,
        2,
        2,
        2,
        3,
        2,
        0,
        1,
        2,
        1,
        2,
        2,
        4,
        2,
        1,
        0,
        3,
        2,
        2,
        1,
        2,
        2,
        3,
        2,
        1,
        2,
        2,
        2,
        0,
        1,
        0,
        0,
        2,
        1,
        1,
        0,
        0,
        2,
        0,
        1,
        3,
        2,
        3,
        2,
        4,
        2,
        3,
        2,
        4,
        0,
        4,
        0,
        1,
        2,
        2,
        1,
        4,
        2,
        3,
        2,
        4,
        1,
        1,
        2,
        0,
        2,
        1,
        0,
        3,
        1,
        0,
        2,
        4,
        2,
        3,
        2,
        0,
        2,
        3,
        2,
        2,
        2,
        2,
        2,
        1,
        2,
        3,
        1,
        4,
        1,
        4,
        0,
        0,
        1,
        4,
        2,
        2,
        2
    ],
    "makespan": 279,
    "normalized_makespan": 0.07909604519774012,
    "energy": 9384,
    "normalized_energy": 0.8709876543209877,
    "tardiness": 313,
    "normalized_tardiness": 0.1305254378648874,
    "bestObjectiveFunction": 1.0806091373836153,
    "tiempo_por_iteracion": 1.7761114362167985
}