{
    "bestSolution": [
        4,
        0,
        4,
        0,
        0,
        0,
        0,
        0,
        4,
        0,
        3,
        0,
        4,
        0,
        4,
        0,
        2,
        0,
        2,
        0,
        3,
        0,
        4,
        0,
        3,
        0,
        4,
        0,
        0,
        0,
        4,
        0,
        0,
        0,
        2,
        0,
        0,
        0,
        2,
        0,
        3,
        0,
        2,
        0,
        3,
        0,
        0,
        0,
        3,
        0,
        2,
        0,
        3,
        0,
        0,
        0,
        4,
        0,
        3,
        0,
        2,
        0,
        2,
        0,
        0,
        0,
        0,
        0,
        1,
        0,
        3,
        0,
        1,
        0,
        2,
        0,
        3,
        0,
        2,
        0,
        4,
        0,
        0,
        0,
        1,
        0,
        1,
        0,
        1,
        0,
        1,
        0,
        1,
        0,
        1,
        0,
        1,
        0,
        1,
        0
    ],
    "makespan": 178,
    "normalized_makespan": 0.4697674418604651,
    "energy": 4714,
    "normalized_energy": 0,
    "tardiness": 23,
    "normalized_tardiness": 0.07876712328767123,
    "bestObjectiveFunction": 0.5485345651481364,
    "tiempo_por_iteracion": 0.3011914466891869
}