{
    "bestSolution": [
        5,
        1,
        4,
        2,
        1,
        0,
        4,
        0,
        7,
        0,
        10,
        2,
        5,
        1,
        15,
        2,
        9,
        0,
        15,
        1,
        17,
        0,
        8,
        1,
        16,
        2,
        17,
        0,
        14,
        0,
        13,
        1,
        1,
        0,
        3,
        0,
        0,
        0,
        4,
        0,
        14,
        2,
        1,
        1,
        2,
        1,
        9,
        1,
        13,
        2,
        19,
        1,
        19,
        2,
        2,
        1,
        10,
        1,
        6,
        0,
        13,
        0,
        11,
        2,
        9,
        0,
        19,
        2,
        13,
        2,
        4,
        0,
        2,
        2,
        7,
        1,
        12,
        0,
        7,
        0,
        19,
        0,
        5,
        1,
        18,
        0,
        4,
        2,
        15,
        2,
        13,
        0,
        2,
        0,
        8,
        2,
        15,
        0,
        0,
        0,
        3,
        1,
        10,
        2,
        18,
        0,
        14,
        2,
        8,
        1,
        16,
        0,
        0,
        0,
        10,
        1,
        3,
        1,
        11,
        0,
        1,
        0,
        9,
        2,
        18,
        0,
        12,
        0,
        11,
        0,
        8,
        2,
        7,
        1,
        10,
        0,
        15,
        0,
        6,
        1,
        19,
        1,
        9,
        0,
        5,
        2,
        3,
        0,
        14,
        2,
        0,
        1,
        17,
        0,
        6,
        0,
        16,
        1,
        5,
        2,
        6,
        1,
        18,
        2,
        12,
        0,
        16,
        2,
        17,
        1,
        12,
        1,
        0,
        0,
        11,
        2,
        3,
        1,
        7,
        2,
        6,
        1,
        8,
        0,
        18,
        1,
        14,
        0,
        16,
        1,
        11,
        2,
        2,
        0,
        1,
        1,
        17,
        1,
        12,
        1
    ],
    "makespan": 270,
    "normalized_makespan": 0.0857362552864283,
    "energy": 8993,
    "normalized_energy": 0.6699824458747806,
    "tardiness": 922,
    "normalized_tardiness": 0.34818731117824775,
    "bestObjectiveFunction": 1.1039060123394566,
    "tiempo_por_iteracion": 1.398921583561187
}