{
    "bestSolution": [
        4,
        2,
        4,
        2,
        0,
        0,
        0,
        2,
        1,
        1,
        2,
        3,
        3,
        0,
        3,
        4,
        3,
        2,
        2,
        2,
        0,
        3,
        1,
        0,
        2,
        4,
        1,
        0,
        0,
        1,
        3,
        4,
        1,
        2,
        3,
        1,
        1,
        1,
        2,
        2,
        4,
        4,
        3,
        2,
        4,
        2,
        4,
        2,
        2,
        2,
        0,
        3,
        4,
        3,
        4,
        1,
        4,
        0,
        0,
        4,
        0,
        3,
        3,
        1,
        1,
        0,
        3,
        4,
        2,
        4,
        2,
        2,
        1,
        4,
        3,
        3,
        2,
        0,
        3,
        2,
        0,
        3,
        4,
        0,
        0,
        1,
        1,
        3,
        2,
        1,
        4,
        0,
        1,
        2,
        2,
        1,
        1,
        0,
        0,
        1
    ],
    "makespan": 812,
    "normalized_makespan": 0.08074344911639245,
    "energy": 3247,
    "normalized_energy": 0.7063356164383562,
    "tardiness": 99,
    "normalized_tardiness": 0.014460999123575811,
    "bestObjectiveFunction": 0.8015400646783244,
    "tiempo_por_iteracion": 1.3102525583247548
}