{
    "bestSolution": [
        1,
        2,
        0,
        1,
        3,
        0,
        9,
        1,
        5,
        1,
        2,
        1,
        4,
        0,
        3,
        1,
        4,
        1,
        2,
        2,
        7,
        1,
        6,
        2,
        1,
        1,
        0,
        0,
        8,
        1,
        5,
        1,
        3,
        1,
        7,
        0,
        2,
        0,
        6,
        1,
        0,
        2,
        9,
        2,
        7,
        2,
        7,
        0,
        4,
        0,
        3,
        0,
        8,
        0,
        0,
        1,
        1,
        2,
        3,
        2,
        6,
        1,
        5,
        1,
        4,
        1,
        1,
        0,
        6,
        2,
        0,
        2,
        1,
        0,
        3,
        2,
        6,
        0,
        5,
        1,
        2,
        0,
        7,
        2,
        3,
        2,
        8,
        1,
        3,
        2,
        7,
        1,
        9,
        0,
        5,
        0,
        0,
        1,
        4,
        1,
        8,
        0,
        7,
        2,
        0,
        0,
        9,
        1,
        3,
        0,
        2,
        0,
        7,
        2,
        8,
        1,
        6,
        0,
        9,
        0,
        4,
        0,
        1,
        0,
        2,
        0,
        9,
        2,
        4,
        1,
        5,
        1,
        8,
        2,
        5,
        0,
        4,
        1,
        8,
        2,
        0,
        1,
        7,
        1,
        2,
        0,
        3,
        1,
        6,
        1,
        0,
        2,
        9,
        1,
        8,
        0,
        5,
        2,
        0,
        0,
        1,
        0,
        4,
        1,
        6,
        2,
        9,
        0,
        1,
        1,
        1,
        0,
        7,
        0,
        5,
        0,
        5,
        0,
        6,
        1,
        2,
        0,
        9,
        1,
        8,
        0,
        9,
        1,
        1,
        0,
        4,
        0,
        2,
        2,
        6,
        2,
        8,
        1,
        2,
        2
    ],
    "makespan": 1195,
    "normalized_makespan": 0.0718019680196802,
    "energy": 5911,
    "normalized_energy": 0.5943089430894309,
    "tardiness": 4566,
    "normalized_tardiness": 0.34411033235360616,
    "bestObjectiveFunction": 1.0102212434627174,
    "tiempo_por_iteracion": 0.9427801440743839
}