{
    "bestSolution": [
        0,
        4,
        3,
        1,
        3,
        2,
        4,
        1,
        1,
        1,
        0,
        1,
        2,
        1,
        2,
        1,
        1,
        2,
        4,
        0,
        3,
        1,
        1,
        4,
        1,
        1,
        0,
        0,
        2,
        1,
        4,
        0,
        3,
        1,
        0,
        4,
        4,
        1,
        2,
        1,
        3,
        1,
        1,
        1,
        4,
        0,
        0,
        1,
        2,
        0
    ],
    "makespan": 522,
    "normalized_makespan": 0.12345287210409393,
    "energy": 1499,
    "normalized_energy": 0.6079869600651997,
    "tardiness": 442,
    "normalized_tardiness": 0.1345919610231425,
    "bestObjectiveFunction": 0.8660317931924362,
    "tiempo_por_iteracion": 0.43421103118301985
}