{
    "bestSolution": [
        5,
        1,
        9,
        2,
        1,
        2,
        10,
        2,
        7,
        2,
        12,
        1,
        13,
        0,
        2,
        2,
        19,
        2,
        11,
        2,
        5,
        2,
        19,
        1,
        1,
        2,
        13,
        1,
        4,
        2,
        11,
        2,
        17,
        1,
        17,
        2,
        4,
        2,
        5,
        2,
        12,
        2,
        9,
        1,
        0,
        2,
        13,
        0,
        9,
        0,
        7,
        1,
        10,
        0,
        14,
        0,
        16,
        2,
        19,
        2,
        19,
        0,
        3,
        1,
        8,
        2,
        6,
        2,
        10,
        1,
        18,
        2,
        2,
        2,
        13,
        2,
        10,
        1,
        3,
        2,
        17,
        1,
        18,
        2,
        16,
        1,
        10,
        1,
        0,
        1,
        19,
        1,
        13,
        2,
        1,
        2,
        14,
        0,
        9,
        0,
        8,
        2,
        12,
        2,
        4,
        1,
        17,
        0,
        1,
        0,
        16,
        1,
        18,
        2,
        17,
        2,
        3,
        2,
        4,
        2,
        6,
        1,
        11,
        2,
        3,
        1,
        14,
        2,
        8,
        1,
        6,
        2,
        2,
        0,
        2,
        0,
        15,
        2,
        8,
        2,
        6,
        2,
        7,
        0,
        16,
        2,
        7,
        2,
        9,
        2,
        4,
        0,
        0,
        2,
        3,
        0,
        15,
        2,
        0,
        0,
        2,
        0,
        8,
        2,
        16,
        2,
        18,
        2,
        12,
        1,
        11,
        2,
        15,
        2,
        12,
        2,
        18,
        1,
        11,
        0,
        15,
        2,
        14,
        0,
        5,
        2,
        15,
        1,
        7,
        2,
        5,
        0,
        6,
        2,
        14,
        2,
        1,
        1,
        0,
        2
    ],
    "makespan": 1192,
    "normalized_makespan": 0.07417984768599883,
    "energy": 6786,
    "normalized_energy": 0.7859634721937205,
    "tardiness": 3331,
    "normalized_tardiness": 0.24076617275027104,
    "bestObjectiveFunction": 1.1009094926299905,
    "tiempo_por_iteracion": 2.034083902835846
}