{
    "bestSolution": [
        1,
        4,
        3,
        1,
        3,
        1,
        0,
        4,
        0,
        4,
        0,
        0,
        1,
        3,
        1,
        4,
        4,
        1,
        1,
        0,
        3,
        4,
        0,
        0,
        3,
        1,
        3,
        1,
        2,
        4,
        1,
        3,
        0,
        1,
        0,
        2,
        2,
        0,
        1,
        0,
        4,
        1,
        4,
        0,
        2,
        2,
        4,
        1,
        2,
        0,
        3,
        2,
        2,
        1,
        0,
        1,
        4,
        4,
        2,
        2,
        1,
        2,
        1,
        0,
        2,
        2,
        4,
        3,
        0,
        3,
        2,
        3,
        3,
        2,
        1,
        3,
        0,
        0,
        3,
        3,
        3,
        4,
        4,
        3,
        2,
        2,
        3,
        1,
        4,
        0,
        1,
        0,
        4,
        1,
        2,
        2,
        4,
        2,
        0,
        4
    ],
    "makespan": 225,
    "normalized_makespan": 0.14768683274021352,
    "energy": 4584,
    "normalized_energy": 0.7156084656084656,
    "tardiness": 258,
    "normalized_tardiness": 0.2180896027049873,
    "bestObjectiveFunction": 1.0813849010536665,
    "tiempo_por_iteracion": 1.2635746631982192
}