{
    "bestSolution": [
        3,
        0,
        4,
        0,
        1,
        0,
        1,
        0,
        4,
        0,
        5,
        0,
        2,
        0,
        6,
        0,
        6,
        0,
        6,
        0,
        1,
        0,
        5,
        0,
        6,
        0,
        8,
        0,
        3,
        0,
        1,
        0,
        7,
        0,
        1,
        0,
        4,
        0,
        6,
        0,
        4,
        0,
        5,
        0,
        4,
        0,
        2,
        0,
        2,
        0,
        0,
        0,
        7,
        0,
        2,
        0,
        2,
        0,
        5,
        0,
        8,
        0,
        7,
        0,
        8,
        0,
        5,
        0,
        8,
        0,
        0,
        0,
        3,
        0,
        7,
        0,
        7,
        0,
        3,
        0,
        9,
        0,
        0,
        0,
        9,
        0,
        9,
        0,
        3,
        0,
        9,
        0,
        0,
        0,
        8,
        0,
        9,
        0,
        0,
        0
    ],
    "makespan": 125,
    "normalized_makespan": 0.2326388888888889,
    "energy": 4663,
    "normalized_energy": 0,
    "tardiness": 153,
    "normalized_tardiness": 0.4421965317919075,
    "bestObjectiveFunction": 0.6748354206807964,
    "tiempo_por_iteracion": 0.48329272763482456
}