{
    "bestSolution": [
        6,
        0,
        0,
        2,
        8,
        2,
        3,
        2,
        5,
        2,
        5,
        1,
        7,
        2,
        0,
        1,
        0,
        0,
        3,
        2,
        1,
        1,
        1,
        2,
        9,
        2,
        0,
        2,
        7,
        2,
        1,
        1,
        2,
        2,
        1,
        1,
        2,
        1,
        0,
        0,
        5,
        2,
        5,
        2,
        8,
        1,
        4,
        2,
        9,
        2,
        4,
        2,
        3,
        1,
        7,
        2,
        1,
        0,
        7,
        1,
        7,
        0,
        6,
        2,
        6,
        0,
        5,
        2,
        1,
        2,
        5,
        1,
        6,
        2,
        4,
        1,
        2,
        2,
        9,
        2,
        5,
        2,
        4,
        1,
        2,
        1,
        9,
        1,
        0,
        1,
        6,
        2,
        5,
        1,
        8,
        1,
        2,
        1,
        9,
        0,
        4,
        1,
        2,
        2,
        3,
        2,
        1,
        1,
        2,
        1,
        4,
        2,
        6,
        1,
        0,
        1,
        3,
        2,
        8,
        1,
        8,
        2,
        4,
        1,
        0,
        2,
        4,
        1,
        7,
        2,
        3,
        2,
        2,
        0,
        1,
        1,
        6,
        2,
        6,
        2,
        2,
        1,
        8,
        1,
        3,
        2,
        3,
        2,
        0,
        2,
        2,
        0,
        3,
        0,
        4,
        1,
        6,
        0,
        7,
        2,
        5,
        2,
        9,
        1,
        4,
        1,
        7,
        2,
        1,
        2,
        8,
        0,
        9,
        2,
        8,
        1,
        9,
        1,
        7,
        2,
        9,
        1,
        6,
        2,
        3,
        0,
        1,
        2,
        8,
        0,
        5,
        2,
        0,
        1,
        8,
        2,
        7,
        2,
        9,
        1
    ],
    "makespan": 220,
    "normalized_makespan": 0.0602455871066769,
    "energy": 9343,
    "normalized_energy": 0.8801677651288197,
    "tardiness": 337,
    "normalized_tardiness": 0.12626451854627202,
    "bestObjectiveFunction": 1.0666778707817686,
    "tiempo_por_iteracion": 2.854074653826262
}