{
    "bestSolution": [
        0,
        1,
        1,
        1,
        1,
        1,
        4,
        1,
        0,
        1,
        1,
        1,
        3,
        3,
        3,
        2,
        0,
        0,
        4,
        0,
        2,
        3,
        0,
        2,
        2,
        3,
        3,
        4,
        4,
        4,
        1,
        4,
        0,
        0,
        3,
        1,
        4,
        0,
        2,
        2,
        1,
        1,
        2,
        1,
        4,
        2,
        2,
        4,
        3,
        2
    ],
    "makespan": 129,
    "normalized_makespan": 0.11815561959654179,
    "energy": 2273,
    "normalized_energy": 0.7828810020876826,
    "tardiness": 92,
    "normalized_tardiness": 0.1241565452091768,
    "bestObjectiveFunction": 1.0251931668934011,
    "tiempo_por_iteracion": 0.5248237873247157
}