{
    "status": "OPTIMAL_SOLUTION",
    "solution": {
        "objective": 0.2852039297409943,
        "start_time": [
            [
                382,
                929,
                686,
                0,
                203
            ],
            [
                1079,
                109,
                959,
                857,
                0
            ],
            [
                942,
                651,
                1030,
                340,
                824
            ],
            [
                636,
                497,
                0,
                952,
                1103
            ],
            [
                835,
                340,
                497,
                203,
                109
            ]
        ],
        "SpeedScaling": [
            [
                1,
                1,
                1,
                1,
                1
            ],
            [
                1,
                1,
                1,
                1,
                1
            ],
            [
                1,
                1,
                1,
                1,
                1
            ],
            [
                1,
                1,
                1,
                1,
                1
            ],
            [
                1,
                1,
                1,
                1,
                1
            ]
        ],
        "_output_item": "Objective function: 0.2852039297409943 + 2.081668171172169e-17 = 0.2852039297409943 \nObjective function : M-1147.0 + E-687.0 = 0.2852039297409943 \nStart Times: [382, 929, 686, 0, 203, 1079, 109, 959, 857, 0, 942, 651, 1030, 340, 824, 636, 497, 0, 952, 1103, 835, 340, 497, 203, 109]\nSpeed Scaling; [1, 1, 1, 1, 1, 1, 1, 1, 1, 1, 1, 1, 1, 1, 1, 1, 1, 1, 1, 1, 1, 1, 1, 1, 1]\n",
        "_checker": ""
    },
    "statistics": {
        "paths": 0,
        "flatIntVars": 301,
        "flatFloatVars": 29,
        "flatIntConstraints": 351,
        "flatFloatConstraints": 29,
        "evaluatedHalfReifiedConstraints": 100,
        "method": "minimize",
        "flatTime": 113.65899999999999,
        "objective": 0.285203929741,
        "objectiveBound": 0.285203929741,
        "nodes": 198,
        "solveTime": 251.9,
        "time": 227.0,
        "openNodes": 19,
        "nSolutions": 10
    }
}