{
    "bestSolution": [
        3,
        0,
        1,
        2,
        0,
        0,
        2,
        0,
        0,
        0,
        1,
        0,
        4,
        0,
        3,
        0,
        0,
        2,
        3,
        0,
        2,
        0,
        1,
        0,
        1,
        2,
        1,
        0,
        2,
        0,
        4,
        0,
        2,
        0,
        3,
        0,
        0,
        0,
        4,
        2,
        4,
        0,
        0,
        0,
        4,
        0,
        2,
        0,
        3,
        0
    ],
    "makespan": 951,
    "normalized_makespan": 0.22685323012801428,
    "energy": 886,
    "normalized_energy": 0.15818759936406995,
    "tardiness": 0,
    "normalized_tardiness": 0,
    "bestObjectiveFunction": 0.38504082949208424,
    "tiempo_por_iteracion": 0.8124057018395626
}