{
    "bestSolution": [
        1,
        4,
        1,
        1,
        7,
        2,
        5,
        3,
        7,
        1,
        3,
        2,
        5,
        2,
        0,
        1,
        0,
        2,
        1,
        2,
        7,
        4,
        9,
        4,
        4,
        2,
        2,
        1,
        8,
        2,
        6,
        2,
        3,
        1,
        2,
        2,
        9,
        1,
        7,
        1,
        4,
        1,
        6,
        4,
        8,
        0,
        5,
        1,
        6,
        4,
        0,
        1,
        1,
        2,
        3,
        1,
        4,
        1,
        0,
        1,
        8,
        1,
        5,
        1,
        7,
        3,
        6,
        1,
        9,
        2,
        1,
        4,
        0,
        4,
        4,
        0,
        8,
        1,
        2,
        4,
        2,
        0,
        5,
        3,
        4,
        3,
        6,
        1,
        8,
        0,
        3,
        1,
        9,
        0,
        2,
        3,
        3,
        2,
        9,
        0
    ],
    "makespan": 622,
    "normalized_makespan": 0.06830122591943957,
    "energy": 3275,
    "normalized_energy": 0.736690053652497,
    "tardiness": 563,
    "normalized_tardiness": 0.08035969169283472,
    "bestObjectiveFunction": 0.8853509712647712,
    "tiempo_por_iteracion": 0.4687750872238215
}