{
    "bestSolution": [
        0,
        0,
        6,
        0,
        3,
        2,
        5,
        1,
        7,
        2,
        3,
        0,
        7,
        0,
        5,
        2,
        8,
        2,
        6,
        0,
        7,
        0,
        8,
        1,
        2,
        2,
        4,
        2,
        4,
        1,
        2,
        1,
        5,
        0,
        6,
        2,
        9,
        2,
        9,
        1,
        0,
        1,
        4,
        2,
        1,
        1,
        0,
        1,
        5,
        1,
        6,
        2,
        1,
        0,
        8,
        1,
        7,
        0,
        2,
        1,
        4,
        0,
        6,
        1,
        1,
        1,
        9,
        1,
        5,
        0,
        1,
        2,
        4,
        2,
        1,
        0,
        9,
        2,
        3,
        2,
        8,
        0,
        2,
        2,
        9,
        2,
        3,
        0,
        0,
        2,
        0,
        0,
        2,
        2,
        8,
        2,
        7,
        0,
        3,
        2
    ],
    "makespan": 168,
    "normalized_makespan": 0.13680781758957655,
    "energy": 4638,
    "normalized_energy": 0.6957831325301205,
    "tardiness": 237,
    "normalized_tardiness": 0.24610591900311526,
    "bestObjectiveFunction": 1.0786968691228123,
    "tiempo_por_iteracion": 1.1337085835477139
}