{
    "bestSolution": [
        5,
        0,
        12,
        0,
        10,
        2,
        3,
        1,
        16,
        2,
        2,
        2,
        12,
        2,
        14,
        1,
        17,
        1,
        17,
        1,
        11,
        2,
        7,
        2,
        18,
        2,
        8,
        2,
        5,
        0,
        19,
        1,
        16,
        1,
        1,
        2,
        8,
        1,
        2,
        1,
        9,
        0,
        3,
        0,
        4,
        1,
        12,
        0,
        13,
        2,
        10,
        1,
        12,
        1,
        18,
        1,
        12,
        1,
        19,
        2,
        3,
        1,
        15,
        1,
        4,
        2,
        17,
        2,
        10,
        1,
        6,
        1,
        15,
        0,
        6,
        1,
        14,
        2,
        18,
        2,
        18,
        2,
        8,
        2,
        9,
        0,
        1,
        1,
        8,
        0,
        13,
        0,
        10,
        0,
        0,
        2,
        6,
        1,
        11,
        0,
        16,
        2,
        1,
        2,
        3,
        1,
        2,
        0,
        13,
        1,
        15,
        1,
        17,
        0,
        14,
        2,
        8,
        1,
        7,
        0,
        6,
        1,
        4,
        0,
        3,
        1,
        0,
        2,
        0,
        1,
        9,
        2,
        16,
        1,
        7,
        2,
        15,
        1,
        1,
        0,
        19,
        1,
        14,
        0,
        5,
        0,
        13,
        0,
        11,
        1,
        7,
        0,
        17,
        1,
        5,
        2,
        4,
        0,
        19,
        1,
        2,
        0,
        6,
        0,
        11,
        2,
        9,
        0,
        11,
        2,
        4,
        0,
        0,
        2,
        16,
        1,
        19,
        1,
        15,
        2,
        7,
        1,
        13,
        2,
        0,
        2,
        14,
        0,
        5,
        1,
        18,
        1,
        9,
        2,
        10,
        0,
        2,
        1,
        1,
        0
    ],
    "makespan": 260,
    "normalized_makespan": 0.0952175786299009,
    "energy": 9227,
    "normalized_energy": 0.7655172413793103,
    "tardiness": 697,
    "normalized_tardiness": 0.29533898305084744,
    "bestObjectiveFunction": 1.1560738030600586,
    "tiempo_por_iteracion": 1.1626122338431222
}