{
    "bestSolution": [
        2,
        0,
        4,
        4,
        4,
        0,
        2,
        0,
        1,
        0,
        1,
        4,
        0,
        0,
        3,
        0,
        2,
        0,
        0,
        4,
        4,
        0,
        3,
        0,
        0,
        0,
        1,
        0,
        4,
        0,
        4,
        0,
        2,
        0,
        2,
        0,
        2,
        0,
        3,
        4,
        1,
        0,
        1,
        0,
        0,
        0,
        1,
        0,
        4,
        0,
        4,
        4,
        0,
        0,
        3,
        3,
        3,
        4,
        1,
        0,
        3,
        0,
        0,
        0,
        0,
        0,
        4,
        0,
        1,
        0,
        2,
        0,
        4,
        4,
        3,
        0,
        1,
        4,
        3,
        2,
        0,
        4,
        2,
        3,
        4,
        0,
        0,
        4,
        3,
        0,
        0,
        0,
        2,
        4,
        3,
        4,
        1,
        0,
        2,
        0
    ],
    "makespan": 1341,
    "normalized_makespan": 0.17736347137436068,
    "energy": 2281,
    "normalized_energy": 0.2899751449875725,
    "tardiness": 0,
    "normalized_tardiness": 0,
    "bestObjectiveFunction": 0.4673386163619332,
    "tiempo_por_iteracion": 0.7758075299153802
}