{
    "bestSolution": [
        3,
        0,
        4,
        4,
        3,
        2,
        2,
        1,
        1,
        1,
        0,
        0,
        2,
        0,
        4,
        0,
        2,
        4,
        3,
        3,
        1,
        4,
        1,
        3,
        2,
        4,
        0,
        4,
        4,
        0,
        2,
        3,
        3,
        1,
        0,
        4,
        0,
        2,
        2,
        3,
        1,
        1,
        3,
        3,
        1,
        4,
        4,
        0,
        3,
        1,
        0,
        4,
        4,
        0,
        1,
        1,
        3,
        4,
        4,
        2,
        2,
        3,
        3,
        3,
        0,
        1,
        4,
        2,
        1,
        3,
        0,
        4,
        2,
        4,
        2,
        4,
        2,
        3,
        0,
        4,
        3,
        4,
        4,
        4,
        0,
        3,
        3,
        3,
        1,
        1,
        4,
        4,
        1,
        0,
        4,
        4,
        1,
        0,
        0,
        4
    ],
    "makespan": 184,
    "normalized_makespan": 0.10451505016722408,
    "energy": 4579,
    "normalized_energy": 0.7493917274939172,
    "tardiness": 142,
    "normalized_tardiness": 0.11314741035856574,
    "bestObjectiveFunction": 0.967054188019707,
    "tiempo_por_iteracion": 1.1277348298942094
}