{
    "bestSolution": [
        7,
        1,
        2,
        2,
        6,
        2,
        0,
        2,
        7,
        1,
        3,
        2,
        8,
        1,
        4,
        1,
        4,
        2,
        7,
        2,
        1,
        2,
        3,
        2,
        2,
        2,
        4,
        2,
        8,
        2,
        9,
        2,
        3,
        2,
        5,
        2,
        7,
        2,
        1,
        1,
        9,
        1,
        5,
        2,
        1,
        1,
        4,
        2,
        8,
        0,
        2,
        2,
        9,
        1,
        8,
        1,
        9,
        0,
        6,
        2,
        0,
        1,
        5,
        1,
        6,
        2,
        2,
        1,
        1,
        2,
        9,
        2,
        5,
        2,
        1,
        1,
        2,
        0,
        3,
        0,
        6,
        0,
        0,
        2,
        4,
        2,
        3,
        2,
        5,
        2,
        4,
        2,
        8,
        2,
        7,
        1,
        3,
        2,
        1,
        1,
        2,
        2,
        8,
        1,
        0,
        2,
        9,
        1,
        1,
        2,
        5,
        1,
        6,
        2,
        9,
        1,
        6,
        2,
        0,
        2,
        2,
        2,
        6,
        2,
        6,
        1,
        5,
        1,
        0,
        1,
        1,
        2,
        3,
        1,
        7,
        2,
        4,
        2,
        9,
        0,
        1,
        2,
        5,
        0,
        5,
        2,
        1,
        1,
        0,
        2,
        8,
        2,
        2,
        2,
        0,
        1,
        8,
        2,
        6,
        1,
        8,
        1,
        3,
        2,
        7,
        1,
        2,
        1,
        4,
        1,
        6,
        1,
        9,
        1,
        2,
        2,
        7,
        2,
        5,
        2,
        0,
        2,
        9,
        1,
        4,
        1,
        0,
        2,
        3,
        2,
        3,
        1,
        7,
        2,
        7,
        1,
        4,
        1,
        8,
        2
    ],
    "makespan": 722,
    "normalized_makespan": 0.02981940361192776,
    "energy": 7180,
    "normalized_energy": 0.8907004830917874,
    "tardiness": 13,
    "normalized_tardiness": 0.0008915100809216843,
    "bestObjectiveFunction": 0.9214113967846369,
    "tiempo_por_iteracion": 2.835001456110101
}