{
    "bestSolution": [
        2,
        0,
        0,
        0,
        16,
        0,
        10,
        0,
        14,
        0,
        18,
        0,
        0,
        0,
        8,
        0,
        4,
        0,
        18,
        0,
        2,
        0,
        11,
        0,
        4,
        0,
        1,
        0,
        2,
        0,
        8,
        0,
        5,
        0,
        10,
        0,
        11,
        0,
        2,
        0,
        10,
        0,
        18,
        0,
        6,
        0,
        6,
        0,
        13,
        0,
        0,
        0,
        9,
        0,
        4,
        0,
        8,
        0,
        8,
        0,
        19,
        0,
        5,
        0,
        1,
        0,
        12,
        0,
        11,
        0,
        16,
        0,
        17,
        0,
        8,
        0,
        16,
        0,
        6,
        0,
        2,
        0,
        15,
        0,
        12,
        0,
        18,
        0,
        16,
        0,
        0,
        0,
        5,
        0,
        10,
        0,
        13,
        0,
        19,
        0,
        19,
        0,
        17,
        0,
        1,
        0,
        14,
        0,
        12,
        0,
        0,
        0,
        3,
        0,
        7,
        0,
        11,
        0,
        18,
        0,
        14,
        0,
        9,
        0,
        17,
        0,
        7,
        0,
        13,
        0,
        7,
        0,
        9,
        0,
        15,
        0,
        1,
        0,
        12,
        0,
        15,
        0,
        4,
        0,
        5,
        0,
        9,
        0,
        13,
        0,
        19,
        0,
        6,
        0,
        3,
        0,
        12,
        0,
        13,
        0,
        7,
        0,
        16,
        0,
        5,
        0,
        3,
        0,
        9,
        0,
        11,
        0,
        3,
        0,
        17,
        0,
        14,
        0,
        7,
        0,
        6,
        0,
        4,
        0,
        19,
        0,
        17,
        0,
        1,
        0,
        15,
        0,
        3,
        0,
        15,
        0,
        14,
        0,
        10,
        0
    ],
    "makespan": 966,
    "normalized_makespan": 0.23449419568822555,
    "energy": 7223,
    "normalized_energy": 0,
    "tardiness": 2601,
    "normalized_tardiness": 0.7944410507025046,
    "bestObjectiveFunction": 1.0289352463907302,
    "tiempo_por_iteracion": 3.482069343328476
}