{
    "bestSolution": [
        18,
        0,
        2,
        2,
        14,
        0,
        19,
        0,
        15,
        0,
        0,
        2,
        14,
        0,
        14,
        0,
        4,
        0,
        9,
        2,
        11,
        0,
        6,
        0,
        16,
        0,
        17,
        0,
        1,
        0,
        8,
        2,
        8,
        2,
        11,
        2,
        15,
        2,
        4,
        0,
        8,
        0,
        1,
        2,
        12,
        2,
        10,
        2,
        13,
        0,
        12,
        0,
        19,
        0,
        9,
        0,
        3,
        2,
        19,
        0,
        15,
        0,
        3,
        2,
        8,
        0,
        16,
        0,
        2,
        2,
        19,
        2,
        17,
        2,
        5,
        2,
        10,
        2,
        12,
        2,
        4,
        2,
        6,
        0,
        18,
        2,
        3,
        0,
        13,
        0,
        11,
        2,
        9,
        0,
        10,
        2,
        2,
        2,
        16,
        0,
        16,
        0,
        3,
        0,
        4,
        2,
        6,
        0,
        18,
        0,
        9,
        0,
        0,
        1,
        10,
        0,
        6,
        2,
        7,
        0,
        11,
        0,
        3,
        2,
        13,
        0,
        12,
        0,
        7,
        0,
        17,
        0,
        4,
        0,
        5,
        0,
        0,
        0,
        2,
        2,
        5,
        0,
        0,
        0,
        14,
        0,
        1,
        0,
        11,
        0,
        5,
        2,
        1,
        0,
        17,
        2,
        12,
        0,
        13,
        0,
        15,
        0,
        18,
        2,
        18,
        0,
        14,
        0,
        2,
        0,
        7,
        0,
        1,
        1,
        5,
        2,
        19,
        0,
        7,
        0,
        10,
        2,
        6,
        0,
        7,
        2,
        17,
        2,
        16,
        0,
        0,
        1,
        8,
        0,
        9,
        0,
        13,
        2,
        15,
        0
    ],
    "makespan": 2398,
    "normalized_makespan": 0.17353831819240625,
    "energy": 4896,
    "normalized_energy": 0.37863282848956203,
    "tardiness": 0,
    "normalized_tardiness": 0,
    "bestObjectiveFunction": 0.5521711466819683,
    "tiempo_por_iteracion": 2.1399847098759244
}