{
    "bestSolution": [
        8,
        4,
        8,
        4,
        10,
        2,
        15,
        2,
        19,
        3,
        19,
        4,
        14,
        3,
        0,
        3,
        18,
        2,
        9,
        1,
        12,
        3,
        17,
        3,
        13,
        4,
        19,
        2,
        13,
        4,
        10,
        2,
        14,
        1,
        12,
        4,
        4,
        2,
        19,
        2,
        6,
        1,
        7,
        3,
        5,
        3,
        2,
        3,
        13,
        2,
        16,
        1,
        16,
        1,
        18,
        3,
        9,
        1,
        19,
        4,
        15,
        3,
        2,
        2,
        4,
        3,
        10,
        2,
        6,
        1,
        16,
        2,
        18,
        2,
        9,
        4,
        13,
        2,
        2,
        3,
        6,
        4,
        3,
        2,
        6,
        2,
        15,
        3,
        12,
        2,
        6,
        3,
        7,
        3,
        4,
        1,
        18,
        2,
        11,
        2,
        2,
        1,
        3,
        3,
        13,
        2,
        2,
        3,
        12,
        0,
        8,
        2,
        11,
        4,
        10,
        2,
        0,
        3,
        3,
        2,
        9,
        3,
        17,
        3,
        15,
        3,
        5,
        0,
        17,
        4,
        8,
        4,
        7,
        1,
        0,
        4,
        18,
        1,
        1,
        2,
        3,
        3,
        8,
        0,
        10,
        3,
        1,
        3,
        11,
        3,
        5,
        2,
        17,
        2,
        4,
        4,
        11,
        3,
        14,
        1,
        5,
        2,
        1,
        3,
        4,
        0,
        15,
        2,
        7,
        2,
        17,
        2,
        0,
        1,
        14,
        2,
        5,
        2,
        0,
        1,
        1,
        1,
        9,
        1,
        3,
        2,
        7,
        2,
        16,
        2,
        1,
        1,
        16,
        2,
        14,
        3,
        11,
        1,
        12,
        3
    ],
    "makespan": 950,
    "normalized_makespan": 0.059429775069585494,
    "energy": 7099,
    "normalized_energy": 0.8442655935613682,
    "tardiness": 2727,
    "normalized_tardiness": 0.20270571619713076,
    "bestObjectiveFunction": 1.1064010848280845,
    "tiempo_por_iteracion": 2.7943015461382656
}