{
    "bestSolution": [
        9,
        1,
        2,
        2,
        7,
        1,
        2,
        1,
        7,
        1,
        8,
        2,
        3,
        0,
        8,
        1,
        6,
        1,
        4,
        0,
        2,
        0,
        3,
        1,
        7,
        2,
        0,
        1,
        6,
        0,
        7,
        0,
        3,
        1,
        8,
        0,
        9,
        0,
        0,
        0,
        0,
        2,
        0,
        0,
        4,
        2,
        7,
        1,
        7,
        2,
        5,
        0,
        7,
        1,
        4,
        0,
        2,
        2,
        6,
        2,
        1,
        0,
        1,
        1,
        1,
        1,
        4,
        2,
        9,
        0,
        5,
        1,
        9,
        0,
        7,
        2,
        3,
        0,
        9,
        1,
        0,
        1,
        5,
        2,
        6,
        1,
        2,
        2,
        7,
        1,
        4,
        1,
        9,
        1,
        3,
        1,
        5,
        0,
        1,
        2,
        8,
        2,
        2,
        2,
        7,
        1,
        2,
        1,
        3,
        1,
        4,
        2,
        8,
        1,
        5,
        2,
        9,
        1,
        6,
        2,
        5,
        1,
        6,
        1,
        4,
        2,
        8,
        1,
        2,
        0,
        8,
        2,
        0,
        1,
        4,
        2,
        2,
        1,
        3,
        0,
        4,
        2,
        5,
        0,
        9,
        0,
        6,
        2,
        2,
        2,
        8,
        2,
        1,
        1,
        4,
        1,
        3,
        1,
        5,
        2,
        1,
        2,
        9,
        1,
        6,
        0,
        0,
        2,
        3,
        2,
        1,
        2,
        3,
        0,
        6,
        1,
        6,
        2,
        8,
        0,
        0,
        1,
        5,
        2,
        9,
        1,
        0,
        2,
        1,
        2,
        5,
        2,
        0,
        1,
        8,
        2,
        1,
        2,
        1,
        2
    ],
    "makespan": 1084,
    "normalized_makespan": 0.05621645147250834,
    "energy": 6479,
    "normalized_energy": 0.7329672564571893,
    "tardiness": 2275,
    "normalized_tardiness": 0.16140475345867328,
    "bestObjectiveFunction": 0.9505884613883708,
    "tiempo_por_iteracion": 1.579626441001892
}