{
    "bestSolution": [
        3,
        0,
        2,
        0,
        1,
        0,
        3,
        0,
        2,
        0,
        0,
        0,
        3,
        0,
        0,
        0,
        0,
        0,
        0,
        0,
        4,
        0,
        0,
        0,
        2,
        0,
        4,
        0,
        4,
        0,
        1,
        0,
        2,
        0,
        3,
        0,
        1,
        0,
        4,
        0,
        2,
        0,
        1,
        0,
        3,
        0,
        1,
        0,
        4,
        0
    ],
    "makespan": 278,
    "normalized_makespan": 0.17584369449378331,
    "energy": 1868,
    "normalized_energy": 0,
    "tardiness": 0,
    "normalized_tardiness": 0.0,
    "bestObjectiveFunction": 0.17584369449378331,
    "tiempo_por_iteracion": 0.4751699640039812
}