{
    "bestSolution": [
        2,
        0,
        2,
        0,
        3,
        0,
        2,
        0,
        3,
        0,
        0,
        0,
        3,
        0,
        1,
        0,
        2,
        0,
        4,
        0,
        0,
        0,
        0,
        0,
        2,
        0,
        0,
        0,
        4,
        0,
        3,
        0,
        1,
        0,
        4,
        0,
        1,
        0,
        4,
        0,
        0,
        0,
        1,
        0,
        3,
        0,
        4,
        0,
        1,
        0
    ],
    "makespan": 270,
    "normalized_makespan": 0.16163410301953818,
    "energy": 1868,
    "normalized_energy": 0,
    "tardiness": 0,
    "normalized_tardiness": 0.0,
    "bestObjectiveFunction": 0.16163410301953818,
    "tiempo_por_iteracion": 0.3383960723876953
}