{
    "bestSolution": [
        1,
        0,
        3,
        0,
        2,
        0,
        1,
        0,
        0,
        0,
        3,
        0,
        4,
        0,
        1,
        0,
        4,
        0,
        1,
        0,
        0,
        0,
        4,
        0,
        4,
        0,
        2,
        0,
        4,
        0,
        2,
        0,
        1,
        0,
        2,
        0,
        3,
        0,
        0,
        0,
        1,
        0,
        3,
        0,
        2,
        0,
        3,
        0,
        0,
        0,
        4,
        0,
        0,
        0,
        2,
        0,
        3,
        0,
        2,
        0,
        0,
        0,
        1,
        0,
        1,
        0,
        4,
        0,
        4,
        0,
        4,
        0,
        0,
        0,
        4,
        0,
        2,
        0,
        3,
        0,
        2,
        0,
        3,
        0,
        1,
        0,
        3,
        0,
        2,
        0,
        0,
        0,
        0,
        0,
        1,
        0,
        0,
        0,
        3,
        0
    ],
    "makespan": 484,
    "normalized_makespan": 0.08897338403041825,
    "energy": 3600,
    "normalized_energy": 0,
    "tardiness": 0,
    "normalized_tardiness": 0.0,
    "bestObjectiveFunction": 0.08897338403041825,
    "tiempo_por_iteracion": 1.682953029870987
}