{
    "bestSolution": [
        4,
        0,
        0,
        0,
        1,
        0,
        4,
        0,
        2,
        0,
        4,
        0,
        0,
        0,
        3,
        0,
        0,
        0,
        0,
        0,
        3,
        0,
        4,
        0,
        3,
        0,
        1,
        0,
        0,
        0,
        2,
        0,
        1,
        0,
        3,
        0,
        2,
        0,
        1,
        0,
        4,
        0,
        1,
        0,
        2,
        0,
        2,
        0,
        3,
        0
    ],
    "makespan": 275,
    "normalized_makespan": 0.06548672566371681,
    "energy": 1831,
    "normalized_energy": 0,
    "tardiness": 0,
    "normalized_tardiness": 0,
    "bestObjectiveFunction": 0.06548672566371681,
    "tiempo_por_iteracion": 0.934030294418335
}