{
    "bestSolution": [
        3,
        3,
        1,
        2,
        4,
        3,
        1,
        0,
        2,
        0,
        2,
        4,
        2,
        3,
        2,
        0,
        1,
        0,
        3,
        1,
        2,
        4,
        3,
        4,
        4,
        4,
        4,
        3,
        4,
        1,
        3,
        1,
        0,
        0,
        2,
        4,
        2,
        1,
        2,
        2,
        2,
        1,
        1,
        4,
        0,
        1,
        0,
        4,
        3,
        2,
        0,
        3,
        0,
        1,
        3,
        2,
        1,
        1,
        3,
        0,
        1,
        2,
        4,
        0,
        4,
        1,
        4,
        3,
        1,
        0,
        1,
        2,
        0,
        0,
        0,
        1,
        2,
        2,
        3,
        0,
        3,
        2,
        1,
        1,
        4,
        1,
        0,
        3,
        1,
        4,
        0,
        4,
        0,
        3,
        4,
        4,
        4,
        4,
        3,
        2
    ],
    "makespan": 643,
    "normalized_makespan": 0.06715792999497572,
    "energy": 3250,
    "normalized_energy": 0.6827442827442828,
    "tardiness": 3,
    "normalized_tardiness": 0.0004828585224529213,
    "bestObjectiveFunction": 0.7503850712617114,
    "tiempo_por_iteracion": 1.2162742796398345
}