{
    "bestSolution": [
        3,
        3,
        1,
        0,
        4,
        4,
        0,
        1,
        4,
        4,
        4,
        1,
        1,
        0,
        3,
        0,
        0,
        4,
        0,
        4,
        2,
        3,
        4,
        3,
        3,
        0,
        1,
        0,
        3,
        1,
        2,
        2,
        0,
        3,
        1,
        1,
        0,
        1,
        1,
        2,
        0,
        1,
        2,
        4,
        4,
        0,
        4,
        4,
        0,
        0,
        4,
        3,
        3,
        3,
        3,
        1,
        4,
        3,
        2,
        0,
        1,
        4,
        2,
        2,
        1,
        2,
        2,
        3,
        0,
        1,
        2,
        4,
        3,
        4,
        4,
        2,
        2,
        4,
        3,
        4,
        0,
        4,
        4,
        4,
        1,
        1,
        3,
        4,
        1,
        0,
        3,
        1,
        1,
        3,
        2,
        3,
        2,
        3,
        0,
        2
    ],
    "makespan": 184,
    "normalized_makespan": 0.10090237899917966,
    "energy": 4596,
    "normalized_energy": 0.7647058823529411,
    "tardiness": 106,
    "normalized_tardiness": 0.0828125,
    "bestObjectiveFunction": 0.9484207613521207,
    "tiempo_por_iteracion": 0.9183462214984482
}