{
    "bestSolution": [
        19,
        0,
        8,
        0,
        6,
        0,
        12,
        0,
        0,
        0,
        10,
        0,
        13,
        0,
        10,
        0,
        14,
        0,
        13,
        0,
        15,
        0,
        7,
        0,
        12,
        0,
        6,
        0,
        15,
        0,
        17,
        0,
        2,
        0,
        3,
        0,
        13,
        0,
        16,
        0,
        19,
        0,
        15,
        0,
        8,
        0,
        3,
        0,
        7,
        0,
        4,
        0,
        6,
        0,
        9,
        0,
        16,
        0,
        16,
        0,
        1,
        0,
        5,
        0,
        3,
        0,
        0,
        0,
        4,
        0,
        12,
        0,
        0,
        0,
        4,
        0,
        18,
        0,
        18,
        0,
        11,
        0,
        2,
        0,
        1,
        0,
        13,
        0,
        17,
        0,
        7,
        0,
        8,
        0,
        9,
        0,
        14,
        0,
        0,
        0,
        14,
        0,
        17,
        0,
        4,
        0,
        11,
        0,
        5,
        0,
        18,
        0,
        10,
        0,
        17,
        0,
        7,
        0,
        11,
        0,
        16,
        0,
        1,
        0,
        14,
        0,
        5,
        0,
        2,
        0,
        12,
        0,
        19,
        0,
        13,
        0,
        5,
        0,
        9,
        0,
        6,
        0,
        2,
        0,
        19,
        0,
        11,
        0,
        5,
        0,
        18,
        0,
        1,
        0,
        15,
        0,
        11,
        0,
        9,
        0,
        16,
        0,
        15,
        0,
        14,
        0,
        9,
        0,
        1,
        0,
        17,
        0,
        3,
        0,
        8,
        0,
        2,
        0,
        18,
        0,
        7,
        0,
        0,
        0,
        8,
        0,
        10,
        0,
        19,
        0,
        4,
        0,
        6,
        0,
        12,
        0,
        3,
        0,
        10,
        0
    ],
    "makespan": 200,
    "normalized_makespan": 0.2722222222222222,
    "energy": 9420,
    "normalized_energy": 0,
    "tardiness": 286,
    "normalized_tardiness": 0.4822934232715008,
    "bestObjectiveFunction": 0.754515645493723,
    "tiempo_por_iteracion": 1.1005941140024285
}