{
    "bestSolution": [
        1,
        2,
        1,
        1,
        3,
        1,
        4,
        0,
        3,
        1,
        0,
        2,
        2,
        0,
        0,
        0,
        2,
        2,
        3,
        0,
        0,
        0,
        3,
        1,
        3,
        1,
        1,
        1,
        2,
        0,
        4,
        0,
        1,
        0,
        4,
        1,
        4,
        1,
        2,
        1,
        2,
        0,
        0,
        0,
        1,
        2,
        4,
        1,
        1,
        1,
        3,
        0,
        4,
        0,
        1,
        1,
        4,
        1,
        2,
        0,
        3,
        1,
        0,
        0,
        0,
        2,
        2,
        0,
        1,
        0,
        4,
        1,
        2,
        1,
        0,
        0,
        3,
        1,
        2,
        1,
        4,
        0,
        0,
        1,
        2,
        1,
        0,
        1,
        3,
        1,
        3,
        2,
        1,
        0,
        1,
        0,
        0,
        0,
        4,
        2
    ],
    "makespan": 849,
    "normalized_makespan": 0.0953291885860035,
    "energy": 2805,
    "normalized_energy": 0.5379061371841155,
    "tardiness": 555,
    "normalized_tardiness": 0.08507050889025138,
    "bestObjectiveFunction": 0.7183058346603703,
    "tiempo_por_iteracion": 0.8232913667505438
}