{
    "bestSolution": [
        2,
        1,
        0,
        1,
        4,
        0,
        3,
        3,
        4,
        2,
        4,
        1,
        2,
        3,
        0,
        1,
        1,
        4,
        0,
        0,
        3,
        4,
        2,
        1,
        4,
        0,
        3,
        4,
        3,
        1,
        1,
        1,
        1,
        0,
        2,
        2,
        4,
        1,
        0,
        3,
        2,
        3,
        1,
        1,
        1,
        4,
        0,
        4,
        3,
        0
    ],
    "makespan": 395,
    "normalized_makespan": 0.09128014842300557,
    "energy": 1715,
    "normalized_energy": 0.7088830255057168,
    "tardiness": 115,
    "normalized_tardiness": 0.04043600562587905,
    "bestObjectiveFunction": 0.8405991795546014,
    "tiempo_por_iteracion": 0.8330544405861905
}