{
    "bestSolution": [
        0,
        0,
        3,
        4,
        7,
        2,
        5,
        1,
        6,
        3,
        1,
        0,
        2,
        4,
        3,
        4,
        8,
        1,
        6,
        1,
        4,
        2,
        0,
        2,
        0,
        3,
        2,
        1,
        9,
        1,
        1,
        4,
        0,
        1,
        3,
        1,
        7,
        1,
        8,
        2,
        7,
        2,
        1,
        1,
        5,
        3,
        7,
        1,
        2,
        2,
        6,
        1,
        8,
        1,
        5,
        4,
        2,
        2,
        0,
        0,
        3,
        1,
        3,
        0,
        2,
        1,
        1,
        0,
        7,
        2,
        4,
        2,
        9,
        1,
        9,
        3,
        5,
        0,
        4,
        1,
        6,
        1,
        8,
        0,
        6,
        4,
        4,
        0,
        1,
        1,
        8,
        1,
        9,
        4,
        5,
        2,
        4,
        1,
        9,
        0
    ],
    "makespan": 667,
    "normalized_makespan": 0.06655199788303784,
    "energy": 3049,
    "normalized_energy": 0.6950383219039935,
    "tardiness": 1301,
    "normalized_tardiness": 0.16847966847966847,
    "bestObjectiveFunction": 0.9300699882666997,
    "tiempo_por_iteracion": 0.804418399810791
}