{
    "bestSolution": [
        1,
        2,
        1,
        0,
        1,
        1,
        1,
        0,
        4,
        1,
        3,
        0,
        0,
        1,
        0,
        1,
        2,
        0,
        0,
        0,
        2,
        1,
        4,
        2,
        3,
        0,
        4,
        0,
        2,
        0,
        2,
        2,
        3,
        1,
        1,
        2,
        1,
        1,
        3,
        0,
        0,
        1,
        2,
        1,
        4,
        2,
        1,
        1,
        4,
        1,
        2,
        0,
        0,
        0,
        1,
        1,
        2,
        1,
        3,
        2,
        3,
        1,
        4,
        0,
        4,
        0,
        1,
        0,
        0,
        0,
        0,
        1,
        3,
        0,
        2,
        2,
        4,
        2,
        4,
        2,
        0,
        1,
        4,
        0,
        1,
        0,
        0,
        0,
        2,
        0,
        3,
        0,
        2,
        2,
        3,
        1,
        0,
        2,
        3,
        1
    ],
    "makespan": 989,
    "normalized_makespan": 0.08903467666354264,
    "energy": 2670,
    "normalized_energy": 0.5457476823861346,
    "tardiness": 623,
    "normalized_tardiness": 0.07994353907352753,
    "bestObjectiveFunction": 0.7147258981232048,
    "tiempo_por_iteracion": 0.5238265435672501
}