{
    "bestSolution": [
        6,
        1,
        15,
        0,
        16,
        0,
        8,
        2,
        4,
        2,
        6,
        1,
        9,
        0,
        5,
        0,
        18,
        0,
        13,
        2,
        12,
        2,
        9,
        2,
        0,
        0,
        7,
        1,
        6,
        2,
        16,
        0,
        15,
        0,
        15,
        0,
        14,
        2,
        8,
        1,
        17,
        0,
        3,
        2,
        17,
        0,
        5,
        0,
        14,
        1,
        14,
        0,
        11,
        0,
        5,
        0,
        7,
        0,
        10,
        0,
        17,
        1,
        1,
        0,
        4,
        1,
        10,
        1,
        10,
        0,
        1,
        2,
        3,
        0,
        7,
        1,
        2,
        1,
        16,
        0,
        18,
        0,
        5,
        0,
        2,
        0,
        7,
        1,
        1,
        0,
        9,
        0,
        19,
        0,
        19,
        0,
        13,
        0,
        1,
        1,
        6,
        1,
        12,
        0,
        18,
        2,
        0,
        0,
        19,
        0,
        13,
        0,
        10,
        0,
        11,
        2,
        14,
        2,
        5,
        1,
        8,
        0,
        0,
        1,
        4,
        2,
        9,
        0,
        2,
        0,
        0,
        0,
        2,
        0,
        15,
        1,
        8,
        0,
        14,
        2,
        3,
        0,
        1,
        0,
        17,
        1,
        8,
        0,
        4,
        0,
        12,
        1,
        18,
        0,
        19,
        0,
        16,
        0,
        13,
        1,
        2,
        0,
        19,
        0,
        13,
        0,
        4,
        0,
        18,
        0,
        17,
        2,
        9,
        0,
        11,
        1,
        0,
        1,
        15,
        0,
        3,
        0,
        12,
        0,
        6,
        0,
        11,
        0,
        12,
        0,
        7,
        0,
        16,
        1,
        3,
        1,
        10,
        0,
        11,
        0
    ],
    "makespan": 584,
    "normalized_makespan": 0.24524886877828053,
    "energy": 8462,
    "normalized_energy": 0.23513870541611626,
    "tardiness": 0,
    "normalized_tardiness": 0,
    "bestObjectiveFunction": 0.4803875741943968,
    "tiempo_por_iteracion": 0.9940820124841505
}