{
    "bestSolution": [
        2,
        0,
        2,
        2,
        0,
        0,
        3,
        1,
        1,
        1,
        2,
        1,
        4,
        1,
        3,
        0,
        1,
        0,
        0,
        1,
        2,
        0,
        1,
        1,
        2,
        1,
        2,
        2,
        1,
        1,
        4,
        0,
        1,
        0,
        0,
        0,
        0,
        2,
        3,
        1,
        3,
        1,
        4,
        2,
        3,
        0,
        2,
        0,
        0,
        1,
        1,
        1,
        0,
        0,
        3,
        1,
        2,
        2,
        4,
        2,
        0,
        2,
        2,
        1,
        0,
        2,
        3,
        1,
        1,
        1,
        4,
        2,
        0,
        1,
        1,
        2,
        3,
        1,
        1,
        1,
        0,
        1,
        3,
        2,
        4,
        1,
        1,
        1,
        1,
        1,
        2,
        1,
        4,
        0,
        1,
        1,
        0,
        1,
        2,
        1,
        1,
        0,
        3,
        1,
        1,
        2,
        2,
        2,
        2,
        0,
        4,
        1,
        3,
        2,
        4,
        2,
        3,
        1,
        4,
        1,
        0,
        1,
        2,
        1,
        1,
        1,
        1,
        2,
        0,
        2,
        3,
        1,
        0,
        0,
        3,
        1,
        0,
        2,
        2,
        0,
        4,
        1,
        1,
        1,
        1,
        0,
        4,
        1,
        2,
        0,
        0,
        1,
        0,
        1,
        3,
        0,
        3,
        2,
        3,
        1,
        3,
        2,
        4,
        1,
        2,
        0,
        2,
        2,
        4,
        1,
        4,
        0,
        3,
        2,
        4,
        2,
        1,
        0,
        1,
        1,
        4,
        1,
        4,
        2,
        0,
        0,
        0,
        1,
        4,
        2,
        0,
        0,
        2,
        1,
        4,
        1,
        3,
        0,
        2,
        0
    ],
    "makespan": 1600,
    "normalized_makespan": 0.08339946040311062,
    "energy": 6413,
    "normalized_energy": 0.6911252305800369,
    "tardiness": 2200,
    "normalized_tardiness": 0.1672876587331762,
    "bestObjectiveFunction": 0.9418123497163238,
    "tiempo_por_iteracion": 1.264312748770112
}