{
    "bestSolution": [
        0,
        0,
        0,
        1,
        0,
        1,
        2,
        2,
        4,
        0,
        3,
        2,
        1,
        2,
        3,
        0,
        2,
        3,
        2,
        0,
        1,
        0,
        3,
        3,
        1,
        0,
        2,
        2,
        2,
        1,
        1,
        1,
        3,
        3,
        3,
        0,
        1,
        4,
        4,
        1,
        0,
        0,
        4,
        3,
        3,
        4,
        1,
        3,
        1,
        0,
        3,
        0,
        0,
        2,
        0,
        4,
        1,
        2,
        2,
        0,
        4,
        0,
        2,
        2,
        0,
        4,
        0,
        0,
        0,
        0,
        4,
        3,
        3,
        2,
        4,
        0,
        0,
        4,
        2,
        0,
        3,
        0,
        2,
        2,
        1,
        0,
        0,
        3,
        4,
        0,
        0,
        1,
        0,
        0,
        1,
        0,
        2,
        0,
        0,
        0,
        3,
        2,
        4,
        0,
        3,
        0,
        1,
        0,
        4,
        0,
        1,
        4,
        3,
        0,
        4,
        3,
        0,
        0,
        3,
        1,
        2,
        0,
        4,
        2,
        1,
        0,
        4,
        0,
        3,
        3,
        2,
        0,
        3,
        0,
        3,
        0,
        1,
        0,
        4,
        4,
        2,
        4,
        1,
        0,
        2,
        0,
        1,
        0,
        3,
        1,
        0,
        0,
        4,
        2,
        3,
        0,
        1,
        4,
        1,
        0,
        0,
        0,
        4,
        1,
        2,
        0,
        4,
        0,
        2,
        4,
        4,
        2,
        2,
        0,
        4,
        4,
        2,
        4,
        0,
        2,
        2,
        1,
        0,
        2,
        1,
        3,
        4,
        0,
        3,
        0,
        2,
        2,
        3,
        3,
        1,
        1,
        4,
        3,
        0,
        0
    ],
    "makespan": 1985,
    "normalized_makespan": 0.11395016664021584,
    "energy": 5171,
    "normalized_energy": 0.4365648698503792,
    "tardiness": 0,
    "normalized_tardiness": 0,
    "bestObjectiveFunction": 0.5505150364905951,
    "tiempo_por_iteracion": 1.1342210277267124
}