{
    "bestSolution": [
        2,
        0,
        9,
        0,
        13,
        1,
        16,
        1,
        15,
        0,
        0,
        0,
        8,
        0,
        3,
        2,
        19,
        2,
        2,
        1,
        14,
        0,
        8,
        0,
        1,
        0,
        14,
        0,
        6,
        0,
        2,
        1,
        7,
        2,
        12,
        0,
        1,
        1,
        7,
        2,
        13,
        0,
        16,
        0,
        10,
        0,
        16,
        0,
        15,
        0,
        14,
        0,
        0,
        1,
        17,
        0,
        19,
        0,
        11,
        0,
        1,
        0,
        17,
        0,
        14,
        0,
        17,
        0,
        8,
        0,
        15,
        0,
        1,
        0,
        9,
        1,
        6,
        0,
        18,
        0,
        6,
        0,
        5,
        2,
        2,
        1,
        9,
        0,
        19,
        1,
        15,
        0,
        5,
        2,
        5,
        2,
        1,
        2,
        11,
        2,
        9,
        0,
        4,
        0,
        0,
        0,
        18,
        0,
        11,
        0,
        3,
        0,
        17,
        1,
        8,
        1,
        3,
        0,
        13,
        0,
        12,
        2,
        7,
        1,
        10,
        2,
        17,
        0,
        12,
        0,
        6,
        0,
        10,
        1,
        10,
        1,
        16,
        0,
        10,
        0,
        18,
        0,
        3,
        0,
        19,
        1,
        4,
        1,
        3,
        1,
        11,
        2,
        18,
        1,
        18,
        2,
        4,
        2,
        5,
        0,
        6,
        0,
        13,
        1,
        9,
        0,
        12,
        0,
        16,
        1,
        13,
        0,
        4,
        2,
        7,
        0,
        12,
        0,
        2,
        0,
        7,
        1,
        8,
        0,
        0,
        2,
        19,
        0,
        14,
        0,
        15,
        2,
        11,
        2,
        4,
        1,
        0,
        0,
        5,
        0
    ],
    "makespan": 2739,
    "normalized_makespan": 0.20515048582036496,
    "energy": 4860,
    "normalized_energy": 0.36216105176663926,
    "tardiness": 0,
    "normalized_tardiness": 0,
    "bestObjectiveFunction": 0.5673115375870043,
    "tiempo_por_iteracion": 1.4295788606007893
}