{
    "bestSolution": [
        7,
        2,
        3,
        0,
        1,
        0,
        9,
        0,
        1,
        0,
        6,
        0,
        3,
        2,
        3,
        0,
        1,
        0,
        5,
        0,
        9,
        0,
        9,
        1,
        2,
        0,
        7,
        0,
        4,
        1,
        0,
        0,
        8,
        0,
        6,
        0,
        9,
        2,
        0,
        0,
        2,
        2,
        8,
        0,
        8,
        0,
        4,
        0,
        3,
        1,
        7,
        0,
        7,
        2,
        2,
        2,
        0,
        0,
        6,
        0,
        4,
        0,
        3,
        0,
        5,
        0,
        7,
        0,
        8,
        0,
        0,
        2,
        5,
        0,
        2,
        0,
        6,
        0,
        1,
        0,
        5,
        1,
        8,
        0,
        5,
        0,
        1,
        0,
        0,
        0,
        4,
        0,
        6,
        0,
        4,
        2,
        2,
        0,
        9,
        0
    ],
    "makespan": 362,
    "normalized_makespan": 0.2796248934356351,
    "energy": 4085,
    "normalized_energy": 0.059366754617414245,
    "tardiness": 0,
    "normalized_tardiness": 0,
    "bestObjectiveFunction": 0.3389916480530494,
    "tiempo_por_iteracion": 0.7221807617890207
}