{
    "bestSolution": [
        7,
        4,
        1,
        0,
        0,
        0,
        0,
        4,
        8,
        0,
        9,
        0,
        8,
        0,
        5,
        0,
        7,
        0,
        2,
        0,
        8,
        0,
        1,
        0,
        0,
        0,
        9,
        0,
        6,
        4,
        2,
        0,
        6,
        1,
        5,
        4,
        4,
        0,
        4,
        0,
        5,
        4,
        3,
        0,
        9,
        4,
        2,
        4,
        1,
        0,
        6,
        4,
        8,
        0,
        2,
        0,
        7,
        1,
        8,
        4,
        3,
        0,
        6,
        3,
        4,
        0,
        1,
        0,
        3,
        0,
        4,
        0,
        7,
        4,
        4,
        0,
        2,
        4,
        3,
        4,
        7,
        0,
        0,
        4,
        5,
        0,
        9,
        0,
        9,
        0,
        5,
        4,
        1,
        0,
        0,
        4,
        6,
        0,
        3,
        0
    ],
    "makespan": 1400,
    "normalized_makespan": 0.1967161351436691,
    "energy": 2343,
    "normalized_energy": 0.33360622185837085,
    "tardiness": 0,
    "normalized_tardiness": 0,
    "bestObjectiveFunction": 0.5303223570020399,
    "tiempo_por_iteracion": 1.2922260975226378
}