{
    "bestSolution": [
        8,
        2,
        2,
        1,
        2,
        3,
        0,
        2,
        7,
        4,
        1,
        2,
        4,
        4,
        3,
        1,
        4,
        1,
        5,
        0,
        6,
        1,
        5,
        1,
        8,
        3,
        0,
        4,
        3,
        2,
        9,
        4,
        8,
        2,
        2,
        4,
        1,
        2,
        6,
        1,
        7,
        2,
        6,
        3,
        3,
        4,
        1,
        4,
        7,
        1,
        9,
        3,
        0,
        4,
        7,
        2,
        2,
        1,
        3,
        2,
        4,
        1,
        3,
        2,
        3,
        1,
        0,
        2,
        9,
        1,
        8,
        3,
        4,
        2,
        1,
        4,
        6,
        1,
        2,
        1,
        0,
        4,
        9,
        3,
        7,
        1,
        1,
        4,
        4,
        2,
        6,
        1,
        2,
        1,
        3,
        3,
        6,
        2,
        9,
        3,
        5,
        0,
        5,
        2,
        2,
        3,
        1,
        4,
        7,
        0,
        4,
        4,
        1,
        3,
        2,
        2,
        9,
        3,
        6,
        1,
        4,
        4,
        5,
        4,
        0,
        3,
        5,
        2,
        0,
        2,
        8,
        4,
        1,
        2,
        0,
        0,
        7,
        4,
        8,
        4,
        8,
        2,
        3,
        2,
        9,
        2,
        8,
        2,
        6,
        2,
        9,
        4,
        5,
        2,
        1,
        3,
        1,
        2,
        6,
        3,
        5,
        2,
        4,
        3,
        6,
        4,
        4,
        0,
        8,
        1,
        7,
        3,
        8,
        2,
        2,
        1,
        0,
        4,
        0,
        3,
        3,
        3,
        9,
        3,
        2,
        1,
        7,
        2,
        3,
        3,
        4,
        3,
        7,
        0,
        5,
        2,
        5,
        3,
        9,
        2
    ],
    "makespan": 862,
    "normalized_makespan": 0.04586867734841345,
    "energy": 7117,
    "normalized_energy": 0.8315897435897436,
    "tardiness": 1387,
    "normalized_tardiness": 0.10661029976940815,
    "bestObjectiveFunction": 0.9840687207075652,
    "tiempo_por_iteracion": 2.8964185127313584
}