{
    "bestSolution": [
        5,
        4,
        3,
        1,
        4,
        1,
        1,
        2,
        8,
        1,
        3,
        3,
        7,
        2,
        6,
        2,
        1,
        1,
        4,
        4,
        3,
        3,
        2,
        1,
        1,
        0,
        0,
        1,
        4,
        1,
        6,
        2,
        8,
        1,
        7,
        1,
        1,
        3,
        0,
        2,
        5,
        1,
        3,
        2,
        9,
        2,
        9,
        2,
        4,
        2,
        7,
        1,
        8,
        4,
        2,
        2,
        0,
        2,
        3,
        4,
        4,
        1,
        6,
        3,
        2,
        2,
        8,
        4,
        6,
        0,
        1,
        1,
        4,
        1,
        8,
        4,
        5,
        0,
        4,
        1,
        2,
        2,
        0,
        3,
        5,
        1,
        3,
        1,
        7,
        0,
        1,
        1,
        8,
        2,
        5,
        1,
        4,
        3,
        1,
        3,
        2,
        1,
        6,
        4,
        3,
        1,
        7,
        4,
        6,
        3,
        3,
        3,
        0,
        1,
        9,
        3,
        4,
        0,
        7,
        1,
        1,
        1,
        7,
        3,
        8,
        1,
        0,
        3,
        5,
        1,
        6,
        1,
        6,
        3,
        3,
        2,
        4,
        2,
        9,
        1,
        8,
        3,
        9,
        3,
        5,
        3,
        0,
        2,
        2,
        0,
        0,
        4,
        9,
        1,
        7,
        1,
        2,
        0,
        2,
        0,
        1,
        1,
        8,
        3,
        2,
        1,
        5,
        0,
        7,
        4,
        9,
        0,
        9,
        4,
        0,
        2,
        9,
        1,
        5,
        0,
        7,
        4,
        6,
        0,
        9,
        1,
        8,
        0,
        3,
        0,
        6,
        1,
        2,
        1,
        1,
        3,
        0,
        0,
        5,
        1
    ],
    "makespan": 897,
    "normalized_makespan": 0.04861765629908891,
    "energy": 6551,
    "normalized_energy": 0.7154871794871794,
    "tardiness": 1852,
    "normalized_tardiness": 0.1423520368946964,
    "bestObjectiveFunction": 0.9064568726809648,
    "tiempo_por_iteracion": 1.2256367351069595
}