{
    "bestSolution": [
        2,
        0,
        5,
        0,
        9,
        2,
        3,
        1,
        5,
        1,
        7,
        0,
        0,
        1,
        5,
        2,
        1,
        2,
        0,
        2,
        8,
        0,
        7,
        1,
        0,
        1,
        4,
        0,
        1,
        2,
        8,
        0,
        7,
        0,
        6,
        0,
        9,
        0,
        3,
        0,
        6,
        2,
        5,
        2,
        1,
        0,
        6,
        0,
        4,
        1,
        0,
        0,
        8,
        1,
        9,
        0,
        4,
        2,
        7,
        0,
        3,
        1,
        0,
        0,
        5,
        0,
        6,
        1,
        2,
        0,
        7,
        1,
        4,
        0,
        9,
        0,
        6,
        1,
        8,
        0,
        1,
        0,
        2,
        1,
        2,
        1,
        8,
        0,
        4,
        2,
        1,
        2,
        9,
        2,
        3,
        0,
        3,
        1,
        2,
        1
    ],
    "makespan": 897,
    "normalized_makespan": 0.10074523875241513,
    "energy": 2690,
    "normalized_energy": 0.5262515262515263,
    "tardiness": 2446,
    "normalized_tardiness": 0.3299608795359504,
    "bestObjectiveFunction": 0.9569576445398917,
    "tiempo_por_iteracion": 0.5465445436983027
}