{
    "bestSolution": [
        2,
        0,
        1,
        0,
        0,
        0,
        2,
        1,
        0,
        2,
        3,
        0,
        4,
        0,
        1,
        0,
        2,
        0,
        1,
        1,
        2,
        1,
        3,
        1,
        3,
        2,
        0,
        1,
        4,
        2,
        3,
        1,
        4,
        0,
        1,
        1,
        4,
        1,
        3,
        1,
        4,
        0,
        2,
        0,
        0,
        0,
        0,
        0,
        1,
        1
    ],
    "makespan": 94,
    "normalized_makespan": 0.10973451327433628,
    "energy": 2268,
    "normalized_energy": 0.6734177215189874,
    "tardiness": 132,
    "normalized_tardiness": 0.22110552763819097,
    "bestObjectiveFunction": 1.0042577624315145,
    "tiempo_por_iteracion": 0.388508015087256
}