{
    "bestSolution": [
        2,
        2,
        0,
        0,
        1,
        0,
        1,
        2,
        0,
        1,
        2,
        1,
        2,
        2,
        4,
        1,
        3,
        1,
        0,
        0,
        1,
        0,
        2,
        1,
        3,
        1,
        4,
        0,
        3,
        1,
        3,
        1,
        2,
        0,
        0,
        0,
        0,
        2,
        4,
        1,
        1,
        1,
        3,
        2,
        4,
        1,
        4,
        2,
        1,
        2
    ],
    "makespan": 91,
    "normalized_makespan": 0.10442477876106195,
    "energy": 2270,
    "normalized_energy": 0.6784810126582278,
    "tardiness": 138,
    "normalized_tardiness": 0.23115577889447236,
    "bestObjectiveFunction": 1.014061570313762,
    "tiempo_por_iteracion": 0.4708378182517158
}