{
    "bestSolution": [
        3,
        0,
        2,
        0,
        4,
        0,
        1,
        0,
        2,
        1,
        0,
        0,
        3,
        1,
        0,
        0,
        4,
        0,
        1,
        0,
        0,
        0,
        2,
        0,
        1,
        0,
        3,
        0,
        0,
        0,
        2,
        0,
        2,
        0,
        0,
        0,
        1,
        0,
        4,
        0,
        3,
        0,
        4,
        0,
        4,
        0,
        1,
        1,
        3,
        0
    ],
    "makespan": 1030,
    "normalized_makespan": 0.25994152046783625,
    "energy": 778,
    "normalized_energy": 0.08425196850393701,
    "tardiness": 0,
    "normalized_tardiness": 0,
    "bestObjectiveFunction": 0.34419348897177326,
    "tiempo_por_iteracion": 0.0015191292762756347
}