{
    "bestSolution": [
        19,
        4,
        18,
        1,
        2,
        2,
        0,
        4,
        19,
        2,
        6,
        2,
        13,
        3,
        0,
        4,
        3,
        3,
        15,
        1,
        12,
        1,
        4,
        3,
        9,
        2,
        10,
        2,
        11,
        4,
        8,
        1,
        18,
        3,
        15,
        1,
        3,
        2,
        1,
        2,
        7,
        4,
        11,
        1,
        9,
        4,
        17,
        1,
        14,
        4,
        12,
        2,
        5,
        0,
        3,
        2,
        12,
        4,
        17,
        4,
        19,
        4,
        15,
        1,
        13,
        3,
        17,
        4,
        18,
        1,
        16,
        0,
        1,
        2,
        3,
        4,
        14,
        3,
        16,
        4,
        6,
        2,
        2,
        2,
        7,
        4,
        19,
        1,
        15,
        2,
        9,
        1,
        12,
        1,
        8,
        3,
        6,
        3,
        5,
        1,
        11,
        4,
        16,
        1,
        11,
        2,
        9,
        2,
        4,
        3,
        15,
        3,
        16,
        0,
        0,
        3,
        4,
        4,
        19,
        2,
        6,
        2,
        3,
        4,
        0,
        1,
        7,
        1,
        8,
        2,
        18,
        4,
        1,
        2,
        16,
        2,
        6,
        2,
        5,
        2,
        8,
        1,
        18,
        2,
        5,
        3,
        4,
        2,
        13,
        3,
        13,
        4,
        5,
        4,
        14,
        1,
        2,
        3,
        10,
        0,
        12,
        4,
        4,
        4,
        7,
        4,
        17,
        0,
        1,
        1,
        8,
        1,
        2,
        3,
        2,
        3,
        9,
        3,
        13,
        3,
        1,
        3,
        7,
        4,
        10,
        3,
        14,
        1,
        10,
        3,
        0,
        1,
        11,
        2,
        17,
        1,
        14,
        1,
        10,
        2
    ],
    "makespan": 865,
    "normalized_makespan": 0.05120151924622014,
    "energy": 7068,
    "normalized_energy": 0.8420395421436004,
    "tardiness": 2596,
    "normalized_tardiness": 0.1873691808011548,
    "bestObjectiveFunction": 1.0806102421909753,
    "tiempo_por_iteracion": 1.827740369098527
}