{
    "bestSolution": [
        7,
        1,
        19,
        3,
        5,
        4,
        1,
        3,
        11,
        1,
        1,
        1,
        3,
        2,
        10,
        3,
        16,
        0,
        15,
        1,
        5,
        3,
        4,
        4,
        8,
        1,
        4,
        1,
        6,
        3,
        11,
        2,
        10,
        4,
        13,
        4,
        15,
        1,
        9,
        1,
        17,
        1,
        6,
        1,
        9,
        1,
        19,
        1,
        18,
        1,
        8,
        1,
        17,
        3,
        7,
        1,
        11,
        1,
        4,
        1,
        19,
        3,
        6,
        4,
        14,
        3,
        12,
        1,
        1,
        1,
        5,
        0,
        16,
        2,
        6,
        1,
        12,
        3,
        14,
        4,
        1,
        3,
        3,
        0,
        2,
        2,
        13,
        0,
        18,
        0,
        15,
        0,
        8,
        1,
        17,
        0,
        19,
        1,
        2,
        1,
        0,
        3,
        18,
        0,
        4,
        1,
        10,
        0,
        16,
        0,
        0,
        2,
        16,
        1,
        13,
        1,
        2,
        1,
        11,
        1,
        12,
        0,
        17,
        2,
        3,
        2,
        11,
        1,
        14,
        1,
        8,
        3,
        8,
        0,
        5,
        2,
        7,
        4,
        18,
        1,
        15,
        1,
        6,
        1,
        14,
        3,
        3,
        1,
        9,
        4,
        4,
        1,
        18,
        2,
        1,
        3,
        19,
        4,
        0,
        0,
        15,
        3,
        9,
        0,
        2,
        2,
        3,
        3,
        5,
        1,
        13,
        2,
        7,
        1,
        16,
        1,
        17,
        0,
        14,
        1,
        2,
        2,
        10,
        1,
        0,
        2,
        9,
        3,
        7,
        1,
        12,
        3,
        0,
        0,
        10,
        3,
        13,
        0,
        12,
        0
    ],
    "makespan": 1076,
    "normalized_makespan": 0.06661310349864875,
    "energy": 6352,
    "normalized_energy": 0.6930280957336108,
    "tardiness": 3790,
    "normalized_tardiness": 0.2735474557921328,
    "bestObjectiveFunction": 1.0331886550243925,
    "tiempo_por_iteracion": 1.1544506347785561
}