{
    "bestSolution": [
        0,
        2,
        3,
        0,
        1,
        3,
        0,
        3,
        4,
        4,
        3,
        4,
        4,
        4,
        1,
        4,
        3,
        2,
        0,
        0,
        1,
        4,
        1,
        3,
        4,
        1,
        4,
        4,
        3,
        4,
        1,
        2,
        2,
        2,
        4,
        4,
        3,
        4,
        1,
        1,
        2,
        1,
        0,
        4,
        2,
        1,
        4,
        4,
        3,
        3,
        3,
        4,
        4,
        4,
        2,
        2,
        2,
        2,
        2,
        2,
        1,
        1,
        2,
        3,
        0,
        3,
        4,
        2,
        4,
        2,
        0,
        0,
        0,
        4,
        2,
        1,
        1,
        0,
        1,
        4,
        3,
        2,
        3,
        4,
        0,
        1,
        0,
        2,
        4,
        0,
        2,
        1,
        2,
        4,
        1,
        1,
        0,
        0,
        3,
        2
    ],
    "makespan": 211,
    "normalized_makespan": 0.12305168170631665,
    "energy": 4616,
    "normalized_energy": 0.7897371714643304,
    "tardiness": 142,
    "normalized_tardiness": 0.1109375,
    "bestObjectiveFunction": 1.023726353170647,
    "tiempo_por_iteracion": 1.070950132735232
}