{
    "bestSolution": [
        3,
        2,
        4,
        1,
        0,
        1,
        1,
        2,
        4,
        1,
        0,
        1,
        2,
        0,
        3,
        2,
        3,
        0,
        1,
        0,
        4,
        2,
        0,
        1,
        0,
        2,
        4,
        1,
        2,
        2,
        3,
        0,
        1,
        2,
        2,
        2,
        2,
        1,
        3,
        0,
        0,
        1,
        4,
        0,
        3,
        2,
        0,
        0,
        3,
        0,
        2,
        0,
        1,
        0,
        2,
        2,
        4,
        0,
        1,
        1,
        1,
        2,
        2,
        1,
        4,
        2,
        0,
        0,
        1,
        2,
        2,
        0,
        0,
        1,
        1,
        2,
        4,
        1,
        4,
        2,
        3,
        0,
        2,
        1,
        3,
        0,
        0,
        0,
        4,
        0,
        1,
        0,
        0,
        0,
        2,
        2,
        1,
        0,
        3,
        2
    ],
    "makespan": 683,
    "normalized_makespan": 0.07977868998750669,
    "energy": 3119,
    "normalized_energy": 0.5882608695652174,
    "tardiness": 227,
    "normalized_tardiness": 0.038876519952046586,
    "bestObjectiveFunction": 0.7069160795047706,
    "tiempo_por_iteracion": 0.8086186451698417
}