{
    "bestSolution": [
        2,
        2,
        1,
        4,
        0,
        2,
        2,
        2,
        4,
        2,
        1,
        2,
        3,
        1,
        0,
        2,
        3,
        0,
        2,
        1,
        3,
        2,
        1,
        2,
        1,
        1,
        0,
        4,
        0,
        3,
        1,
        2,
        4,
        4,
        1,
        3,
        4,
        3,
        4,
        1,
        2,
        3,
        0,
        1,
        2,
        1,
        0,
        4,
        0,
        0,
        2,
        2,
        1,
        4,
        1,
        4,
        0,
        3,
        3,
        3,
        3,
        2,
        1,
        2,
        3,
        4,
        4,
        1,
        3,
        1,
        2,
        1,
        3,
        0,
        0,
        3,
        1,
        2,
        0,
        4,
        2,
        4,
        0,
        4,
        4,
        2,
        2,
        1,
        2,
        1,
        0,
        4,
        0,
        3,
        4,
        3,
        4,
        2,
        3,
        2,
        4,
        1,
        1,
        4,
        3,
        4,
        4,
        2,
        3,
        3,
        3,
        4,
        1,
        1,
        1,
        3,
        3,
        1,
        1,
        2,
        1,
        2,
        4,
        4,
        1,
        3,
        0,
        1,
        0,
        4,
        4,
        1,
        4,
        1,
        0,
        1,
        4,
        4,
        4,
        4,
        3,
        4,
        3,
        4,
        3,
        1,
        2,
        0,
        4,
        4,
        1,
        1,
        4,
        4,
        2,
        2,
        3,
        4,
        2,
        3,
        2,
        4,
        3,
        0,
        0,
        4,
        3,
        2,
        4,
        3,
        2,
        4,
        4,
        2,
        2,
        1,
        0,
        1,
        1,
        2,
        2,
        3,
        1,
        0,
        1,
        4,
        2,
        1,
        3,
        1,
        2,
        2,
        0,
        0,
        0,
        0,
        2,
        2,
        4,
        2
    ],
    "makespan": 1498,
    "normalized_makespan": 0.07972872384418163,
    "energy": 7046,
    "normalized_energy": 0.804559585492228,
    "tardiness": 596,
    "normalized_tardiness": 0.04720792079207921,
    "bestObjectiveFunction": 0.9314962301284888,
    "tiempo_por_iteracion": 2.2160973082418027
}