{
    "bestSolution": [
        3,
        1,
        1,
        1,
        1,
        0,
        4,
        0,
        3,
        0,
        0,
        0,
        0,
        0,
        2,
        1,
        0,
        0,
        4,
        0,
        2,
        0,
        2,
        0,
        3,
        0,
        0,
        0,
        1,
        0,
        3,
        0,
        2,
        0,
        1,
        0,
        4,
        0,
        3,
        0,
        4,
        0,
        0,
        1,
        2,
        0,
        0,
        2,
        2,
        1,
        3,
        0,
        1,
        0,
        0,
        0,
        4,
        0,
        1,
        1,
        3,
        0,
        0,
        0,
        1,
        0,
        0,
        0,
        4,
        0,
        2,
        0,
        2,
        0,
        4,
        0,
        1,
        0,
        3,
        0,
        2,
        0,
        3,
        2,
        4,
        2,
        3,
        0,
        1,
        0,
        4,
        1,
        0,
        0,
        1,
        0,
        4,
        0,
        2,
        2
    ],
    "makespan": 1618,
    "normalized_makespan": 0.20353443022547227,
    "energy": 1991,
    "normalized_energy": 0.16866438356164384,
    "tardiness": 0,
    "normalized_tardiness": 0,
    "bestObjectiveFunction": 0.3721988137871161,
    "tiempo_por_iteracion": 0.40833387655370373
}