{
    "status": "OPTIMAL_SOLUTION",
    "solution": {
        "objective": 0.4515441280981812,
        "start_time": [
            [
                70,
                127,
                118,
                264,
                335
            ],
            [
                115,
                343,
                153,
                191,
                220
            ],
            [
                171,
                82,
                231,
                310,
                159
            ],
            [
                191,
                37,
                88,
                345,
                248
            ],
            [
                101,
                167,
                264,
                219,
                68
            ]
        ],
        "SpeedScaling": [
            [
                1,
                1,
                1,
                1,
                1
            ],
            [
                1,
                1,
                1,
                1,
                1
            ],
            [
                1,
                1,
                1,
                1,
                1
            ],
            [
                1,
                1,
                1,
                1,
                1
            ],
            [
                1,
                1,
                1,
                1,
                1
            ]
        ],
        "_output_item": "Objective function normalized: M-0.3711151736745887 + E-0.0 + T-0.08042895442359249 = 0.4515441280981812 \nObjective function: M-402.0 + E-1857.0 + T-60.0 = 0.4515441280981812 \nStart Times: [70, 127, 118, 264, 335, 115, 343, 153, 191, 220, 171, 82, 231, 310, 159, 191, 37, 88, 345, 248, 101, 167, 264, 219, 68]\nSpeed Scaling; [1, 1, 1, 1, 1, 1, 1, 1, 1, 1, 1, 1, 1, 1, 1, 1, 1, 1, 1, 1, 1, 1, 1, 1, 1]\n",
        "_checker": ""
    },
    "statistics": {
        "paths": 0,
        "flatIntVars": 301,
        "flatFloatVars": 28,
        "flatIntConstraints": 451,
        "flatFloatConstraints": 28,
        "evaluatedHalfReifiedConstraints": 100,
        "method": "minimize",
        "flatTime": 94.25,
        "objective": 0.443866373247,
        "objectiveBound": 0.443866373247,
        "nodes": 1,
        "solveTime": 157.0,
        "time": 148.0,
        "nSolutions": 7
    }
}