{
    "bestSolution": [
        0,
        3,
        4,
        3,
        1,
        4,
        6,
        2,
        3,
        2,
        8,
        2,
        2,
        1,
        8,
        3,
        1,
        1,
        1,
        3,
        3,
        4,
        7,
        2,
        5,
        2,
        4,
        2,
        9,
        2,
        5,
        1,
        9,
        2,
        9,
        3,
        9,
        2,
        6,
        4,
        7,
        3,
        0,
        1,
        9,
        4,
        3,
        1,
        9,
        0,
        1,
        2,
        3,
        4,
        5,
        3,
        8,
        2,
        2,
        1,
        4,
        2,
        6,
        3,
        8,
        4,
        1,
        3,
        9,
        2,
        7,
        3,
        2,
        2,
        6,
        2,
        3,
        3,
        1,
        3,
        4,
        3,
        5,
        3,
        0,
        1,
        4,
        3,
        5,
        2,
        0,
        0,
        7,
        3,
        5,
        1,
        6,
        0,
        2,
        2,
        5,
        2,
        7,
        3,
        7,
        4,
        4,
        4,
        0,
        3,
        7,
        1,
        4,
        4,
        6,
        4,
        9,
        1,
        3,
        4,
        4,
        1,
        1,
        3,
        2,
        2,
        0,
        4,
        8,
        3,
        1,
        4,
        7,
        2,
        5,
        4,
        7,
        2,
        3,
        2,
        8,
        4,
        8,
        1,
        6,
        2,
        3,
        2,
        2,
        2,
        8,
        3,
        9,
        2,
        5,
        1,
        9,
        2,
        6,
        4,
        2,
        1,
        1,
        2,
        2,
        1,
        8,
        3,
        8,
        1,
        0,
        2,
        6,
        1,
        3,
        1,
        1,
        0,
        0,
        2,
        7,
        2,
        2,
        1,
        3,
        0,
        4,
        1,
        6,
        0,
        0,
        1,
        5,
        3,
        2,
        3,
        4,
        4,
        0,
        0
    ],
    "makespan": 851,
    "normalized_makespan": 0.04399845619451949,
    "energy": 6989,
    "normalized_energy": 0.815816017752673,
    "tardiness": 213,
    "normalized_tardiness": 0.016092475067996374,
    "bestObjectiveFunction": 0.8759069490151888,
    "tiempo_por_iteracion": 1.9344991915153735
}