{
    "status": "OPTIMAL_SOLUTION",
    "solution": {
        "objective": 0.9797612305910999,
        "start_time": [
            [
                110,
                105,
                100,
                111,
                117
            ],
            [
                32,
                56,
                109,
                0,
                76
            ],
            [
                96,
                94,
                75,
                117,
                111
            ],
            [
                111,
                20,
                97,
                85,
                84
            ],
            [
                81,
                77,
                61,
                75,
                85
            ]
        ],
        "SpeedScaling": [
            [
                1,
                2,
                2,
                2,
                2
            ],
            [
                1,
                1,
                2,
                1,
                2
            ],
            [
                1,
                3,
                4,
                2,
                1
            ],
            [
                1,
                2,
                1,
                1,
                1
            ],
            [
                2,
                2,
                3,
                4,
                3
            ]
        ],
        "_output_item": "Objective function normalized: M-0.1459016393442623 + E-0.6565656565656557 + T-0.177293934681182 = 0.9797612305910999 \nObjective function: M-122.0 + E-2259.0 + T-114.0 = 0.9797612305910999 \nStart Times: [110, 105, 100, 111, 117, 32, 56, 109, 0, 76, 96, 94, 75, 117, 111, 111, 20, 97, 85, 84, 81, 77, 61, 75, 85]\nSpeed Scaling; [1, 2, 2, 2, 2, 1, 1, 2, 1, 2, 1, 3, 4, 2, 1, 1, 2, 1, 1, 1, 2, 2, 3, 4, 3]\n",
        "_checker": ""
    },
    "statistics": {
        "paths": 0,
        "flatIntVars": 480,
        "flatFloatVars": 51,
        "flatIntConstraints": 561,
        "flatFloatConstraints": 51,
        "evaluatedHalfReifiedConstraints": 100,
        "method": "minimize",
        "flatTime": 103.357,
        "objective": 0.979761230591,
        "objectiveBound": 0.979761230591,
        "nodes": 2014,
        "solveTime": 2799.7000000000003,
        "time": 2382.0,
        "openNodes": 282,
        "nSolutions": 24
    }
}