{
    "bestSolution": [
        3,
        0,
        12,
        0,
        8,
        0,
        16,
        0,
        13,
        0,
        16,
        0,
        0,
        0,
        5,
        0,
        6,
        0,
        1,
        0,
        4,
        0,
        17,
        0,
        13,
        0,
        0,
        0,
        7,
        0,
        4,
        0,
        18,
        0,
        13,
        0,
        7,
        0,
        16,
        0,
        10,
        0,
        19,
        0,
        9,
        0,
        18,
        0,
        1,
        0,
        4,
        0,
        0,
        0,
        11,
        0,
        19,
        0,
        7,
        0,
        3,
        0,
        10,
        0,
        6,
        0,
        12,
        0,
        2,
        0,
        13,
        0,
        7,
        0,
        9,
        0,
        18,
        0,
        1,
        0,
        0,
        0,
        10,
        0,
        15,
        0,
        11,
        0,
        18,
        0,
        18,
        0,
        0,
        0,
        14,
        0,
        9,
        0,
        4,
        0,
        3,
        0,
        8,
        0,
        9,
        0,
        19,
        0,
        10,
        0,
        1,
        0,
        1,
        0,
        14,
        0,
        17,
        0,
        11,
        0,
        17,
        0,
        10,
        0,
        6,
        0,
        2,
        0,
        12,
        0,
        14,
        0,
        13,
        0,
        2,
        0,
        15,
        0,
        4,
        0,
        15,
        0,
        5,
        0,
        8,
        0,
        8,
        0,
        11,
        0,
        7,
        0,
        5,
        0,
        19,
        0,
        16,
        0,
        15,
        0,
        3,
        0,
        2,
        0,
        17,
        0,
        12,
        0,
        3,
        0,
        11,
        0,
        5,
        0,
        6,
        0,
        9,
        0,
        2,
        0,
        8,
        0,
        15,
        0,
        14,
        0,
        19,
        0,
        14,
        0,
        12,
        0,
        6,
        0,
        17,
        0,
        5,
        0,
        16,
        0
    ],
    "makespan": 721,
    "normalized_makespan": 0.18128654970760233,
    "energy": 7341,
    "normalized_energy": 0,
    "tardiness": 1836,
    "normalized_tardiness": 0.5920670751370526,
    "bestObjectiveFunction": 0.7733536248446549,
    "tiempo_por_iteracion": 0.7350949368006746
}