{
    "bestSolution": [
        3,
        3,
        3,
        3,
        3,
        1,
        8,
        1,
        7,
        3,
        0,
        1,
        2,
        3,
        4,
        3,
        5,
        2,
        2,
        3,
        3,
        2,
        1,
        3,
        2,
        3,
        6,
        2,
        8,
        3,
        0,
        4,
        5,
        3,
        9,
        4,
        7,
        4,
        6,
        2,
        0,
        4,
        3,
        3,
        1,
        2,
        8,
        0,
        9,
        3,
        1,
        3,
        3,
        2,
        1,
        2,
        0,
        4,
        1,
        4,
        0,
        2,
        3,
        3,
        6,
        3,
        3,
        2,
        2,
        2,
        6,
        3,
        7,
        2,
        3,
        2,
        4,
        2,
        8,
        1,
        5,
        1,
        1,
        1,
        4,
        1,
        2,
        2,
        6,
        4,
        0,
        4,
        6,
        3,
        4,
        2,
        6,
        2,
        9,
        2,
        1,
        2,
        3,
        2,
        5,
        3,
        9,
        3,
        7,
        0,
        7,
        2,
        2,
        3,
        4,
        4,
        5,
        2,
        9,
        1,
        8,
        3,
        5,
        2,
        2,
        4,
        2,
        3,
        6,
        3,
        0,
        3,
        5,
        1,
        4,
        4,
        5,
        3,
        1,
        2,
        8,
        3,
        0,
        3,
        7,
        2,
        2,
        4,
        6,
        4,
        8,
        1,
        5,
        1,
        4,
        1,
        4,
        0,
        9,
        2,
        6,
        2,
        8,
        4,
        0,
        4,
        4,
        2,
        0,
        3,
        1,
        2,
        2,
        4,
        8,
        2,
        7,
        2,
        5,
        2,
        4,
        2,
        9,
        1,
        7,
        3,
        1,
        2,
        9,
        0,
        7,
        3,
        9,
        3,
        8,
        2,
        9,
        2,
        7,
        1
    ],
    "makespan": 743,
    "normalized_makespan": 0.036522148916116874,
    "energy": 7273,
    "normalized_energy": 0.8635897435897436,
    "tardiness": 237,
    "normalized_tardiness": 0.018216756341275942,
    "bestObjectiveFunction": 0.9183286488471364,
    "tiempo_por_iteracion": 2.407354251393732
}