{
    "bestSolution": [
        3,
        4,
        2,
        0,
        2,
        0,
        0,
        1,
        1,
        0,
        4,
        1,
        4,
        4,
        0,
        3,
        1,
        3,
        3,
        4,
        2,
        4,
        1,
        3,
        1,
        2,
        4,
        1,
        2,
        2,
        0,
        3,
        2,
        0,
        0,
        4,
        0,
        4,
        3,
        0,
        1,
        4,
        1,
        0,
        2,
        4,
        2,
        4,
        3,
        0,
        0,
        4,
        1,
        4,
        0,
        1,
        3,
        4,
        4,
        0,
        3,
        0,
        2,
        1,
        1,
        4,
        1,
        0,
        2,
        1,
        4,
        2,
        0,
        0,
        0,
        3,
        2,
        0,
        4,
        1,
        3,
        4,
        3,
        4,
        0,
        0,
        4,
        4,
        3,
        4,
        4,
        4,
        1,
        0,
        3,
        3,
        4,
        4,
        4,
        4
    ],
    "makespan": 819,
    "normalized_makespan": 0.08102409638554217,
    "energy": 3056,
    "normalized_energy": 0.6611044894715932,
    "tardiness": 276,
    "normalized_tardiness": 0.03987863025574339,
    "bestObjectiveFunction": 0.7820072161128787,
    "tiempo_por_iteracion": 1.119085525211535
}