{
    "bestSolution": [
        7,
        4,
        5,
        4,
        9,
        0,
        0,
        0,
        2,
        2,
        2,
        3,
        6,
        1,
        4,
        2,
        3,
        4,
        0,
        4,
        2,
        3,
        3,
        1,
        4,
        4,
        0,
        2,
        4,
        4,
        6,
        0,
        7,
        2,
        4,
        1,
        7,
        4,
        5,
        2,
        2,
        3,
        5,
        0,
        4,
        1,
        2,
        0,
        8,
        2,
        3,
        4,
        8,
        2,
        1,
        4,
        8,
        1,
        5,
        2,
        8,
        1,
        9,
        4,
        9,
        4,
        6,
        3,
        9,
        3,
        3,
        1,
        7,
        0,
        8,
        2,
        5,
        0,
        2,
        3,
        9,
        1,
        2,
        3,
        6,
        1,
        1,
        3,
        1,
        2,
        6,
        2,
        7,
        4,
        3,
        3,
        3,
        2,
        7,
        3,
        4,
        0,
        9,
        4,
        0,
        0,
        3,
        2,
        6,
        4,
        4,
        4,
        9,
        3,
        1,
        3,
        5,
        3,
        7,
        2,
        4,
        2,
        1,
        3,
        3,
        4,
        7,
        4,
        6,
        2,
        3,
        2,
        2,
        4,
        1,
        4,
        6,
        3,
        1,
        4,
        8,
        3,
        0,
        1,
        1,
        4,
        2,
        4,
        4,
        0,
        0,
        4,
        6,
        3,
        0,
        2,
        6,
        1,
        0,
        4,
        7,
        4,
        1,
        1,
        5,
        4,
        2,
        1,
        3,
        0,
        0,
        1,
        8,
        1,
        4,
        3,
        8,
        4,
        9,
        0,
        9,
        4,
        0,
        2,
        5,
        1,
        8,
        3,
        8,
        1,
        9,
        2,
        5,
        2,
        7,
        4,
        5,
        4,
        1,
        2
    ],
    "makespan": 241,
    "normalized_makespan": 0.0549777117384844,
    "energy": 9226,
    "normalized_energy": 0.823258491652274,
    "tardiness": 527,
    "normalized_tardiness": 0.18922800718132854,
    "bestObjectiveFunction": 1.067464210572087,
    "tiempo_por_iteracion": 2.796116865199545
}