{
    "bestSolution": [
        9,
        0,
        0,
        3,
        6,
        0,
        7,
        3,
        8,
        3,
        6,
        0,
        7,
        0,
        5,
        0,
        4,
        2,
        4,
        2,
        7,
        2,
        7,
        3,
        3,
        4,
        0,
        1,
        0,
        0,
        1,
        3,
        7,
        2,
        3,
        4,
        1,
        2,
        2,
        2,
        0,
        0,
        0,
        3,
        5,
        0,
        8,
        0,
        0,
        3,
        1,
        0,
        6,
        3,
        2,
        0,
        7,
        1,
        6,
        2,
        4,
        1,
        9,
        2,
        5,
        3,
        5,
        2,
        2,
        1,
        3,
        0,
        9,
        3,
        8,
        4,
        6,
        4,
        4,
        1,
        3,
        1,
        1,
        2,
        2,
        3,
        9,
        1,
        6,
        3,
        7,
        2,
        2,
        1,
        2,
        2,
        4,
        4,
        7,
        3,
        0,
        0,
        8,
        4,
        3,
        2,
        6,
        3,
        9,
        4,
        2,
        3,
        1,
        4,
        0,
        2,
        2,
        1,
        3,
        3,
        7,
        3,
        8,
        2,
        0,
        3,
        4,
        1,
        6,
        0,
        9,
        4,
        4,
        3,
        8,
        2,
        2,
        3,
        7,
        1,
        4,
        0,
        3,
        0,
        1,
        1,
        1,
        2,
        8,
        0,
        1,
        4,
        9,
        3,
        9,
        0,
        6,
        3,
        6,
        2,
        8,
        4,
        3,
        3,
        1,
        4,
        8,
        0,
        0,
        2,
        3,
        1,
        8,
        1,
        1,
        1,
        5,
        0,
        5,
        3,
        2,
        1,
        5,
        0,
        4,
        0,
        3,
        2,
        5,
        4,
        9,
        1,
        5,
        3,
        5,
        1,
        9,
        1,
        4,
        0
    ],
    "makespan": 254,
    "normalized_makespan": 0.05980683506686479,
    "energy": 9095,
    "normalized_energy": 0.7478411053540587,
    "tardiness": 425,
    "normalized_tardiness": 0.1526032315978456,
    "bestObjectiveFunction": 0.9602511720187691,
    "tiempo_por_iteracion": 1.0496441008614712
}