{
    "bestSolution": [
        1,
        0,
        2,
        0,
        3,
        0,
        3,
        0,
        0,
        0,
        3,
        0,
        0,
        0,
        4,
        0,
        0,
        0,
        2,
        0,
        3,
        0,
        4,
        0,
        1,
        0,
        3,
        0,
        2,
        0,
        1,
        0,
        0,
        0,
        3,
        0,
        4,
        0,
        1,
        0,
        4,
        0,
        4,
        0,
        3,
        0,
        0,
        0,
        2,
        0,
        1,
        0,
        0,
        0,
        4,
        0,
        4,
        0,
        1,
        0,
        2,
        0,
        3,
        0,
        1,
        0,
        0,
        0,
        2,
        0,
        2,
        0,
        4,
        0,
        0,
        0,
        4,
        0,
        0,
        0,
        1,
        0,
        3,
        0,
        1,
        0,
        4,
        0,
        3,
        0,
        2,
        0,
        0,
        0,
        1,
        0,
        2,
        0,
        2,
        0
    ],
    "makespan": 849,
    "normalized_makespan": 0.2728512960436562,
    "energy": 3418,
    "normalized_energy": 0,
    "tardiness": 15,
    "normalized_tardiness": 0.007832898172323759,
    "bestObjectiveFunction": 0.28068419421597995,
    "tiempo_por_iteracion": 0.9679075513567243
}