{
    "status": "OPTIMAL_SOLUTION",
    "solution": {
        "objective": 0.3299711815561964,
        "start_time": [
            [
                32,
                80,
                18,
                123,
                55
            ],
            [
                55,
                21,
                0,
                101,
                123
            ],
            [
                69,
                232,
                54,
                0,
                188
            ],
            [
                203,
                171,
                204,
                54,
                245
            ],
            [
                12,
                0,
                107,
                88,
                101
            ]
        ],
        "SpeedScaling": [
            [
                1,
                1,
                1,
                1,
                1
            ],
            [
                1,
                1,
                1,
                1,
                1
            ],
            [
                1,
                1,
                1,
                1,
                1
            ],
            [
                1,
                1,
                1,
                1,
                1
            ],
            [
                1,
                1,
                1,
                1,
                1
            ]
        ],
        "_output_item": "Objective function: 0.329971181556196 + 4.440892098500626e-16 = 0.3299711815561964 \nObjective function : M-276.0 + E-1898.0 = 0.3299711815561964 \nStart Times: [32, 80, 18, 123, 55, 55, 21, 0, 101, 123, 69, 232, 54, 0, 188, 203, 171, 204, 54, 245, 12, 0, 107, 88, 101]\nSpeed Scaling; [1, 1, 1, 1, 1, 1, 1, 1, 1, 1, 1, 1, 1, 1, 1, 1, 1, 1, 1, 1, 1, 1, 1, 1, 1]\n",
        "_checker": ""
    },
    "statistics": {
        "paths": 0,
        "flatIntVars": 344,
        "flatFloatVars": 28,
        "flatIntConstraints": 347,
        "flatFloatConstraints": 28,
        "evaluatedHalfReifiedConstraints": 100,
        "method": "minimize",
        "flatTime": 79.033,
        "objective": 0.329971181556,
        "objectiveBound": 0.329971181556,
        "nodes": 235,
        "openNodes": 37,
        "solveTime": 47.0,
        "time": 126.0,
        "nSolutions": 4
    }
}