{
    "bestSolution": [
        8,
        0,
        0,
        1,
        3,
        0,
        1,
        1,
        6,
        1,
        7,
        1,
        7,
        1,
        4,
        2,
        9,
        1,
        0,
        2,
        3,
        1,
        8,
        1,
        1,
        1,
        9,
        2,
        0,
        1,
        7,
        1,
        0,
        2,
        9,
        2,
        4,
        2,
        6,
        2,
        6,
        2,
        8,
        1,
        4,
        1,
        6,
        1,
        0,
        2,
        1,
        2,
        7,
        0,
        8,
        2,
        3,
        1,
        9,
        1,
        2,
        2,
        8,
        2,
        1,
        1,
        5,
        2,
        4,
        1,
        6,
        1,
        8,
        2,
        7,
        1,
        1,
        1,
        5,
        2,
        7,
        2,
        3,
        1,
        8,
        2,
        0,
        1,
        6,
        2,
        5,
        0,
        2,
        2,
        3,
        2,
        3,
        2,
        5,
        0,
        4,
        1,
        7,
        1,
        1,
        2,
        4,
        2,
        1,
        2,
        1,
        1,
        8,
        2,
        0,
        2,
        7,
        1,
        0,
        2,
        2,
        1,
        6,
        2,
        8,
        1,
        5,
        1,
        2,
        1,
        9,
        1,
        2,
        1,
        9,
        2,
        2,
        1,
        5,
        1,
        2,
        0,
        3,
        1,
        4,
        1,
        6,
        2,
        7,
        2,
        3,
        1,
        1,
        1,
        2,
        1,
        2,
        2,
        6,
        1,
        9,
        2,
        4,
        1,
        4,
        1,
        7,
        0,
        4,
        2,
        5,
        2,
        9,
        0,
        3,
        1,
        8,
        1,
        0,
        2,
        5,
        2,
        1,
        2,
        9,
        2,
        2,
        2,
        6,
        2,
        5,
        1,
        0,
        1,
        9,
        1,
        3,
        0,
        5,
        2
    ],
    "makespan": 910,
    "normalized_makespan": 0.04963870562362551,
    "energy": 7275,
    "normalized_energy": 0.864,
    "tardiness": 1748,
    "normalized_tardiness": 0.13435818601076097,
    "bestObjectiveFunction": 1.0479968916343865,
    "tiempo_por_iteracion": 1.9061058990990938
}