{
    "bestSolution": [
        2,
        0,
        0,
        1,
        4,
        1,
        6,
        0,
        3,
        0,
        1,
        1,
        9,
        0,
        2,
        3,
        3,
        4,
        0,
        0,
        4,
        4,
        2,
        0,
        1,
        0,
        2,
        3,
        1,
        2,
        7,
        4,
        8,
        1,
        7,
        3,
        9,
        4,
        5,
        0,
        9,
        4,
        3,
        1,
        3,
        0,
        2,
        3,
        0,
        4,
        8,
        2,
        4,
        1,
        1,
        3,
        8,
        4,
        0,
        3,
        5,
        2,
        9,
        1,
        7,
        3,
        4,
        1,
        2,
        3,
        9,
        3,
        0,
        4,
        2,
        2,
        6,
        3,
        9,
        1,
        3,
        1,
        6,
        0,
        7,
        0,
        4,
        4,
        1,
        2,
        3,
        2,
        7,
        3,
        0,
        2,
        9,
        3,
        8,
        3,
        2,
        3,
        8,
        1,
        9,
        2,
        7,
        2,
        6,
        2,
        2,
        1,
        6,
        3,
        8,
        1,
        5,
        2,
        4,
        1,
        4,
        0,
        1,
        1,
        1,
        2,
        7,
        1,
        2,
        1,
        3,
        3,
        7,
        1,
        0,
        1,
        5,
        1,
        9,
        3,
        6,
        1,
        4,
        1,
        0,
        1,
        3,
        1,
        5,
        1,
        5,
        2,
        1,
        3,
        5,
        1,
        8,
        4,
        7,
        1,
        3,
        4,
        4,
        4,
        1,
        0,
        8,
        4,
        6,
        3,
        9,
        1,
        5,
        2,
        4,
        2,
        0,
        0,
        7,
        4,
        5,
        3,
        1,
        0,
        5,
        4,
        3,
        4,
        6,
        3,
        8,
        3,
        6,
        1,
        0,
        1,
        6,
        4,
        8,
        2
    ],
    "makespan": 163,
    "normalized_makespan": 0.04396092362344583,
    "energy": 9308,
    "normalized_energy": 0.8063063063063063,
    "tardiness": 271,
    "normalized_tardiness": 0.11701208981001728,
    "bestObjectiveFunction": 0.9672793197397694,
    "tiempo_por_iteracion": 1.0413379998711068
}