{
    "bestSolution": [
        6,
        1,
        3,
        1,
        5,
        1,
        0,
        1,
        9,
        4,
        7,
        3,
        4,
        0,
        8,
        0,
        9,
        4,
        0,
        3,
        7,
        2,
        1,
        2,
        0,
        1,
        2,
        1,
        8,
        2,
        0,
        1,
        5,
        3,
        4,
        3,
        9,
        4,
        2,
        4,
        9,
        1,
        7,
        2,
        4,
        2,
        1,
        1,
        3,
        1,
        8,
        3,
        6,
        3,
        4,
        2,
        3,
        2,
        9,
        4,
        7,
        1,
        1,
        4,
        2,
        3,
        3,
        4,
        0,
        2,
        6,
        2,
        3,
        3,
        4,
        3,
        2,
        3,
        8,
        0,
        7,
        2,
        5,
        0,
        1,
        4,
        6,
        1,
        5,
        1,
        1,
        0,
        8,
        3,
        2,
        1,
        6,
        0,
        5,
        3
    ],
    "makespan": 606,
    "normalized_makespan": 0.05492349941153393,
    "energy": 3173,
    "normalized_energy": 0.7610379550735864,
    "tardiness": 461,
    "normalized_tardiness": 0.058853568236946256,
    "bestObjectiveFunction": 0.8748150227220666,
    "tiempo_por_iteracion": 0.5804059754718434
}