{
    "bestSolution": [
        10,
        1,
        8,
        1,
        7,
        0,
        14,
        1,
        3,
        0,
        16,
        0,
        4,
        1,
        16,
        3,
        15,
        0,
        18,
        2,
        13,
        3,
        15,
        1,
        4,
        2,
        8,
        1,
        19,
        3,
        9,
        0,
        11,
        1,
        2,
        2,
        14,
        2,
        5,
        2,
        10,
        3,
        2,
        4,
        16,
        0,
        11,
        1,
        8,
        2,
        0,
        0,
        11,
        4,
        6,
        1,
        1,
        3,
        11,
        1,
        2,
        1,
        17,
        2,
        10,
        1,
        13,
        2,
        14,
        0,
        2,
        1,
        5,
        4,
        0,
        4,
        16,
        3,
        7,
        2,
        12,
        2,
        19,
        4,
        1,
        1,
        17,
        2,
        19,
        1,
        18,
        1,
        12,
        1,
        13,
        2,
        6,
        0,
        8,
        4,
        17,
        0,
        18,
        4,
        7,
        1,
        1,
        1,
        10,
        2,
        18,
        2,
        19,
        3,
        11,
        1,
        8,
        0,
        0,
        4,
        9,
        0,
        3,
        1,
        16,
        1,
        4,
        0,
        13,
        0,
        10,
        0,
        19,
        1,
        0,
        0,
        9,
        3,
        15,
        3,
        7,
        4,
        12,
        3,
        17,
        0,
        5,
        2,
        9,
        4,
        7,
        3,
        6,
        0,
        6,
        3,
        4,
        1,
        17,
        1,
        15,
        4,
        9,
        1,
        5,
        4,
        4,
        2,
        1,
        0,
        14,
        0,
        6,
        3,
        3,
        1,
        0,
        2,
        3,
        1,
        2,
        4,
        12,
        0,
        5,
        2,
        18,
        0,
        12,
        3,
        13,
        1,
        3,
        0,
        14,
        3,
        15,
        1,
        1,
        4
    ],
    "makespan": 263,
    "normalized_makespan": 0.08304498269896193,
    "energy": 9070,
    "normalized_energy": 0.7150380339379754,
    "tardiness": 759,
    "normalized_tardiness": 0.286631419939577,
    "bestObjectiveFunction": 1.0847144365765142,
    "tiempo_por_iteracion": 1.1627280427650972
}