{
    "bestSolution": [
        4,
        4,
        8,
        0,
        0,
        1,
        3,
        3,
        7,
        1,
        2,
        4,
        0,
        2,
        7,
        2,
        1,
        4,
        4,
        3,
        5,
        1,
        2,
        4,
        9,
        4,
        9,
        2,
        1,
        4,
        0,
        1,
        3,
        2,
        4,
        4,
        6,
        4,
        8,
        1,
        0,
        2,
        1,
        0,
        2,
        3,
        5,
        1,
        7,
        1,
        6,
        3,
        8,
        1,
        9,
        1,
        4,
        0,
        8,
        2,
        7,
        1,
        3,
        4,
        7,
        4,
        6,
        1,
        0,
        0,
        5,
        4,
        4,
        1,
        3,
        0,
        6,
        2,
        2,
        0,
        5,
        3,
        8,
        1,
        9,
        1,
        9,
        0,
        5,
        2,
        3,
        0,
        1,
        4,
        6,
        0,
        2,
        4,
        1,
        2
    ],
    "makespan": 564,
    "normalized_makespan": 0.05928509154315606,
    "energy": 3229,
    "normalized_energy": 0.734906037584966,
    "tardiness": 481,
    "normalized_tardiness": 0.06834327934072179,
    "bestObjectiveFunction": 0.8625344084688439,
    "tiempo_por_iteracion": 0.5152125473945371
}