{
    "bestSolution": [
        1,
        2,
        1,
        1,
        1,
        0,
        4,
        0,
        2,
        0,
        2,
        1,
        1,
        2,
        1,
        2,
        2,
        2,
        4,
        2,
        0,
        1,
        3,
        1,
        4,
        2,
        2,
        0,
        0,
        1,
        4,
        0,
        1,
        2,
        3,
        1,
        0,
        0,
        4,
        2,
        3,
        1,
        1,
        0,
        2,
        0,
        1,
        2,
        1,
        0,
        4,
        0,
        0,
        2,
        4,
        1,
        3,
        0,
        3,
        0,
        2,
        1,
        2,
        0,
        0,
        0,
        4,
        1,
        2,
        0,
        1,
        1,
        0,
        0,
        1,
        1,
        4,
        0,
        1,
        0,
        2,
        2,
        1,
        1,
        0,
        1,
        2,
        0,
        0,
        1,
        4,
        2,
        1,
        0,
        3,
        1,
        0,
        2,
        1,
        1,
        2,
        0,
        0,
        2,
        3,
        0,
        2,
        1,
        0,
        0,
        2,
        2,
        2,
        2,
        0,
        2,
        1,
        0,
        4,
        0,
        0,
        2,
        0,
        2,
        1,
        0,
        3,
        0,
        3,
        1,
        2,
        0,
        3,
        0,
        0,
        1,
        0,
        0,
        2,
        0,
        1,
        2,
        2,
        2,
        4,
        2,
        4,
        0,
        1,
        0,
        4,
        1,
        3,
        2,
        4,
        2,
        3,
        1,
        0,
        2,
        3,
        1,
        4,
        2,
        1,
        1,
        2,
        1,
        2,
        1,
        0,
        0,
        3,
        2,
        4,
        2,
        3,
        2,
        3,
        1,
        3,
        0,
        3,
        1,
        3,
        1,
        0,
        0,
        4,
        1,
        3,
        2,
        4,
        1,
        2,
        1,
        0,
        2,
        4,
        2
    ],
    "makespan": 295,
    "normalized_makespan": 0.08717253839205058,
    "energy": 9080,
    "normalized_energy": 0.6588996763754046,
    "tardiness": 336,
    "normalized_tardiness": 0.14507772020725387,
    "bestObjectiveFunction": 0.8911499349747091,
    "tiempo_por_iteracion": 1.56696046060986
}