{
    "bestSolution": [
        0,
        1,
        3,
        1,
        3,
        1,
        4,
        0,
        0,
        0,
        2,
        0,
        2,
        1,
        2,
        2,
        3,
        0,
        0,
        0,
        1,
        0,
        0,
        2,
        1,
        1,
        3,
        2,
        4,
        1,
        3,
        1,
        0,
        2,
        1,
        0,
        3,
        2,
        0,
        1,
        2,
        0,
        0,
        1,
        4,
        0,
        3,
        1,
        2,
        2,
        4,
        0,
        4,
        1,
        3,
        0,
        0,
        2,
        3,
        2,
        2,
        1,
        1,
        2,
        0,
        0,
        3,
        2,
        3,
        1,
        4,
        0,
        2,
        0,
        2,
        1,
        3,
        1,
        0,
        2,
        4,
        0,
        0,
        0,
        2,
        2,
        1,
        2,
        2,
        2,
        3,
        2,
        4,
        2,
        4,
        1,
        3,
        2,
        1,
        0,
        1,
        0,
        2,
        2,
        0,
        1,
        1,
        2,
        0,
        0,
        4,
        0,
        4,
        0,
        1,
        1,
        3,
        0,
        1,
        1,
        2,
        0,
        4,
        0,
        0,
        2,
        1,
        1,
        4,
        2,
        1,
        1,
        3,
        1,
        2,
        0,
        3,
        1,
        0,
        0,
        2,
        1,
        1,
        0,
        1,
        2,
        1,
        0,
        0,
        0,
        2,
        0,
        1,
        1,
        4,
        1,
        0,
        0,
        3,
        0,
        2,
        0,
        1,
        1,
        1,
        0,
        2,
        0,
        4,
        1,
        0,
        0,
        3,
        2,
        4,
        1,
        1,
        1,
        4,
        1,
        2,
        0,
        0,
        1,
        4,
        1,
        1,
        1,
        3,
        0,
        2,
        2,
        4,
        0,
        0,
        0,
        2,
        0,
        4,
        0
    ],
    "makespan": 1565,
    "normalized_makespan": 0.08537461102688901,
    "energy": 5720,
    "normalized_energy": 0.5507423225544031,
    "tardiness": 1119,
    "normalized_tardiness": 0.08589192508443352,
    "bestObjectiveFunction": 0.7220088586657257,
    "tiempo_por_iteracion": 1.545375121606363
}