{
    "bestSolution": [
        0,
        1,
        3,
        2,
        3,
        1,
        3,
        2,
        0,
        1,
        3,
        1,
        1,
        0,
        4,
        1,
        1,
        2,
        0,
        2,
        0,
        1,
        4,
        0,
        2,
        0,
        0,
        1,
        1,
        1,
        1,
        2,
        2,
        2,
        3,
        2,
        2,
        2,
        4,
        0,
        3,
        0,
        4,
        2,
        4,
        2,
        0,
        1,
        1,
        0,
        2,
        1,
        2,
        0,
        3,
        2,
        0,
        0,
        3,
        2,
        1,
        2,
        4,
        0,
        2,
        2,
        3,
        1,
        4,
        2,
        1,
        1,
        0,
        1,
        0,
        0,
        1,
        2,
        4,
        0,
        4,
        1,
        1,
        2,
        2,
        1,
        1,
        2,
        4,
        0,
        3,
        1,
        2,
        2,
        0,
        2,
        2,
        2,
        2,
        1
    ],
    "makespan": 848,
    "normalized_makespan": 0.08821245535020966,
    "energy": 3306,
    "normalized_energy": 0.7416326530612245,
    "tardiness": 767,
    "normalized_tardiness": 0.11415389194820658,
    "bestObjectiveFunction": 0.9439990003596408,
    "tiempo_por_iteracion": 1.2105366843087333
}