{
    "bestSolution": [
        4,
        0,
        0,
        0,
        0,
        4,
        0,
        0,
        4,
        0,
        2,
        0,
        3,
        0,
        1,
        2,
        4,
        2,
        0,
        0,
        3,
        1,
        1,
        0,
        2,
        0,
        0,
        2,
        1,
        0,
        4,
        1,
        2,
        0,
        3,
        0,
        3,
        0,
        4,
        0,
        0,
        0,
        0,
        0,
        3,
        2,
        2,
        0,
        3,
        3,
        2,
        3,
        1,
        3,
        4,
        0,
        2,
        0,
        0,
        2,
        0,
        0,
        2,
        1,
        2,
        0,
        0,
        0,
        4,
        1,
        3,
        0,
        3,
        4,
        1,
        4,
        3,
        0,
        4,
        0,
        0,
        0,
        4,
        1,
        3,
        0,
        3,
        0,
        2,
        1,
        1,
        2,
        2,
        0,
        1,
        0,
        3,
        0,
        1,
        0,
        1,
        1,
        1,
        2,
        2,
        1,
        0,
        2,
        4,
        1,
        4,
        0,
        0,
        3,
        0,
        0,
        4,
        1,
        0,
        2,
        3,
        1,
        2,
        2,
        2,
        3,
        1,
        0,
        1,
        0,
        0,
        1,
        3,
        0,
        1,
        3,
        1,
        1,
        0,
        3,
        1,
        0,
        2,
        4,
        3,
        2,
        4,
        0,
        2,
        1,
        3,
        0,
        4,
        3,
        4,
        0,
        4,
        1,
        1,
        0,
        2,
        1,
        4,
        0,
        4,
        2,
        0,
        1,
        1,
        0,
        0,
        2,
        4,
        1,
        2,
        0,
        3,
        0,
        2,
        1,
        3,
        0,
        1,
        3,
        0,
        0,
        2,
        1,
        4,
        3,
        1,
        0,
        2,
        0,
        3,
        2,
        3,
        0,
        1,
        0
    ],
    "makespan": 2050,
    "normalized_makespan": 0.12820302233902758,
    "energy": 5074,
    "normalized_energy": 0.39556108691142916,
    "tardiness": 0,
    "normalized_tardiness": 0,
    "bestObjectiveFunction": 0.5237641092504568,
    "tiempo_por_iteracion": 1.1206422441749162
}