{
    "bestSolution": [
        17,
        1,
        13,
        1,
        14,
        1,
        6,
        1,
        1,
        1,
        2,
        1,
        9,
        0,
        5,
        1,
        16,
        2,
        19,
        1,
        15,
        1,
        16,
        1,
        12,
        2,
        17,
        0,
        12,
        1,
        18,
        1,
        1,
        1,
        7,
        0,
        10,
        1,
        19,
        1,
        13,
        2,
        1,
        2,
        7,
        0,
        16,
        2,
        3,
        2,
        14,
        1,
        18,
        0,
        10,
        0,
        3,
        0,
        17,
        1,
        8,
        1,
        4,
        0,
        9,
        1,
        6,
        2,
        14,
        2,
        16,
        0,
        9,
        0,
        0,
        2,
        15,
        1,
        13,
        0,
        18,
        2,
        18,
        0,
        17,
        1,
        8,
        1,
        11,
        1,
        9,
        0,
        5,
        1,
        2,
        0,
        19,
        1,
        10,
        1,
        12,
        0,
        15,
        0,
        4,
        1,
        14,
        2,
        7,
        1,
        9,
        0,
        10,
        0,
        11,
        0,
        19,
        1,
        3,
        1,
        8,
        2,
        5,
        1,
        6,
        1,
        8,
        2,
        13,
        0,
        0,
        0,
        6,
        0,
        2,
        2,
        19,
        1,
        5,
        2,
        17,
        2,
        2,
        0,
        4,
        1,
        1,
        1,
        10,
        1,
        16,
        1,
        4,
        0,
        13,
        2,
        12,
        2,
        1,
        0,
        3,
        0,
        18,
        2,
        2,
        0,
        14,
        2,
        12,
        0,
        11,
        2,
        6,
        0,
        7,
        1,
        0,
        2,
        5,
        1,
        4,
        1,
        3,
        0,
        7,
        1,
        0,
        2,
        11,
        1,
        8,
        1,
        11,
        2,
        15,
        1,
        0,
        1,
        15,
        2
    ],
    "makespan": 1248,
    "normalized_makespan": 0.0759833345102747,
    "energy": 6143,
    "normalized_energy": 0.6673490276356192,
    "tardiness": 4200,
    "normalized_tardiness": 0.29303007046675505,
    "bestObjectiveFunction": 1.036362432612649,
    "tiempo_por_iteracion": 1.817691104279624
}