{
    "bestSolution": [
        8,
        0,
        4,
        0,
        8,
        0,
        16,
        0,
        12,
        0,
        15,
        0,
        4,
        0,
        4,
        0,
        7,
        0,
        9,
        0,
        9,
        0,
        5,
        0,
        5,
        0,
        8,
        0,
        5,
        0,
        18,
        0,
        7,
        0,
        8,
        0,
        18,
        0,
        5,
        0,
        13,
        0,
        14,
        0,
        6,
        0,
        7,
        0,
        11,
        0,
        10,
        0,
        14,
        0,
        1,
        0,
        2,
        0,
        16,
        0,
        18,
        0,
        18,
        0,
        9,
        0,
        15,
        0,
        3,
        0,
        4,
        0,
        5,
        0,
        3,
        0,
        12,
        0,
        13,
        0,
        11,
        0,
        2,
        0,
        0,
        0,
        7,
        0,
        15,
        0,
        6,
        0,
        18,
        0,
        0,
        0,
        11,
        0,
        1,
        0,
        3,
        0,
        17,
        0,
        0,
        0,
        4,
        0,
        6,
        0,
        19,
        0,
        17,
        0,
        1,
        0,
        2,
        0,
        11,
        0,
        17,
        0,
        2,
        0,
        17,
        0,
        9,
        0,
        14,
        0,
        13,
        0,
        0,
        0,
        6,
        0,
        1,
        0,
        3,
        0,
        13,
        0,
        12,
        0,
        1,
        0,
        2,
        0,
        19,
        0,
        19,
        0,
        16,
        0,
        16,
        0,
        17,
        0,
        10,
        0,
        15,
        0,
        16,
        0,
        7,
        0,
        10,
        0,
        14,
        0,
        10,
        0,
        15,
        0,
        14,
        0,
        11,
        0,
        0,
        0,
        13,
        0,
        12,
        0,
        9,
        0,
        10,
        0,
        6,
        0,
        19,
        0,
        3,
        0,
        12,
        0,
        8,
        0,
        19,
        0
    ],
    "makespan": 199,
    "normalized_makespan": 0.23835125448028674,
    "energy": 9392,
    "normalized_energy": 0,
    "tardiness": 307,
    "normalized_tardiness": 0.49198717948717946,
    "bestObjectiveFunction": 0.7303384339674662,
    "tiempo_por_iteracion": 0.5766422971264347
}