{
    "bestSolution": [
        0,
        2,
        12,
        2,
        5,
        2,
        1,
        3,
        12,
        4,
        7,
        0,
        14,
        1,
        18,
        3,
        2,
        3,
        9,
        3,
        13,
        4,
        8,
        0,
        16,
        3,
        19,
        3,
        1,
        1,
        14,
        3,
        3,
        3,
        1,
        2,
        0,
        1,
        18,
        4,
        5,
        1,
        5,
        4,
        15,
        1,
        14,
        3,
        11,
        2,
        19,
        2,
        2,
        1,
        0,
        0,
        13,
        3,
        7,
        3,
        1,
        4,
        12,
        3,
        15,
        2,
        9,
        1,
        16,
        2,
        1,
        2,
        11,
        3,
        10,
        3,
        5,
        3,
        16,
        2,
        4,
        3,
        3,
        3,
        6,
        4,
        17,
        4,
        19,
        4,
        11,
        1,
        8,
        3,
        19,
        2,
        0,
        3,
        0,
        1,
        15,
        3,
        5,
        2,
        9,
        2,
        15,
        2,
        13,
        2,
        13,
        2,
        7,
        2,
        17,
        3,
        7,
        3,
        14,
        3,
        3,
        1,
        4,
        3,
        11,
        4,
        16,
        3,
        6,
        4,
        13,
        2,
        9,
        3,
        17,
        1,
        2,
        4,
        10,
        1,
        4,
        1,
        8,
        1,
        3,
        1,
        17,
        1,
        4,
        3,
        18,
        2,
        2,
        3,
        11,
        1,
        8,
        3,
        6,
        2,
        10,
        1,
        12,
        1,
        14,
        2,
        6,
        1,
        7,
        2,
        12,
        1,
        4,
        4,
        2,
        1,
        18,
        2,
        19,
        0,
        18,
        4,
        8,
        3,
        16,
        4,
        9,
        1,
        10,
        3,
        6,
        1,
        3,
        1,
        15,
        2,
        17,
        3,
        10,
        3
    ],
    "makespan": 953,
    "normalized_makespan": 0.06397333766867176,
    "energy": 7254,
    "normalized_energy": 0.8415220572862221,
    "tardiness": 2467,
    "normalized_tardiness": 0.19786653833814566,
    "bestObjectiveFunction": 1.1033619332930396,
    "tiempo_por_iteracion": 3.44897336879019
}