{
    "bestSolution": [
        15,
        1,
        18,
        2,
        16,
        4,
        11,
        3,
        3,
        1,
        17,
        1,
        14,
        3,
        13,
        2,
        1,
        1,
        7,
        0,
        12,
        3,
        9,
        3,
        8,
        0,
        9,
        1,
        16,
        0,
        19,
        3,
        6,
        0,
        0,
        4,
        4,
        3,
        1,
        4,
        19,
        2,
        19,
        1,
        12,
        2,
        8,
        4,
        14,
        2,
        5,
        2,
        14,
        2,
        8,
        2,
        9,
        1,
        3,
        0,
        2,
        1,
        15,
        4,
        1,
        1,
        13,
        4,
        4,
        1,
        0,
        4,
        10,
        3,
        17,
        1,
        6,
        3,
        14,
        4,
        10,
        0,
        13,
        3,
        18,
        2,
        7,
        4,
        0,
        0,
        12,
        2,
        6,
        4,
        2,
        2,
        15,
        4,
        10,
        4,
        0,
        2,
        14,
        1,
        5,
        0,
        11,
        1,
        3,
        3,
        2,
        0,
        7,
        3,
        13,
        2,
        15,
        3,
        6,
        1,
        1,
        4,
        8,
        4,
        2,
        4,
        5,
        0,
        19,
        2,
        7,
        3,
        0,
        2,
        8,
        0,
        17,
        0,
        19,
        1,
        2,
        1,
        16,
        2,
        10,
        2,
        1,
        2,
        12,
        0,
        18,
        0,
        16,
        2,
        11,
        4,
        9,
        3,
        10,
        0,
        11,
        0,
        13,
        4,
        12,
        2,
        3,
        0,
        5,
        2,
        15,
        0,
        4,
        0,
        4,
        4,
        4,
        1,
        5,
        4,
        9,
        2,
        11,
        4,
        17,
        4,
        18,
        0,
        7,
        2,
        6,
        2,
        16,
        1,
        3,
        1,
        18,
        4,
        17,
        3
    ],
    "makespan": 1016,
    "normalized_makespan": 0.06909445618598602,
    "energy": 6707,
    "normalized_energy": 0.7271586870165169,
    "tardiness": 3040,
    "normalized_tardiness": 0.2438241899262111,
    "bestObjectiveFunction": 1.0400773331287139,
    "tiempo_por_iteracion": 1.462886026927403
}