{
    "bestSolution": [
        18,
        2,
        6,
        0,
        17,
        2,
        15,
        0,
        3,
        0,
        11,
        0,
        7,
        2,
        13,
        1,
        16,
        1,
        5,
        0,
        9,
        0,
        7,
        1,
        15,
        1,
        3,
        0,
        14,
        1,
        0,
        1,
        18,
        2,
        17,
        1,
        10,
        1,
        5,
        0,
        18,
        0,
        1,
        0,
        6,
        0,
        19,
        0,
        2,
        2,
        9,
        0,
        11,
        0,
        4,
        0,
        10,
        1,
        15,
        2,
        13,
        0,
        11,
        2,
        19,
        0,
        9,
        0,
        5,
        2,
        12,
        0,
        10,
        1,
        11,
        1,
        8,
        2,
        13,
        0,
        8,
        1,
        3,
        2,
        1,
        2,
        16,
        2,
        16,
        0,
        4,
        0,
        13,
        0,
        17,
        1,
        2,
        0,
        10,
        2,
        17,
        1,
        2,
        2,
        9,
        0,
        12,
        0,
        10,
        0,
        4,
        0,
        17,
        2,
        12,
        0,
        6,
        1,
        19,
        0,
        14,
        1,
        7,
        0,
        1,
        0,
        19,
        0,
        12,
        2,
        0,
        0,
        8,
        0,
        14,
        1,
        3,
        0,
        5,
        0,
        1,
        0,
        16,
        0,
        18,
        2,
        7,
        0,
        6,
        0,
        0,
        0,
        3,
        2,
        12,
        0,
        15,
        2,
        11,
        0,
        6,
        0,
        2,
        1,
        13,
        0,
        0,
        1,
        4,
        0,
        2,
        0,
        0,
        0,
        8,
        0,
        9,
        2,
        19,
        1,
        16,
        0,
        18,
        0,
        7,
        0,
        4,
        2,
        5,
        0,
        15,
        2,
        14,
        0,
        8,
        0,
        14,
        0,
        1,
        0
    ],
    "makespan": 560,
    "normalized_makespan": 0.22022279348757498,
    "energy": 8468,
    "normalized_energy": 0.26229508196721313,
    "tardiness": 0,
    "normalized_tardiness": 0,
    "bestObjectiveFunction": 0.4825178754547881,
    "tiempo_por_iteracion": 1.3635079238725745
}