{
    "bestSolution": [
        1,
        2,
        4,
        3,
        3,
        3,
        4,
        0,
        1,
        1,
        4,
        4,
        3,
        0,
        1,
        0,
        0,
        4,
        2,
        1,
        2,
        2,
        2,
        0,
        1,
        2,
        3,
        3,
        0,
        0,
        1,
        0,
        0,
        0,
        3,
        1,
        4,
        2,
        2,
        0,
        2,
        1,
        4,
        2,
        3,
        4,
        0,
        0,
        0,
        3
    ],
    "makespan": 98,
    "normalized_makespan": 0.11385199240986717,
    "energy": 2301,
    "normalized_energy": 0.7235772357723578,
    "tardiness": 103,
    "normalized_tardiness": 0.18230088495575222,
    "bestObjectiveFunction": 1.0197301131379772,
    "tiempo_por_iteracion": 0.3222022558831927
}