{
    "bestSolution": [
        3,
        0,
        2,
        0,
        0,
        0,
        3,
        0,
        1,
        0,
        0,
        0,
        2,
        0,
        1,
        0,
        3,
        0,
        2,
        0,
        4,
        0,
        0,
        0,
        0,
        0,
        4,
        0,
        2,
        0,
        3,
        0,
        0,
        0,
        4,
        0,
        1,
        0,
        3,
        0,
        2,
        0,
        1,
        0,
        4,
        0,
        4,
        0,
        1,
        0
    ],
    "makespan": 413,
    "normalized_makespan": 0.41563055062166965,
    "energy": 1868,
    "normalized_energy": 0,
    "tardiness": 52,
    "normalized_tardiness": 0.07008086253369272,
    "bestObjectiveFunction": 0.48571141315536237,
    "tiempo_por_iteracion": 0.33137111052086476
}