{
    "bestSolution": [
        2,
        1,
        3,
        1,
        1,
        0,
        3,
        0,
        4,
        4,
        0,
        0,
        3,
        0,
        4,
        0,
        1,
        0,
        1,
        0,
        3,
        3,
        3,
        1,
        0,
        0,
        0,
        1,
        3,
        0,
        1,
        1,
        2,
        0,
        1,
        0,
        1,
        0,
        4,
        4,
        0,
        0,
        2,
        0,
        0,
        1,
        4,
        1,
        3,
        4,
        4,
        0,
        3,
        0,
        1,
        4,
        0,
        4,
        1,
        4,
        1,
        3,
        4,
        0,
        2,
        0,
        4,
        1,
        3,
        1,
        2,
        3,
        1,
        1,
        3,
        3,
        2,
        0,
        0,
        3,
        3,
        4,
        0,
        0,
        1,
        0,
        0,
        0,
        2,
        0,
        4,
        0,
        3,
        1,
        1,
        3,
        1,
        2,
        1,
        0,
        4,
        0,
        0,
        2,
        2,
        0,
        4,
        2,
        4,
        1,
        3,
        4,
        0,
        2,
        3,
        0,
        4,
        1,
        2,
        1,
        0,
        0,
        4,
        0,
        2,
        2,
        0,
        2,
        3,
        1,
        1,
        0,
        2,
        3,
        0,
        3,
        1,
        1,
        2,
        0,
        2,
        0,
        0,
        0,
        3,
        0,
        0,
        0,
        4,
        0,
        1,
        0,
        2,
        3,
        3,
        0,
        0,
        0,
        4,
        0,
        4,
        0,
        1,
        3,
        0,
        0,
        4,
        1,
        2,
        1,
        2,
        2,
        2,
        2,
        1,
        3,
        3,
        0,
        1,
        3,
        4,
        2,
        2,
        0,
        2,
        0,
        0,
        0,
        0,
        0,
        4,
        4,
        3,
        2,
        3,
        4,
        4,
        1,
        2,
        4
    ],
    "makespan": 2248,
    "normalized_makespan": 0.12557182067703568,
    "energy": 5154,
    "normalized_energy": 0.43620797661307165,
    "tardiness": 0,
    "normalized_tardiness": 0,
    "bestObjectiveFunction": 0.5617797972901073,
    "tiempo_por_iteracion": 0.7260669635401832
}