{
    "bestSolution": [
        6,
        0,
        8,
        0,
        17,
        0,
        4,
        0,
        9,
        0,
        0,
        0,
        10,
        0,
        1,
        0,
        8,
        0,
        17,
        0,
        14,
        0,
        11,
        0,
        8,
        0,
        1,
        0,
        11,
        0,
        6,
        0,
        0,
        0,
        16,
        0,
        7,
        0,
        16,
        0,
        17,
        0,
        3,
        0,
        10,
        0,
        15,
        0,
        14,
        0,
        11,
        0,
        14,
        0,
        8,
        0,
        10,
        0,
        4,
        0,
        2,
        0,
        13,
        0,
        17,
        0,
        5,
        0,
        14,
        0,
        17,
        0,
        8,
        0,
        16,
        0,
        14,
        0,
        12,
        0,
        9,
        0,
        11,
        0,
        16,
        0,
        1,
        0,
        10,
        0,
        3,
        0,
        16,
        0,
        4,
        0,
        7,
        0,
        19,
        0,
        9,
        0,
        0,
        0,
        11,
        0,
        7,
        0,
        18,
        0,
        7,
        0,
        10,
        0,
        6,
        0,
        5,
        0,
        12,
        0,
        7,
        0,
        13,
        0,
        12,
        0,
        19,
        0,
        0,
        0,
        0,
        0,
        3,
        0,
        3,
        0,
        15,
        0,
        18,
        0,
        13,
        0,
        13,
        0,
        2,
        0,
        18,
        0,
        9,
        0,
        5,
        0,
        15,
        0,
        6,
        0,
        4,
        0,
        19,
        0,
        12,
        0,
        13,
        0,
        18,
        0,
        1,
        0,
        15,
        0,
        12,
        0,
        5,
        0,
        18,
        0,
        9,
        0,
        2,
        0,
        15,
        0,
        2,
        0,
        19,
        0,
        2,
        0,
        6,
        0,
        3,
        0,
        5,
        0,
        1,
        0,
        4,
        0,
        19,
        0
    ],
    "makespan": 812,
    "normalized_makespan": 0.17564102564102563,
    "energy": 7190,
    "normalized_energy": 0,
    "tardiness": 2052,
    "normalized_tardiness": 0.6063829787234043,
    "bestObjectiveFunction": 0.78202400436443,
    "tiempo_por_iteracion": 0.4695433594963767
}