{
    "bestSolution": [
        1,
        0,
        3,
        0,
        0,
        0,
        3,
        0,
        1,
        0,
        2,
        0,
        2,
        0,
        4,
        0,
        1,
        0,
        4,
        1,
        2,
        0,
        3,
        0,
        1,
        0,
        4,
        0,
        3,
        0,
        1,
        0,
        2,
        0,
        0,
        0,
        4,
        0,
        3,
        0,
        0,
        0,
        0,
        0,
        4,
        0,
        2,
        0,
        0,
        0
    ],
    "makespan": 985,
    "normalized_makespan": 0.2703903522691209,
    "energy": 788,
    "normalized_energy": 0.02852485737571312,
    "tardiness": 0,
    "normalized_tardiness": 0,
    "bestObjectiveFunction": 0.29891520964483403,
    "tiempo_por_iteracion": 0.4025702939104678
}