{
    "bestSolution": [
        4,
        0,
        1,
        2,
        3,
        0,
        2,
        0,
        3,
        0,
        2,
        0,
        4,
        0,
        1,
        0,
        1,
        2,
        2,
        0,
        3,
        0,
        0,
        0,
        4,
        0,
        4,
        0,
        0,
        0,
        1,
        0,
        0,
        0,
        1,
        0,
        3,
        0,
        0,
        1,
        2,
        0,
        3,
        2,
        0,
        0,
        4,
        0,
        2,
        2
    ],
    "makespan": 922,
    "normalized_makespan": 0.25039669946048876,
    "energy": 960,
    "normalized_energy": 0.1687041564792176,
    "tardiness": 0,
    "normalized_tardiness": 0,
    "bestObjectiveFunction": 0.41910085593970636,
    "tiempo_por_iteracion": 0.4073142608006795
}