{
    "bestSolution": [
        4,
        2,
        4,
        0,
        3,
        0,
        2,
        2,
        4,
        0,
        3,
        0,
        2,
        2,
        1,
        0,
        2,
        2,
        1,
        2,
        2,
        0,
        4,
        2,
        0,
        2,
        0,
        0,
        4,
        0,
        3,
        2,
        1,
        0,
        2,
        1,
        1,
        2,
        1,
        0,
        0,
        1,
        3,
        0,
        0,
        1,
        3,
        1,
        0,
        2
    ],
    "makespan": 107,
    "normalized_makespan": 0.15352697095435686,
    "energy": 2314,
    "normalized_energy": 0.7063953488372093,
    "tardiness": 81,
    "normalized_tardiness": 0.15728155339805824,
    "bestObjectiveFunction": 1.0172038731896245,
    "tiempo_por_iteracion": 0.7517746032123834
}