{
    "bestSolution": [
        4,
        2,
        4,
        0,
        1,
        0,
        4,
        0,
        2,
        1,
        3,
        0,
        1,
        1,
        1,
        0,
        4,
        1,
        2,
        0,
        3,
        0,
        2,
        1,
        4,
        1,
        2,
        0,
        1,
        2,
        0,
        0,
        3,
        0,
        1,
        1,
        2,
        0,
        3,
        1,
        0,
        1,
        0,
        1,
        0,
        1,
        3,
        0,
        0,
        2
    ],
    "makespan": 115,
    "normalized_makespan": 0.17012448132780084,
    "energy": 2281,
    "normalized_energy": 0.6104651162790697,
    "tardiness": 97,
    "normalized_tardiness": 0.1883495145631068,
    "bestObjectiveFunction": 0.9689391121699774,
    "tiempo_por_iteracion": 0.2933047891973139
}