{
    "bestSolution": [
        3,
        0,
        4,
        0,
        7,
        0,
        2,
        0,
        9,
        0,
        2,
        0,
        0,
        0,
        0,
        0,
        9,
        0,
        1,
        0,
        2,
        0,
        7,
        0,
        3,
        0,
        3,
        0,
        1,
        0,
        7,
        0,
        5,
        0,
        7,
        0,
        2,
        0,
        4,
        0,
        0,
        0,
        3,
        0,
        6,
        0,
        5,
        0,
        1,
        0,
        5,
        0,
        3,
        0,
        9,
        0,
        9,
        0,
        5,
        0,
        5,
        0,
        1,
        0,
        2,
        0,
        3,
        0,
        9,
        0,
        8,
        0,
        0,
        0,
        6,
        0,
        4,
        0,
        2,
        0,
        4,
        0,
        6,
        0,
        7,
        0,
        3,
        0,
        1,
        0,
        3,
        0,
        0,
        0,
        4,
        0,
        1,
        0,
        9,
        0,
        4,
        0,
        6,
        0,
        4,
        0,
        8,
        0,
        8,
        0,
        5,
        0,
        1,
        0,
        9,
        0,
        0,
        0,
        8,
        0,
        2,
        0,
        7,
        0,
        6,
        0,
        5,
        0,
        6,
        0,
        7,
        0,
        4,
        0,
        8,
        0,
        1,
        0,
        3,
        0,
        0,
        0,
        6,
        0,
        7,
        0,
        0,
        0,
        3,
        0,
        1,
        0,
        8,
        0,
        8,
        0,
        9,
        0,
        6,
        0,
        4,
        0,
        5,
        0,
        0,
        0,
        6,
        0,
        2,
        0,
        5,
        0,
        8,
        0,
        0,
        0,
        6,
        0,
        2,
        0,
        2,
        0,
        4,
        0,
        1,
        0,
        8,
        0,
        5,
        0,
        7,
        0,
        9,
        0,
        9,
        0,
        7,
        0,
        8,
        0
    ],
    "makespan": 628,
    "normalized_makespan": 0.09511278195488722,
    "energy": 7395,
    "normalized_energy": 0,
    "tardiness": 0,
    "normalized_tardiness": 0,
    "bestObjectiveFunction": 0.09511278195488722,
    "tiempo_por_iteracion": 5.035268545150757
}