{
    "bestSolution": [
        9,
        0,
        3,
        0,
        9,
        0,
        6,
        0,
        4,
        0,
        6,
        0,
        5,
        0,
        5,
        0,
        2,
        0,
        8,
        0,
        3,
        0,
        4,
        0,
        0,
        0,
        4,
        0,
        2,
        0,
        1,
        0,
        8,
        0,
        9,
        0,
        3,
        0,
        9,
        0,
        6,
        0,
        8,
        0,
        5,
        0,
        5,
        0,
        0,
        0,
        2,
        0,
        7,
        0,
        1,
        0,
        1,
        0,
        8,
        0,
        4,
        0,
        8,
        0,
        9,
        0,
        2,
        0,
        4,
        0,
        8,
        0,
        1,
        0,
        0,
        0,
        0,
        0,
        9,
        0,
        6,
        0,
        6,
        0,
        2,
        0,
        2,
        0,
        3,
        0,
        7,
        0,
        3,
        0,
        7,
        0,
        3,
        0,
        5,
        0,
        7,
        0,
        1,
        0,
        4,
        0,
        8,
        0,
        7,
        0,
        1,
        0,
        6,
        0,
        6,
        0,
        3,
        0,
        5,
        0,
        0,
        0,
        2,
        0,
        3,
        0,
        5,
        0,
        0,
        0,
        9,
        0,
        7,
        0,
        4,
        0,
        1,
        0,
        7,
        0,
        6,
        0,
        2,
        0,
        8,
        0,
        1,
        0,
        5,
        0,
        7,
        0,
        7,
        0,
        7,
        0,
        5,
        0,
        8,
        0,
        6,
        0,
        4,
        0,
        9,
        0,
        6,
        0,
        9,
        0,
        2,
        0,
        5,
        0,
        0,
        0,
        3,
        0,
        4,
        0,
        4,
        0,
        9,
        0,
        0,
        0,
        3,
        0,
        1,
        0,
        2,
        0,
        0,
        0,
        1,
        0,
        8,
        0,
        0,
        0
    ],
    "makespan": 623,
    "normalized_makespan": 0.09323308270676692,
    "energy": 7395,
    "normalized_energy": 0,
    "tardiness": 0,
    "normalized_tardiness": 0,
    "bestObjectiveFunction": 0.09323308270676692,
    "tiempo_por_iteracion": 0.745346466700236
}