{
    "bestSolution": [
        0,
        1,
        4,
        2,
        1,
        2,
        2,
        1,
        4,
        2,
        2,
        2,
        3,
        2,
        2,
        2,
        4,
        2,
        4,
        0,
        0,
        1,
        2,
        1,
        1,
        1,
        4,
        2,
        1,
        0,
        4,
        0,
        2,
        2,
        4,
        2,
        2,
        1,
        2,
        2,
        1,
        1,
        2,
        1,
        3,
        1,
        3,
        0,
        2,
        0,
        4,
        1,
        3,
        2,
        0,
        0,
        0,
        0,
        1,
        1,
        3,
        1,
        4,
        0,
        3,
        2,
        2,
        1,
        1,
        0,
        1,
        1,
        2,
        2,
        1,
        2,
        3,
        2,
        4,
        1,
        1,
        0,
        3,
        1,
        4,
        2,
        0,
        0,
        3,
        2,
        4,
        0,
        3,
        0,
        3,
        0,
        0,
        2,
        0,
        1,
        3,
        2,
        0,
        0,
        4,
        1,
        4,
        2,
        0,
        1,
        1,
        2,
        2,
        1,
        3,
        2,
        2,
        0,
        2,
        2,
        0,
        2,
        1,
        0,
        1,
        2,
        3,
        0,
        0,
        1,
        0,
        2,
        2,
        2,
        1,
        2,
        2,
        2,
        0,
        2,
        2,
        0,
        0,
        0,
        3,
        2,
        1,
        2,
        4,
        0,
        0,
        0,
        3,
        1,
        0,
        2,
        1,
        0,
        4,
        0,
        0,
        2,
        2,
        0,
        0,
        2,
        1,
        2,
        3,
        2,
        0,
        1,
        3,
        1,
        2,
        2,
        4,
        2,
        1,
        0,
        3,
        2,
        3,
        0,
        4,
        1,
        0,
        0,
        1,
        1,
        1,
        2,
        4,
        1,
        4,
        0,
        1,
        2,
        2,
        1
    ],
    "makespan": 1568,
    "normalized_makespan": 0.07122405153901216,
    "energy": 6145,
    "normalized_energy": 0.6819005435876787,
    "tardiness": 481,
    "normalized_tardiness": 0.03307433129340576,
    "bestObjectiveFunction": 0.7861989264200966,
    "tiempo_por_iteracion": 3.2883303866666904
}