{
    "bestSolution": [
        0,
        2,
        3,
        4,
        3,
        1,
        1,
        0,
        3,
        4,
        0,
        1,
        1,
        0,
        2,
        1,
        4,
        4,
        4,
        2,
        1,
        3,
        2,
        0,
        3,
        0,
        0,
        3,
        2,
        4,
        4,
        3,
        0,
        4,
        0,
        1,
        0,
        0,
        1,
        0,
        3,
        1,
        1,
        1,
        4,
        0,
        2,
        1,
        4,
        2,
        4,
        0,
        1,
        0,
        4,
        2,
        0,
        1,
        1,
        2,
        2,
        2,
        3,
        2,
        3,
        1,
        1,
        3,
        3,
        0,
        4,
        1,
        2,
        1,
        0,
        0,
        1,
        1,
        3,
        1,
        0,
        2,
        2,
        0,
        2,
        2,
        0,
        3,
        1,
        1,
        1,
        0,
        2,
        2,
        0,
        2,
        3,
        0,
        1,
        2,
        3,
        4,
        4,
        0,
        0,
        1,
        1,
        2,
        0,
        0,
        1,
        1,
        3,
        4,
        3,
        1,
        2,
        0,
        4,
        0,
        4,
        0,
        0,
        2,
        0,
        2,
        0,
        0,
        2,
        1,
        2,
        2,
        2,
        1,
        4,
        4,
        3,
        3,
        1,
        3,
        0,
        3,
        0,
        0,
        3,
        2,
        2,
        4,
        0,
        0,
        1,
        2,
        4,
        0,
        4,
        0,
        2,
        0,
        3,
        0,
        3,
        1,
        2,
        4,
        3,
        2,
        1,
        4,
        2,
        0,
        4,
        4,
        4,
        3,
        1,
        0,
        4,
        1,
        2,
        2,
        4,
        1,
        0,
        0,
        3,
        3,
        2,
        4,
        1,
        2,
        1,
        3,
        2,
        0,
        4,
        1,
        4,
        4,
        3,
        0
    ],
    "makespan": 1547,
    "normalized_makespan": 0.06884464385866518,
    "energy": 5751,
    "normalized_energy": 0.5956216439487815,
    "tardiness": 392,
    "normalized_tardiness": 0.026434688785487895,
    "bestObjectiveFunction": 0.6909009765929346,
    "tiempo_por_iteracion": 1.5610808673359098
}