{
    "bestSolution": [
        2,
        2,
        0,
        1,
        2,
        4,
        2,
        1,
        1,
        0,
        4,
        0,
        4,
        4,
        0,
        1,
        2,
        2,
        3,
        2,
        3,
        2,
        3,
        4,
        4,
        4,
        0,
        1,
        2,
        2,
        0,
        3,
        4,
        2,
        1,
        2,
        2,
        2,
        4,
        1,
        0,
        3,
        3,
        3,
        4,
        1,
        1,
        2,
        1,
        3,
        3,
        3,
        0,
        1,
        4,
        1,
        3,
        2,
        2,
        0,
        0,
        0,
        1,
        0,
        0,
        1,
        2,
        1,
        4,
        2,
        4,
        4,
        2,
        2,
        1,
        4,
        2,
        1,
        2,
        2,
        0,
        2,
        3,
        3,
        0,
        2,
        1,
        3,
        4,
        2,
        3,
        4,
        0,
        2,
        3,
        4,
        3,
        1,
        4,
        2,
        4,
        1,
        1,
        1,
        4,
        2,
        2,
        0,
        0,
        3,
        1,
        1,
        3,
        1,
        4,
        3,
        1,
        1,
        4,
        1,
        0,
        2,
        4,
        1,
        3,
        4,
        3,
        0,
        2,
        4,
        4,
        1,
        3,
        3,
        4,
        0,
        0,
        3,
        0,
        2,
        3,
        0,
        0,
        3,
        2,
        4,
        1,
        1,
        4,
        4,
        0,
        1,
        2,
        2,
        1,
        1,
        1,
        4,
        3,
        2,
        1,
        1,
        0,
        1,
        4,
        0,
        1,
        0,
        1,
        2,
        3,
        2,
        1,
        3,
        3,
        0,
        0,
        1,
        3,
        3,
        1,
        2,
        2,
        1,
        2,
        0,
        1,
        1,
        0,
        0,
        3,
        1,
        2,
        0,
        1,
        1,
        2,
        1,
        2,
        3
    ],
    "makespan": 1437,
    "normalized_makespan": 0.07516157344610229,
    "energy": 6584,
    "normalized_energy": 0.7264592231035184,
    "tardiness": 1227,
    "normalized_tardiness": 0.09418176235799816,
    "bestObjectiveFunction": 0.8958025589076188,
    "tiempo_por_iteracion": 1.0153395334879558
}