{
    "bestSolution": [
        3,
        2,
        4,
        1,
        2,
        2,
        1,
        2,
        3,
        2,
        2,
        4,
        4,
        1,
        4,
        4,
        2,
        1,
        2,
        3,
        2,
        4,
        0,
        3,
        2,
        1,
        4,
        1,
        4,
        3,
        1,
        2,
        3,
        3,
        0,
        1,
        3,
        2,
        4,
        1,
        1,
        2,
        0,
        1,
        0,
        2,
        1,
        3,
        3,
        2,
        1,
        4,
        2,
        3,
        4,
        3,
        0,
        3,
        2,
        2,
        0,
        1,
        0,
        4,
        2,
        2,
        2,
        1,
        0,
        2,
        3,
        2,
        0,
        2,
        1,
        3,
        1,
        4,
        4,
        3,
        0,
        2,
        3,
        3,
        4,
        2,
        4,
        3,
        4,
        1,
        2,
        2,
        4,
        3,
        3,
        3,
        4,
        4,
        3,
        3,
        1,
        3,
        3,
        3,
        2,
        1,
        0,
        3,
        0,
        2,
        3,
        1,
        2,
        2,
        4,
        3,
        2,
        1,
        0,
        4,
        4,
        3,
        2,
        2,
        3,
        2,
        3,
        3,
        4,
        2,
        1,
        4,
        1,
        2,
        3,
        2,
        2,
        0,
        1,
        1,
        1,
        3,
        0,
        3,
        1,
        3,
        1,
        3,
        0,
        2,
        3,
        2,
        2,
        3,
        2,
        2,
        4,
        4,
        1,
        3,
        0,
        2,
        4,
        4,
        0,
        4,
        0,
        3,
        3,
        3,
        4,
        1,
        1,
        3,
        3,
        3,
        1,
        2,
        1,
        1,
        0,
        2,
        3,
        1,
        4,
        2,
        1,
        1,
        0,
        1,
        2,
        2,
        1,
        1,
        2,
        2,
        3,
        0,
        3,
        3
    ],
    "makespan": 1437,
    "normalized_makespan": 0.07516157344610229,
    "energy": 7193,
    "normalized_energy": 0.8503152328655684,
    "tardiness": 319,
    "normalized_tardiness": 0.02448572305802886,
    "bestObjectiveFunction": 0.9499625293696996,
    "tiempo_por_iteracion": 2.714573373794556
}