{
    "bestSolution": [
        2,
        0,
        0,
        2,
        0,
        1,
        9,
        0,
        4,
        2,
        7,
        0,
        4,
        0,
        6,
        2,
        0,
        0,
        9,
        0,
        9,
        2,
        4,
        2,
        3,
        0,
        7,
        0,
        0,
        0,
        1,
        0,
        2,
        2,
        5,
        0,
        4,
        2,
        5,
        2,
        3,
        2,
        8,
        0,
        5,
        2,
        3,
        0,
        4,
        0,
        8,
        2,
        0,
        0,
        6,
        0,
        6,
        0,
        8,
        0,
        1,
        2,
        5,
        2,
        8,
        2,
        3,
        0,
        9,
        0,
        1,
        0,
        2,
        2,
        7,
        0,
        1,
        0,
        5,
        0,
        1,
        0,
        3,
        0,
        4,
        0,
        8,
        2,
        8,
        2,
        7,
        0,
        1,
        2,
        3,
        0,
        0,
        0,
        9,
        2,
        0,
        0,
        2,
        0,
        8,
        0,
        5,
        0,
        6,
        0,
        9,
        1,
        7,
        2,
        8,
        0,
        5,
        2,
        7,
        0,
        6,
        0,
        5,
        0,
        4,
        2,
        3,
        1,
        4,
        0,
        8,
        1,
        1,
        0,
        2,
        2,
        6,
        2,
        3,
        2,
        4,
        0,
        9,
        0,
        7,
        0,
        5,
        2,
        4,
        0,
        2,
        0,
        0,
        0,
        9,
        2,
        3,
        0,
        9,
        2,
        1,
        0,
        1,
        0,
        7,
        1,
        5,
        0,
        0,
        0,
        6,
        0,
        6,
        1,
        7,
        0,
        7,
        0,
        9,
        2,
        3,
        2,
        2,
        2,
        0,
        0,
        2,
        0,
        8,
        2,
        1,
        0,
        6,
        0,
        2,
        2,
        2,
        2,
        6,
        0
    ],
    "makespan": 425,
    "normalized_makespan": 0.16147433084686266,
    "energy": 8525,
    "normalized_energy": 0.28428761651131823,
    "tardiness": 0,
    "normalized_tardiness": 0,
    "bestObjectiveFunction": 0.44576194735818087,
    "tiempo_por_iteracion": 2.8212366819381716
}