{
    "bestSolution": [
        2,
        0,
        0,
        0,
        0,
        1,
        4,
        0,
        2,
        1,
        3,
        1,
        2,
        0,
        4,
        0,
        4,
        0,
        0,
        2,
        3,
        0,
        1,
        0,
        1,
        0,
        0,
        0,
        1,
        4,
        2,
        4,
        1,
        0,
        3,
        1,
        0,
        0,
        4,
        1,
        1,
        0,
        3,
        0,
        4,
        0,
        2,
        0,
        3,
        0
    ],
    "makespan": 249,
    "normalized_makespan": 0.31547619047619047,
    "energy": 1989,
    "normalized_energy": 0.07875894988066826,
    "tardiness": 0,
    "normalized_tardiness": 0,
    "bestObjectiveFunction": 0.3942351403568587,
    "tiempo_por_iteracion": 0.3861095128844981
}