{
    "bestSolution": [
        1,
        4,
        0,
        0,
        1,
        0,
        3,
        0,
        2,
        0,
        0,
        4,
        4,
        0,
        4,
        0,
        0,
        0,
        2,
        2,
        2,
        0,
        3,
        4,
        3,
        4,
        1,
        0,
        2,
        2,
        3,
        0,
        4,
        0,
        3,
        0,
        0,
        0,
        4,
        4,
        1,
        4,
        4,
        0,
        1,
        0,
        2,
        0,
        0,
        0
    ],
    "makespan": 187,
    "normalized_makespan": 0.22321428571428573,
    "energy": 2052,
    "normalized_energy": 0.22911694510739858,
    "tardiness": 0,
    "normalized_tardiness": 0,
    "bestObjectiveFunction": 0.4523312308216843,
    "tiempo_por_iteracion": 0.6950188028401342
}