{
    "bestSolution": [
        8,
        2,
        3,
        2,
        0,
        1,
        5,
        2,
        6,
        0,
        0,
        2,
        8,
        1,
        1,
        2,
        7,
        1,
        8,
        1,
        7,
        1,
        1,
        0,
        7,
        2,
        7,
        2,
        8,
        0,
        0,
        1,
        7,
        2,
        6,
        2,
        4,
        2,
        6,
        2,
        2,
        2,
        9,
        2,
        5,
        2,
        0,
        2,
        1,
        2,
        0,
        1,
        1,
        2,
        3,
        2,
        4,
        2,
        2,
        2,
        7,
        2,
        1,
        2,
        2,
        2,
        8,
        0,
        6,
        2,
        1,
        2,
        7,
        1,
        5,
        1,
        5,
        2,
        3,
        2,
        0,
        2,
        2,
        2,
        1,
        2,
        3,
        2,
        9,
        2,
        2,
        2,
        6,
        1,
        9,
        2,
        4,
        1,
        5,
        1,
        4,
        2,
        0,
        2,
        8,
        2,
        3,
        2,
        8,
        2,
        2,
        2,
        9,
        2,
        2,
        2,
        6,
        1,
        1,
        1,
        4,
        2,
        5,
        1,
        3,
        1,
        5,
        1,
        4,
        2,
        3,
        1,
        9,
        2,
        7,
        2,
        7,
        2,
        1,
        1,
        0,
        2,
        9,
        2,
        4,
        1,
        8,
        2,
        6,
        2,
        9,
        1,
        4,
        2,
        1,
        2,
        2,
        0,
        5,
        1,
        9,
        2,
        7,
        0,
        6,
        1,
        3,
        2,
        3,
        2,
        6,
        2,
        5,
        1,
        9,
        2,
        8,
        1,
        3,
        2,
        4,
        0,
        0,
        2,
        0,
        2,
        5,
        1,
        2,
        1,
        8,
        2,
        9,
        1,
        2,
        1,
        6,
        1,
        4,
        1
    ],
    "makespan": 717,
    "normalized_makespan": 0.032769475840097095,
    "energy": 7392,
    "normalized_energy": 0.8933418150975403,
    "tardiness": 143,
    "normalized_tardiness": 0.010617760617760617,
    "bestObjectiveFunction": 0.9367290515553981,
    "tiempo_por_iteracion": 2.2356878022352853
}