{
    "bestSolution": [
        0,
        2,
        0,
        2,
        3,
        0,
        2,
        0,
        8,
        2,
        8,
        0,
        1,
        2,
        9,
        1,
        6,
        0,
        2,
        1,
        1,
        2,
        8,
        1,
        6,
        2,
        6,
        1,
        1,
        0,
        7,
        1,
        5,
        2,
        4,
        1,
        2,
        0,
        3,
        1,
        2,
        2,
        8,
        2,
        3,
        2,
        4,
        2,
        9,
        2,
        4,
        2,
        7,
        1,
        0,
        0,
        4,
        2,
        7,
        0,
        8,
        1,
        9,
        0,
        7,
        2,
        9,
        2,
        2,
        1,
        7,
        0,
        1,
        1,
        3,
        2,
        6,
        0,
        4,
        0,
        6,
        2,
        3,
        1,
        7,
        1,
        8,
        1,
        7,
        1,
        3,
        0,
        0,
        0,
        9,
        0,
        4,
        1,
        2,
        0,
        7,
        0,
        8,
        1,
        4,
        2,
        1,
        2,
        8,
        1,
        0,
        0,
        8,
        1,
        1,
        2,
        5,
        1,
        6,
        0,
        1,
        1,
        5,
        1,
        1,
        1,
        2,
        0,
        1,
        2,
        4,
        1,
        9,
        0,
        8,
        1,
        4,
        2,
        2,
        1,
        7,
        0,
        5,
        0,
        9,
        0,
        6,
        2,
        4,
        1,
        1,
        0,
        3,
        0,
        5,
        1,
        3,
        1,
        2,
        2,
        2,
        0,
        6,
        2,
        0,
        0,
        0,
        1,
        3,
        0,
        9,
        0,
        7,
        0,
        3,
        0,
        6,
        1,
        9,
        2,
        9,
        0,
        5,
        2,
        5,
        0,
        5,
        2,
        5,
        1,
        0,
        2,
        6,
        1,
        5,
        1,
        0,
        0,
        0,
        0
    ],
    "makespan": 1243,
    "normalized_makespan": 0.07266934688614124,
    "energy": 6022,
    "normalized_energy": 0.60284139100933,
    "tardiness": 2647,
    "normalized_tardiness": 0.19653994653994655,
    "bestObjectiveFunction": 0.8720506844354178,
    "tiempo_por_iteracion": 0.9482613144249752
}