{
    "bestSolution": [
        4,
        0,
        3,
        0,
        2,
        0,
        3,
        0,
        4,
        0,
        1,
        0,
        3,
        0,
        1,
        0,
        3,
        0,
        0,
        0,
        2,
        0,
        3,
        0,
        0,
        0,
        0,
        0,
        2,
        0,
        4,
        0,
        3,
        0,
        4,
        0,
        2,
        0,
        2,
        0,
        3,
        0,
        4,
        0,
        3,
        0,
        2,
        0,
        4,
        0,
        4,
        0,
        2,
        0,
        0,
        0,
        1,
        0,
        3,
        0,
        1,
        0,
        0,
        0,
        4,
        0,
        3,
        0,
        2,
        0,
        4,
        0,
        1,
        0,
        1,
        0,
        0,
        0,
        2,
        0,
        0,
        0,
        4,
        0,
        1,
        0,
        0,
        0,
        1,
        0,
        0,
        0,
        1,
        0,
        2,
        0,
        0,
        0,
        1,
        0
    ],
    "makespan": 733,
    "normalized_makespan": 0.3162393162393162,
    "energy": 3683,
    "normalized_energy": 0,
    "tardiness": 7,
    "normalized_tardiness": 0.0045662100456621,
    "bestObjectiveFunction": 0.3208055262849783,
    "tiempo_por_iteracion": 0.35020126885381236
}