{
    "bestSolution": [
        5,
        0,
        13,
        0,
        6,
        0,
        11,
        0,
        19,
        0,
        8,
        0,
        2,
        0,
        18,
        0,
        8,
        0,
        17,
        0,
        13,
        0,
        6,
        0,
        15,
        0,
        4,
        0,
        12,
        0,
        18,
        0,
        5,
        0,
        12,
        0,
        16,
        0,
        4,
        0,
        1,
        0,
        2,
        0,
        17,
        0,
        18,
        0,
        0,
        0,
        13,
        0,
        19,
        0,
        18,
        0,
        9,
        0,
        4,
        0,
        8,
        0,
        2,
        0,
        9,
        0,
        11,
        0,
        17,
        0,
        3,
        0,
        0,
        0,
        12,
        0,
        5,
        0,
        1,
        0,
        2,
        0,
        1,
        0,
        13,
        0,
        16,
        0,
        6,
        0,
        4,
        0,
        4,
        0,
        5,
        0,
        1,
        0,
        11,
        0,
        10,
        0,
        19,
        0,
        15,
        0,
        5,
        0,
        13,
        0,
        14,
        0,
        18,
        0,
        2,
        0,
        17,
        0,
        19,
        0,
        15,
        0,
        16,
        0,
        14,
        0,
        3,
        0,
        0,
        0,
        8,
        0,
        0,
        0,
        7,
        0,
        11,
        0,
        19,
        0,
        17,
        0,
        8,
        0,
        14,
        0,
        10,
        0,
        7,
        0,
        16,
        0,
        9,
        0,
        10,
        0,
        12,
        0,
        14,
        0,
        3,
        0,
        9,
        0,
        12,
        0,
        0,
        0,
        3,
        0,
        15,
        0,
        14,
        0,
        7,
        0,
        7,
        0,
        16,
        0,
        3,
        0,
        10,
        0,
        9,
        0,
        11,
        0,
        15,
        0,
        6,
        0,
        7,
        0,
        1,
        0,
        6,
        0,
        10,
        0
    ],
    "makespan": 844,
    "normalized_makespan": 0.19305019305019305,
    "energy": 7188,
    "normalized_energy": 0,
    "tardiness": 1825,
    "normalized_tardiness": 0.5444510739856802,
    "bestObjectiveFunction": 0.7375012670358732,
    "tiempo_por_iteracion": 0.6676732825625474
}