{
    "bestSolution": [
        0,
        0,
        1,
        0,
        4,
        1,
        4,
        2,
        3,
        0,
        0,
        1,
        2,
        1,
        4,
        0,
        4,
        2,
        2,
        1,
        3,
        2,
        3,
        1,
        1,
        0,
        3,
        0,
        2,
        2,
        2,
        0,
        1,
        1,
        1,
        1,
        0,
        0,
        0,
        1,
        3,
        0,
        2,
        2,
        3,
        1,
        1,
        1,
        3,
        2,
        2,
        0,
        4,
        1,
        0,
        0,
        0,
        1,
        4,
        0,
        4,
        2,
        3,
        1,
        0,
        1,
        4,
        0,
        2,
        2,
        1,
        2,
        0,
        1,
        2,
        2,
        2,
        1,
        3,
        1,
        0,
        0,
        4,
        0,
        1,
        0,
        3,
        1,
        0,
        2,
        1,
        1,
        2,
        0,
        1,
        1,
        1,
        1,
        4,
        0
    ],
    "makespan": 884,
    "normalized_makespan": 0.09171237050578915,
    "energy": 3119,
    "normalized_energy": 0.651541095890411,
    "tardiness": 1210,
    "normalized_tardiness": 0.17674554484370436,
    "bestObjectiveFunction": 0.9199990112399046,
    "tiempo_por_iteracion": 0.6679118064542612
}