{
    "bestSolution": [
        0,
        0,
        2,
        0,
        4,
        1,
        1,
        0,
        4,
        0,
        1,
        0,
        3,
        0,
        1,
        0,
        0,
        0,
        4,
        0,
        0,
        0,
        2,
        0,
        2,
        0,
        3,
        0,
        1,
        0,
        0,
        0,
        4,
        0,
        3,
        0,
        3,
        0,
        0,
        0,
        4,
        1,
        2,
        0,
        1,
        0,
        3,
        0,
        2,
        2
    ],
    "makespan": 132,
    "normalized_makespan": 0.3088235294117647,
    "energy": 2205,
    "normalized_energy": 0.13805970149253732,
    "tardiness": 0,
    "normalized_tardiness": 0,
    "bestObjectiveFunction": 0.44688323090430204,
    "tiempo_por_iteracion": 0.21146388165652752
}