{
    "bestSolution": [
        4,
        0,
        2,
        2,
        3,
        0,
        6,
        2,
        6,
        0,
        7,
        2,
        5,
        0,
        3,
        0,
        2,
        2,
        0,
        0,
        5,
        0,
        7,
        0,
        1,
        0,
        4,
        2,
        7,
        0,
        5,
        2,
        9,
        2,
        4,
        0,
        1,
        0,
        8,
        2,
        7,
        2,
        9,
        0,
        7,
        2,
        5,
        0,
        3,
        1,
        4,
        2,
        8,
        0,
        2,
        0,
        5,
        0,
        7,
        2,
        8,
        2,
        1,
        0,
        6,
        0,
        0,
        0,
        8,
        0,
        1,
        0,
        6,
        0,
        9,
        0,
        0,
        2,
        1,
        2,
        4,
        2,
        6,
        2,
        0,
        0,
        7,
        2,
        9,
        1,
        6,
        0,
        4,
        2,
        3,
        0,
        2,
        2,
        8,
        0,
        9,
        0,
        2,
        0,
        0,
        2,
        9,
        0,
        2,
        2,
        3,
        0,
        5,
        0,
        0,
        0,
        3,
        0,
        5,
        2,
        3,
        2,
        5,
        2,
        5,
        0,
        8,
        2,
        1,
        0,
        4,
        0,
        1,
        0,
        7,
        0,
        8,
        0,
        2,
        0,
        6,
        0,
        3,
        0,
        9,
        0,
        8,
        2,
        9,
        1,
        2,
        0,
        6,
        2,
        2,
        2,
        8,
        0,
        9,
        0,
        0,
        0,
        0,
        0,
        3,
        0,
        6,
        2,
        3,
        0,
        4,
        0,
        2,
        2,
        8,
        0,
        1,
        0,
        1,
        0,
        6,
        0,
        9,
        0,
        1,
        0,
        5,
        0,
        0,
        0,
        4,
        0,
        7,
        0,
        0,
        0,
        7,
        0,
        4,
        0
    ],
    "makespan": 2204,
    "normalized_makespan": 0.1404536021345983,
    "energy": 4575,
    "normalized_energy": 0.3249896565990898,
    "tardiness": 0,
    "normalized_tardiness": 0,
    "bestObjectiveFunction": 0.4654432587336881,
    "tiempo_por_iteracion": 1.5901412169138591
}