{
    "bestSolution": [
        9,
        4,
        7,
        2,
        8,
        4,
        1,
        2,
        4,
        1,
        2,
        3,
        2,
        3,
        6,
        0,
        3,
        4,
        0,
        4,
        2,
        2,
        1,
        2,
        1,
        4,
        2,
        4,
        9,
        2,
        8,
        2,
        8,
        2,
        3,
        4,
        6,
        4,
        6,
        4,
        5,
        4,
        4,
        1,
        2,
        3,
        6,
        4,
        7,
        2,
        8,
        2,
        8,
        1,
        5,
        4,
        2,
        4,
        9,
        1,
        1,
        2,
        5,
        1,
        7,
        0,
        0,
        1,
        4,
        0,
        9,
        1,
        3,
        0,
        8,
        4,
        4,
        1,
        9,
        1,
        5,
        1,
        1,
        1,
        4,
        1,
        5,
        1,
        5,
        0,
        9,
        0,
        1,
        4,
        4,
        0,
        0,
        3,
        2,
        2,
        7,
        4,
        0,
        2,
        2,
        3,
        8,
        0,
        7,
        1,
        5,
        1,
        2,
        1,
        0,
        2,
        1,
        3,
        1,
        3,
        7,
        4,
        9,
        4,
        9,
        2,
        5,
        1,
        2,
        2,
        5,
        4,
        1,
        4,
        7,
        0,
        6,
        0,
        3,
        1,
        9,
        2,
        3,
        2,
        8,
        0,
        4,
        3,
        0,
        1,
        1,
        1,
        8,
        4,
        7,
        1,
        6,
        1,
        9,
        1,
        4,
        0,
        0,
        1,
        3,
        0,
        6,
        4,
        5,
        1,
        6,
        4,
        3,
        4,
        3,
        4,
        0,
        1,
        6,
        1,
        4,
        1,
        7,
        1,
        7,
        3,
        8,
        3,
        4,
        1,
        6,
        0,
        3,
        1,
        0,
        0,
        0,
        0,
        3,
        4
    ],
    "makespan": 1080,
    "normalized_makespan": 0.060149219290823785,
    "energy": 6576,
    "normalized_energy": 0.7318560683065664,
    "tardiness": 2045,
    "normalized_tardiness": 0.15377096022257314,
    "bestObjectiveFunction": 0.9457762478199634,
    "tiempo_por_iteracion": 1.0580509457912746
}