{
    "bestSolution": [
        8,
        2,
        9,
        2,
        6,
        2,
        0,
        0,
        5,
        0,
        4,
        1,
        7,
        0,
        1,
        2,
        3,
        1,
        7,
        0,
        9,
        0,
        8,
        1,
        9,
        2,
        2,
        1,
        7,
        2,
        2,
        2,
        0,
        0,
        8,
        1,
        6,
        0,
        3,
        1,
        1,
        2,
        7,
        1,
        9,
        2,
        4,
        1,
        7,
        2,
        3,
        0,
        6,
        2,
        9,
        2,
        8,
        2,
        6,
        0,
        8,
        1,
        9,
        1,
        8,
        0,
        9,
        2,
        5,
        1,
        7,
        2,
        5,
        1,
        0,
        2,
        8,
        0,
        2,
        1,
        3,
        0,
        2,
        1,
        4,
        1,
        2,
        1,
        0,
        2,
        1,
        0,
        5,
        1,
        2,
        2,
        6,
        1,
        8,
        2,
        3,
        2,
        4,
        2,
        1,
        2,
        4,
        2,
        1,
        0,
        4,
        0,
        6,
        2,
        5,
        0,
        2,
        2,
        2,
        2,
        0,
        0,
        2,
        2,
        5,
        1,
        5,
        1,
        3,
        2,
        6,
        2,
        9,
        0,
        8,
        0,
        9,
        0,
        1,
        0,
        7,
        0,
        6,
        1,
        7,
        1,
        7,
        2,
        3,
        1,
        3,
        0,
        9,
        0,
        4,
        1,
        6,
        1,
        5,
        1,
        2,
        1,
        6,
        0,
        0,
        2,
        4,
        0,
        0,
        0,
        8,
        2,
        1,
        2,
        5,
        2,
        0,
        2,
        7,
        0,
        4,
        1,
        1,
        2,
        1,
        2,
        5,
        2,
        3,
        0,
        1,
        0,
        3,
        1,
        0,
        0,
        4,
        1,
        0,
        2
    ],
    "makespan": 350,
    "normalized_makespan": 0.09546805349182763,
    "energy": 8996,
    "normalized_energy": 0.690846286701209,
    "tardiness": 870,
    "normalized_tardiness": 0.3123877917414722,
    "bestObjectiveFunction": 1.0987021319345087,
    "tiempo_por_iteracion": 3.029875840459551
}