{
    "bestSolution": [
        1,
        0,
        1,
        0,
        3,
        0,
        4,
        0,
        4,
        0,
        1,
        0,
        4,
        0,
        3,
        0,
        1,
        0,
        3,
        0,
        4,
        0,
        2,
        0,
        4,
        0,
        1,
        0,
        3,
        0,
        0,
        0,
        2,
        0,
        0,
        0,
        0,
        0,
        2,
        0,
        0,
        0,
        2,
        0,
        2,
        0,
        0,
        0,
        3,
        0
    ],
    "makespan": 66,
    "normalized_makespan": 0.18691588785046728,
    "energy": 2354,
    "normalized_energy": 0,
    "tardiness": 0,
    "normalized_tardiness": 0,
    "bestObjectiveFunction": 0.18691588785046728,
    "tiempo_por_iteracion": 0.25037872791290283
}