{
    "bestSolution": [
        4,
        0,
        8,
        0,
        9,
        1,
        7,
        1,
        0,
        1,
        5,
        0,
        7,
        2,
        1,
        0,
        0,
        0,
        6,
        2,
        3,
        2,
        0,
        0,
        9,
        0,
        6,
        2,
        7,
        0,
        6,
        0,
        7,
        0,
        4,
        2,
        1,
        0,
        2,
        0,
        0,
        0,
        9,
        0,
        6,
        0,
        6,
        0,
        4,
        1,
        7,
        0,
        3,
        2,
        2,
        0,
        7,
        0,
        8,
        1,
        4,
        0,
        8,
        0,
        9,
        0,
        6,
        0,
        5,
        1,
        5,
        0,
        1,
        0,
        6,
        0,
        2,
        0,
        3,
        1,
        1,
        0,
        8,
        0,
        5,
        2,
        0,
        0,
        1,
        1,
        3,
        1,
        6,
        1,
        1,
        0,
        3,
        0,
        4,
        2,
        6,
        2,
        7,
        0,
        4,
        0,
        9,
        2,
        5,
        0,
        8,
        0,
        2,
        0,
        7,
        0,
        5,
        0,
        7,
        0,
        9,
        1,
        1,
        1,
        0,
        2,
        3,
        0,
        4,
        0,
        8,
        0,
        7,
        1,
        3,
        0,
        0,
        1,
        0,
        0,
        9,
        0,
        4,
        0,
        9,
        0,
        0,
        0,
        1,
        1,
        1,
        0,
        3,
        0,
        2,
        0,
        4,
        0,
        5,
        0,
        5,
        0,
        9,
        2,
        3,
        2,
        8,
        0,
        1,
        0,
        8,
        0,
        2,
        0,
        6,
        0,
        2,
        0,
        8,
        1,
        0,
        0,
        5,
        1,
        9,
        1,
        3,
        0,
        2,
        0,
        2,
        0,
        2,
        2,
        8,
        2,
        4,
        0,
        5,
        0
    ],
    "makespan": 2068,
    "normalized_makespan": 0.14059063776311656,
    "energy": 4571,
    "normalized_energy": 0.30933333333333335,
    "tardiness": 0,
    "normalized_tardiness": 0,
    "bestObjectiveFunction": 0.4499239710964499,
    "tiempo_por_iteracion": 0.9169016499673167
}