{
    "status": "OPTIMAL_SOLUTION",
    "solution": {
        "objective": 0.0570032573289904,
        "start_time": [
            [
                57,
                82,
                100,
                29,
                6
            ],
            [
                0,
                203,
                133,
                93,
                39
            ],
            [
                179,
                29,
                80,
                0,
                131
            ],
            [
                131,
                171,
                203,
                57,
                93
            ],
            [
                82,
                109,
                168,
                203,
                0
            ]
        ],
        "SpeedScaling": [
            [
                1,
                1,
                1,
                1,
                1
            ],
            [
                1,
                1,
                1,
                1,
                1
            ],
            [
                1,
                1,
                1,
                1,
                1
            ],
            [
                1,
                1,
                1,
                1,
                1
            ],
            [
                1,
                1,
                1,
                1,
                1
            ]
        ],
        "_output_item": "Objective function: 0.0570032573289904 + 0.0 = 0.0570032573289904 \nObjective function : M-256.0 + E-1790.0 = 0.0570032573289904 \nStart Times: [57, 82, 100, 29, 6, 0, 203, 133, 93, 39, 179, 29, 80, 0, 131, 131, 171, 203, 57, 93, 82, 109, 168, 203, 0]\nSpeed Scaling; [1, 1, 1, 1, 1, 1, 1, 1, 1, 1, 1, 1, 1, 1, 1, 1, 1, 1, 1, 1, 1, 1, 1, 1, 1]\n",
        "_checker": ""
    },
    "statistics": {
        "paths": 0,
        "flatBoolVars": 100,
        "flatIntVars": 51,
        "flatFloatVars": 2,
        "flatBoolConstraints": 50,
        "flatIntConstraints": 176,
        "flatFloatConstraints": 2,
        "evaluatedHalfReifiedConstraints": 100,
        "method": "minimize",
        "flatTime": 53.777,
        "time": 73.0,
        "initTime": 1.399,
        "solveTime": 0.475,
        "solutions": 5,
        "variables": 151,
        "propagators": 228,
        "propagations": 7006,
        "nodes": 86,
        "failures": 21,
        "restarts": 0,
        "peakDepth": 22,
        "nSolutions": 5
    }
}