{
    "bestSolution": [
        6,
        0,
        9,
        0,
        8,
        0,
        16,
        0,
        12,
        0,
        13,
        0,
        7,
        0,
        18,
        0,
        11,
        0,
        14,
        0,
        13,
        0,
        17,
        0,
        15,
        0,
        6,
        0,
        0,
        0,
        11,
        0,
        6,
        0,
        13,
        0,
        14,
        0,
        1,
        0,
        19,
        0,
        3,
        0,
        12,
        0,
        17,
        0,
        16,
        0,
        13,
        0,
        7,
        0,
        5,
        0,
        6,
        0,
        13,
        0,
        5,
        0,
        0,
        0,
        19,
        0,
        17,
        0,
        4,
        0,
        14,
        0,
        5,
        0,
        8,
        0,
        2,
        0,
        17,
        0,
        0,
        0,
        12,
        0,
        1,
        0,
        15,
        0,
        19,
        0,
        18,
        0,
        3,
        0,
        6,
        0,
        9,
        0,
        5,
        0,
        4,
        0,
        9,
        0,
        7,
        0,
        16,
        0,
        8,
        0,
        18,
        0,
        12,
        0,
        5,
        0,
        10,
        0,
        19,
        0,
        2,
        0,
        15,
        0,
        1,
        0,
        19,
        0,
        14,
        0,
        0,
        0,
        2,
        0,
        14,
        0,
        2,
        0,
        9,
        0,
        4,
        0,
        18,
        0,
        8,
        0,
        16,
        0,
        11,
        0,
        17,
        0,
        1,
        0,
        10,
        0,
        2,
        0,
        10,
        0,
        1,
        0,
        15,
        0,
        0,
        0,
        3,
        0,
        4,
        0,
        9,
        0,
        11,
        0,
        10,
        0,
        10,
        0,
        12,
        0,
        18,
        0,
        11,
        0,
        7,
        0,
        16,
        0,
        3,
        0,
        3,
        0,
        4,
        0,
        8,
        0,
        7,
        0,
        15,
        0
    ],
    "makespan": 878,
    "normalized_makespan": 0.19845440494590416,
    "energy": 7111,
    "normalized_energy": 0,
    "tardiness": 2491,
    "normalized_tardiness": 0.7176606165370211,
    "bestObjectiveFunction": 0.9161150214829252,
    "tiempo_por_iteracion": 1.7445132732391357
}