{
    "bestSolution": [
        14,
        0,
        16,
        0,
        10,
        0,
        1,
        0,
        14,
        0,
        6,
        0,
        8,
        0,
        0,
        0,
        5,
        0,
        19,
        0,
        8,
        0,
        16,
        0,
        17,
        0,
        13,
        0,
        9,
        0,
        15,
        0,
        15,
        0,
        17,
        0,
        19,
        0,
        6,
        0,
        16,
        0,
        8,
        0,
        8,
        0,
        13,
        0,
        12,
        0,
        6,
        0,
        4,
        0,
        19,
        0,
        12,
        0,
        10,
        0,
        11,
        0,
        5,
        0,
        11,
        0,
        6,
        0,
        17,
        0,
        9,
        0,
        14,
        0,
        16,
        0,
        15,
        0,
        8,
        0,
        13,
        0,
        6,
        0,
        7,
        0,
        10,
        0,
        14,
        0,
        16,
        0,
        19,
        0,
        10,
        0,
        13,
        0,
        9,
        0,
        13,
        0,
        1,
        0,
        4,
        0,
        14,
        0,
        12,
        0,
        0,
        0,
        18,
        0,
        10,
        0,
        3,
        0,
        2,
        0,
        17,
        0,
        9,
        0,
        3,
        0,
        17,
        0,
        19,
        0,
        4,
        0,
        5,
        0,
        18,
        0,
        7,
        0,
        15,
        0,
        18,
        0,
        0,
        0,
        5,
        0,
        2,
        0,
        2,
        0,
        11,
        0,
        7,
        0,
        1,
        0,
        3,
        0,
        0,
        0,
        0,
        0,
        12,
        0,
        4,
        0,
        12,
        0,
        11,
        0,
        2,
        0,
        15,
        0,
        18,
        0,
        5,
        0,
        7,
        0,
        18,
        0,
        3,
        0,
        1,
        0,
        1,
        0,
        7,
        0,
        2,
        0,
        9,
        0,
        3,
        0,
        11,
        0,
        4,
        0
    ],
    "makespan": 870,
    "normalized_makespan": 0.19598145285935084,
    "energy": 7111,
    "normalized_energy": 0,
    "tardiness": 1842,
    "normalized_tardiness": 0.5306828003457217,
    "bestObjectiveFunction": 0.7266642532050726,
    "tiempo_por_iteracion": 0.4463802337646484
}