{
    "bestSolution": [
        2,
        0,
        3,
        0,
        1,
        0,
        2,
        4,
        0,
        1,
        0,
        0,
        1,
        4,
        4,
        0,
        2,
        3,
        1,
        0,
        0,
        4,
        2,
        2,
        2,
        0,
        3,
        0,
        4,
        4,
        0,
        0,
        3,
        0,
        4,
        0,
        2,
        0,
        1,
        3,
        0,
        0,
        4,
        4,
        1,
        0,
        0,
        0,
        3,
        0,
        1,
        4,
        0,
        2,
        3,
        1,
        3,
        4,
        4,
        0,
        0,
        0,
        3,
        4,
        1,
        2,
        3,
        0,
        3,
        4,
        4,
        0,
        4,
        0,
        4,
        0,
        2,
        3,
        2,
        4,
        0,
        0,
        2,
        3,
        3,
        4,
        4,
        4,
        3,
        4,
        4,
        0,
        1,
        0,
        4,
        1,
        3,
        0,
        2,
        0,
        3,
        0,
        1,
        0,
        0,
        4,
        0,
        0,
        2,
        0,
        4,
        4,
        1,
        2,
        1,
        0,
        4,
        3,
        2,
        4,
        3,
        2,
        0,
        0,
        0,
        0,
        0,
        2,
        2,
        0,
        1,
        4,
        0,
        0,
        3,
        0,
        1,
        0,
        0,
        0,
        3,
        4,
        4,
        4,
        3,
        4,
        1,
        4,
        4,
        0,
        2,
        4,
        2,
        0,
        3,
        0,
        4,
        0,
        2,
        0,
        0,
        0,
        3,
        0,
        4,
        1,
        0,
        0,
        4,
        0,
        1,
        0,
        1,
        2,
        2,
        4,
        0,
        0,
        1,
        0,
        0,
        0,
        2,
        0,
        1,
        0,
        2,
        0,
        3,
        0,
        1,
        4,
        1,
        0,
        2,
        4,
        4,
        1,
        4,
        0
    ],
    "makespan": 2197,
    "normalized_makespan": 0.13110300395870528,
    "energy": 4776,
    "normalized_energy": 0.378129381133587,
    "tardiness": 0,
    "normalized_tardiness": 0,
    "bestObjectiveFunction": 0.5092323850922923,
    "tiempo_por_iteracion": 2.580020987987518
}