{
    "bestSolution": [
        4,
        2,
        8,
        1,
        8,
        1,
        3,
        2,
        0,
        0,
        6,
        0,
        4,
        0,
        8,
        0,
        9,
        1,
        4,
        1,
        9,
        2,
        3,
        2,
        1,
        2,
        8,
        2,
        0,
        2,
        0,
        0,
        1,
        1,
        3,
        2,
        8,
        2,
        2,
        2,
        1,
        2,
        9,
        0,
        4,
        2,
        2,
        0,
        5,
        2,
        2,
        1,
        6,
        2,
        6,
        2,
        4,
        0,
        9,
        2,
        2,
        2,
        7,
        2,
        5,
        2,
        9,
        2,
        0,
        0,
        6,
        1,
        5,
        1,
        7,
        0,
        5,
        2,
        1,
        2,
        3,
        0,
        1,
        2,
        7,
        2,
        3,
        1,
        6,
        2,
        5,
        0,
        7,
        2,
        2,
        0,
        0,
        2,
        7,
        2
    ],
    "makespan": 157,
    "normalized_makespan": 0.11814744801512288,
    "energy": 4651,
    "normalized_energy": 0.7804232804232805,
    "tardiness": 232,
    "normalized_tardiness": 0.21284403669724772,
    "bestObjectiveFunction": 1.1114147651356512,
    "tiempo_por_iteracion": 0.9485781868891929
}