{
    "status": "OPTIMAL_SOLUTION",
    "solution": {
        "objective": 0.9994309064507249,
        "start_time": [
            [
                111,
                80,
                60,
                45,
                99
            ],
            [
                82,
                74,
                37,
                61,
                20
            ],
            [
                99,
                101,
                70,
                102,
                81
            ],
            [
                48,
                20,
                34,
                38,
                111
            ],
            [
                39,
                38,
                7,
                34,
                3
            ]
        ],
        "SpeedScaling": [
            [
                5,
                1,
                5,
                5,
                1
            ],
            [
                2,
                2,
                1,
                4,
                1
            ],
            [
                1,
                1,
                3,
                2,
                2
            ],
            [
                2,
                2,
                3,
                4,
                1
            ],
            [
                2,
                2,
                2,
                3,
                2
            ]
        ],
        "_output_item": "Objective function normalized: M-0.1037131882202305 + E-0.7852882703777336 + T-0.1104294478527607 = 0.9994309064507249 \nObjective function: M-115.0 + E-2252.0 + T-90.0 = 0.9994309064507249 \nStart Times: [111, 80, 60, 45, 99, 82, 74, 37, 61, 20, 99, 101, 70, 102, 81, 48, 20, 34, 38, 111, 39, 38, 7, 34, 3]\nSpeed Scaling; [5, 1, 5, 5, 1, 2, 2, 1, 4, 1, 1, 1, 3, 2, 2, 2, 2, 3, 4, 1, 2, 2, 2, 3, 2]\n",
        "_checker": ""
    },
    "statistics": {
        "paths": 0,
        "flatIntVars": 487,
        "flatFloatVars": 52,
        "flatIntConstraints": 566,
        "flatFloatConstraints": 52,
        "evaluatedHalfReifiedConstraints": 100,
        "method": "minimize",
        "flatTime": 104.62599999999999,
        "objective": 0.999430906451,
        "objectiveBound": 0.999430906451,
        "nodes": 5755,
        "solveTime": 6619.5,
        "time": 6610.0,
        "openNodes": 35,
        "nSolutions": 22
    }
}