{
    "bestSolution": [
        1,
        1,
        1,
        4,
        1,
        1,
        4,
        1,
        9,
        3,
        3,
        2,
        9,
        3,
        5,
        3,
        6,
        1,
        7,
        0,
        3,
        3,
        7,
        1,
        9,
        4,
        4,
        3,
        9,
        4,
        1,
        1,
        8,
        1,
        2,
        3,
        6,
        1,
        2,
        3,
        7,
        2,
        3,
        3,
        0,
        4,
        9,
        2,
        8,
        1,
        4,
        2,
        5,
        4,
        8,
        4,
        0,
        3,
        7,
        4,
        1,
        4,
        1,
        4,
        0,
        1,
        2,
        2,
        6,
        4,
        5,
        1,
        2,
        1,
        0,
        3,
        8,
        3,
        2,
        4,
        5,
        0,
        2,
        2,
        3,
        0,
        0,
        3,
        7,
        4,
        9,
        1,
        0,
        2,
        1,
        2,
        6,
        3,
        1,
        0,
        4,
        1,
        6,
        3,
        2,
        4,
        7,
        2,
        8,
        4,
        5,
        4,
        8,
        2,
        0,
        4,
        3,
        2,
        0,
        1,
        3,
        4,
        5,
        4,
        4,
        3,
        8,
        3,
        0,
        3,
        6,
        1,
        4,
        2,
        9,
        1,
        5,
        4,
        2,
        2,
        0,
        2,
        9,
        4,
        9,
        4,
        8,
        3,
        7,
        3,
        3,
        3,
        1,
        1,
        4,
        1,
        9,
        2,
        8,
        2,
        2,
        3,
        5,
        3,
        4,
        4,
        1,
        1,
        6,
        2,
        6,
        4,
        7,
        4,
        3,
        4,
        6,
        2,
        2,
        0,
        5,
        1,
        7,
        4,
        7,
        3,
        4,
        0,
        4,
        4,
        8,
        4,
        5,
        2,
        3,
        3,
        3,
        2,
        6,
        1
    ],
    "makespan": 279,
    "normalized_makespan": 0.06909361069836553,
    "energy": 9242,
    "normalized_energy": 0.8324697754749568,
    "tardiness": 483,
    "normalized_tardiness": 0.17342908438061042,
    "bestObjectiveFunction": 1.0749924705539327,
    "tiempo_por_iteracion": 1.79366511957986
}