{
    "bestSolution": [
        2,
        0,
        2,
        0,
        1,
        0,
        2,
        0,
        0,
        0,
        4,
        0,
        0,
        0,
        2,
        0,
        1,
        0,
        2,
        0,
        0,
        0,
        1,
        0,
        2,
        0,
        1,
        0,
        1,
        0,
        0,
        0,
        2,
        0,
        2,
        0,
        3,
        0,
        1,
        0,
        3,
        0,
        4,
        0,
        2,
        0,
        1,
        0,
        3,
        0,
        4,
        0,
        0,
        0,
        2,
        0,
        0,
        0,
        3,
        0,
        3,
        0,
        4,
        0,
        2,
        0,
        0,
        0,
        1,
        0,
        0,
        0,
        3,
        0,
        2,
        0,
        1,
        0,
        1,
        0,
        4,
        0,
        1,
        0,
        2,
        0,
        4,
        0,
        3,
        0,
        1,
        0,
        2,
        0,
        3,
        0,
        2,
        0,
        4,
        0,
        0,
        0,
        0,
        0,
        4,
        0,
        0,
        0,
        4,
        0,
        1,
        0,
        2,
        0,
        4,
        0,
        3,
        0,
        1,
        0,
        3,
        0,
        0,
        0,
        2,
        0,
        3,
        0,
        4,
        0,
        2,
        0,
        1,
        0,
        1,
        0,
        3,
        0,
        1,
        0,
        1,
        0,
        1,
        0,
        4,
        0,
        3,
        0,
        4,
        0,
        3,
        0,
        0,
        0,
        0,
        0,
        0,
        0,
        4,
        0,
        1,
        0,
        2,
        0,
        0,
        0,
        2,
        0,
        4,
        0,
        0,
        0,
        3,
        0,
        3,
        0,
        0,
        0,
        0,
        0,
        4,
        0,
        3,
        0,
        4,
        0,
        4,
        0,
        3,
        0,
        4,
        0,
        3,
        0,
        0,
        0,
        4,
        0,
        3,
        0
    ],
    "makespan": 260,
    "normalized_makespan": 0.17786561264822134,
    "energy": 9347,
    "normalized_energy": 0,
    "tardiness": 92,
    "normalized_tardiness": 0.13609467455621302,
    "bestObjectiveFunction": 0.31396028720443436,
    "tiempo_por_iteracion": 0.5697641994642175
}