{
    "status": "OPTIMAL_SOLUTION",
    "solution": {
        "objective": 0.8022643935266296,
        "start_time": [
            [
                165,
                101,
                326,
                199,
                140
            ],
            [
                283,
                199,
                75,
                146,
                117
            ],
            [
                215,
                0,
                146,
                114,
                241
            ],
            [
                75,
                241,
                25,
                0,
                165
            ],
            [
                344,
                131,
                195,
                25,
                316
            ]
        ],
        "SpeedScaling": [
            [
                2,
                2,
                2,
                1,
                2
            ],
            [
                1,
                2,
                2,
                2,
                3
            ],
            [
                2,
                1,
                1,
                3,
                1
            ],
            [
                1,
                1,
                2,
                3,
                1
            ],
            [
                2,
                2,
                1,
                1,
                2
            ]
        ],
        "_output_item": "Objective function normalized: M-0.08004158004158005 + E-0.5795548227535037 + T-0.1426679907315458 = 0.8022643935266296 \nObjective function : M-366.0 + E-1504.0 + T-431.0 = 0.8022643935266296 \nStart Times: [165, 101, 326, 199, 140, 283, 199, 75, 146, 117, 215, 0, 146, 114, 241, 75, 241, 25, 0, 165, 344, 131, 195, 25, 316]\nSpeed Scaling; [2, 2, 2, 1, 2, 1, 2, 2, 2, 3, 2, 1, 1, 3, 1, 1, 1, 2, 3, 1, 2, 2, 1, 1, 2]\n",
        "_checker": ""
    },
    "statistics": {
        "paths": 0,
        "flatIntVars": 362,
        "flatFloatVars": 35,
        "flatIntConstraints": 452,
        "flatFloatConstraints": 35,
        "evaluatedHalfReifiedConstraints": 100,
        "method": "minimize",
        "flatTime": 91.121,
        "objective": 0.802264393527,
        "objectiveBound": 0.802264393527,
        "nodes": 64992,
        "solveTime": 31891.300000000003,
        "time": 18830.0,
        "openNodes": 5760,
        "nSolutions": 30
    }
}