{
    "bestSolution": [
        0,
        1,
        4,
        1,
        3,
        0,
        3,
        0,
        2,
        1,
        0,
        2,
        2,
        0,
        0,
        2,
        1,
        2,
        4,
        1,
        4,
        1,
        1,
        2,
        2,
        2,
        4,
        1,
        2,
        0,
        3,
        1,
        3,
        0,
        3,
        2,
        4,
        1,
        4,
        1,
        0,
        1,
        4,
        2,
        0,
        1,
        1,
        2,
        2,
        2,
        4,
        2,
        1,
        1,
        0,
        1,
        0,
        2,
        1,
        1,
        2,
        1,
        0,
        2,
        2,
        1,
        0,
        0,
        1,
        2,
        2,
        2,
        1,
        2,
        1,
        2,
        3,
        2,
        2,
        1,
        3,
        0,
        1,
        2,
        4,
        0,
        3,
        1,
        0,
        1,
        1,
        2,
        4,
        2,
        2,
        0,
        3,
        1,
        3,
        2
    ],
    "makespan": 129,
    "normalized_makespan": 0.07540056550424128,
    "energy": 4666,
    "normalized_energy": 0.8080939947780679,
    "tardiness": 208,
    "normalized_tardiness": 0.1873873873873874,
    "bestObjectiveFunction": 1.0708819476696965,
    "tiempo_por_iteracion": 0.9374270211247837
}