{
    "bestSolution": [
        7,
        1,
        1,
        1,
        5,
        0,
        4,
        1,
        7,
        0,
        4,
        1,
        4,
        1,
        0,
        1,
        2,
        1,
        3,
        1,
        5,
        1,
        0,
        1,
        3,
        2,
        3,
        2,
        2,
        0,
        0,
        2,
        4,
        1,
        7,
        0,
        5,
        1,
        6,
        2,
        8,
        2,
        9,
        1,
        2,
        2,
        8,
        1,
        4,
        2,
        5,
        0,
        7,
        2,
        3,
        2,
        8,
        2,
        3,
        0,
        7,
        2,
        0,
        0,
        9,
        2,
        1,
        0,
        8,
        0,
        6,
        0,
        6,
        2,
        0,
        0,
        9,
        1,
        5,
        0,
        6,
        2,
        9,
        1,
        1,
        1,
        9,
        2,
        2,
        2,
        1,
        1,
        8,
        0,
        2,
        2,
        1,
        0,
        6,
        2
    ],
    "makespan": 597,
    "normalized_makespan": 0.07391528039787343,
    "energy": 3360,
    "normalized_energy": 0.7119864464210081,
    "tardiness": 841,
    "normalized_tardiness": 0.14023678505919626,
    "bestObjectiveFunction": 0.9261385118780777,
    "tiempo_por_iteracion": 0.8364022113382816
}