{
    "bestSolution": [
        7,
        0,
        5,
        0,
        9,
        0,
        8,
        0,
        6,
        0,
        9,
        0,
        2,
        0,
        6,
        0,
        1,
        0,
        7,
        0,
        8,
        0,
        4,
        0,
        7,
        0,
        5,
        0,
        3,
        0,
        0,
        0,
        2,
        0,
        3,
        0,
        4,
        0,
        7,
        0,
        0,
        0,
        6,
        0,
        9,
        0,
        3,
        0,
        8,
        0,
        0,
        0,
        5,
        0,
        8,
        0,
        4,
        0,
        6,
        0,
        5,
        0,
        4,
        0,
        9,
        0,
        8,
        0,
        1,
        0,
        3,
        0,
        4,
        0,
        2,
        0,
        0,
        0,
        5,
        0,
        7,
        0,
        3,
        0,
        2,
        0,
        1,
        0,
        0,
        0,
        2,
        0,
        9,
        0,
        6,
        0,
        1,
        0,
        1,
        0
    ],
    "makespan": 566,
    "normalized_makespan": 0.20606060606060606,
    "energy": 3461,
    "normalized_energy": 0,
    "tardiness": 0,
    "normalized_tardiness": 0,
    "bestObjectiveFunction": 0.20606060606060606,
    "tiempo_por_iteracion": 2.500412940979004
}