{
    "bestSolution": [
        4,
        2,
        9,
        0,
        9,
        2,
        2,
        0,
        8,
        2,
        0,
        0,
        7,
        0,
        7,
        2,
        0,
        0,
        5,
        0,
        5,
        2,
        2,
        0,
        6,
        0,
        1,
        1,
        4,
        0,
        2,
        2,
        9,
        2,
        4,
        0,
        4,
        0,
        7,
        0,
        6,
        2,
        0,
        0,
        4,
        2,
        2,
        0,
        0,
        0,
        8,
        2,
        0,
        0,
        9,
        0,
        7,
        0,
        9,
        2,
        2,
        2,
        1,
        0,
        9,
        2,
        3,
        0,
        7,
        0,
        6,
        0,
        2,
        1,
        3,
        2,
        2,
        2,
        5,
        0,
        3,
        1,
        3,
        0,
        1,
        0,
        9,
        2,
        2,
        0,
        9,
        1,
        0,
        0,
        1,
        0,
        5,
        0,
        7,
        0,
        5,
        0,
        3,
        0,
        1,
        2,
        3,
        2,
        7,
        0,
        8,
        0,
        1,
        2,
        3,
        0,
        4,
        0,
        1,
        1,
        8,
        0,
        1,
        2,
        8,
        0,
        3,
        0,
        4,
        1,
        5,
        0,
        5,
        0,
        0,
        0,
        9,
        2,
        4,
        0,
        8,
        2,
        3,
        0,
        0,
        0,
        9,
        2,
        2,
        0,
        0,
        0,
        6,
        0,
        6,
        2,
        4,
        2,
        6,
        0,
        7,
        0,
        1,
        0,
        6,
        0,
        5,
        1,
        8,
        2,
        4,
        2,
        5,
        2,
        7,
        0,
        8,
        0,
        8,
        2,
        6,
        0,
        7,
        0,
        5,
        2,
        2,
        1,
        0,
        0,
        8,
        2,
        6,
        1,
        1,
        0,
        6,
        0,
        3,
        0
    ],
    "makespan": 524,
    "normalized_makespan": 0.1924061433447099,
    "energy": 8444,
    "normalized_energy": 0.2781289506953224,
    "tardiness": 0,
    "normalized_tardiness": 0,
    "bestObjectiveFunction": 0.4705350940400323,
    "tiempo_por_iteracion": 2.8642292499542235
}