{
    "bestSolution": [
        0,
        1,
        2,
        2,
        5,
        2,
        8,
        2,
        5,
        1,
        1,
        2,
        5,
        1,
        0,
        1,
        1,
        2,
        3,
        1,
        0,
        1,
        3,
        1,
        3,
        1,
        1,
        2,
        7,
        2,
        7,
        1,
        3,
        1,
        6,
        2,
        7,
        1,
        5,
        1,
        0,
        2,
        7,
        2,
        6,
        2,
        1,
        2,
        3,
        1,
        5,
        2,
        9,
        2,
        9,
        1,
        9,
        2,
        0,
        1,
        4,
        2,
        6,
        2,
        2,
        2,
        7,
        2,
        8,
        1,
        4,
        2,
        6,
        1,
        3,
        0,
        4,
        1,
        9,
        2,
        3,
        2,
        5,
        2,
        2,
        1,
        7,
        1,
        6,
        2,
        8,
        2,
        0,
        2,
        4,
        2,
        6,
        2,
        4,
        2,
        1,
        1,
        6,
        1,
        6,
        0,
        9,
        1,
        5,
        2,
        3,
        1,
        9,
        2,
        0,
        1,
        7,
        1,
        8,
        2,
        3,
        2,
        8,
        2,
        0,
        1,
        2,
        1,
        4,
        1,
        6,
        2,
        2,
        2,
        8,
        1,
        1,
        1,
        7,
        0,
        9,
        2,
        2,
        1,
        9,
        2,
        7,
        2,
        5,
        2,
        8,
        2,
        9,
        2,
        5,
        2,
        8,
        2,
        4,
        1,
        1,
        1,
        1,
        0,
        9,
        1,
        0,
        2,
        4,
        2,
        4,
        2,
        8,
        2,
        1,
        1,
        7,
        1,
        5,
        2,
        2,
        1,
        2,
        2,
        4,
        1,
        6,
        1,
        2,
        1,
        2,
        2,
        1,
        2,
        3,
        1,
        8,
        0,
        0,
        1
    ],
    "makespan": 180,
    "normalized_makespan": 0.04387990762124711,
    "energy": 9445,
    "normalized_energy": 0.9374634716540035,
    "tardiness": 239,
    "normalized_tardiness": 0.08971471471471472,
    "bestObjectiveFunction": 1.0710580939899654,
    "tiempo_por_iteracion": 2.3891766836058417
}