{
    "bestSolution": [
        4,
        0,
        3,
        2,
        1,
        0,
        3,
        2,
        0,
        2,
        0,
        2,
        2,
        1,
        2,
        1,
        3,
        1,
        0,
        0,
        3,
        1,
        1,
        2,
        0,
        0,
        4,
        2,
        1,
        2,
        2,
        0,
        1,
        1,
        4,
        1,
        4,
        2,
        3,
        0,
        1,
        1,
        2,
        0,
        2,
        1,
        4,
        2,
        0,
        1
    ],
    "makespan": 418,
    "normalized_makespan": 0.06656346749226007,
    "energy": 1541,
    "normalized_energy": 0.7251602564102564,
    "tardiness": 0,
    "normalized_tardiness": 0.0,
    "bestObjectiveFunction": 0.7917237239025164,
    "tiempo_por_iteracion": 0.4633817030035931
}