{
    "bestSolution": [
        8,
        0,
        0,
        0,
        6,
        4,
        6,
        1,
        2,
        0,
        1,
        0,
        8,
        0,
        1,
        1,
        0,
        3,
        5,
        3,
        8,
        0,
        6,
        3,
        4,
        2,
        0,
        4,
        1,
        0,
        7,
        1,
        5,
        2,
        2,
        1,
        4,
        1,
        8,
        2,
        2,
        0,
        1,
        3,
        4,
        0,
        8,
        4,
        5,
        4,
        0,
        1,
        1,
        1,
        1,
        2,
        2,
        0,
        3,
        2,
        9,
        0,
        3,
        0,
        7,
        0,
        9,
        2,
        4,
        1,
        7,
        3,
        1,
        1,
        9,
        0,
        6,
        3,
        7,
        0,
        9,
        4,
        5,
        4,
        4,
        0,
        4,
        3,
        8,
        2,
        1,
        2,
        0,
        3,
        4,
        0,
        9,
        0,
        1,
        2,
        9,
        4,
        6,
        2,
        4,
        0,
        3,
        3,
        3,
        0,
        3,
        2,
        2,
        0,
        8,
        3,
        0,
        3,
        1,
        0,
        7,
        0,
        6,
        0,
        4,
        4,
        0,
        2,
        7,
        0,
        3,
        4,
        6,
        1,
        4,
        3,
        2,
        3,
        2,
        4,
        5,
        0,
        0,
        4,
        3,
        4,
        8,
        2,
        9,
        0,
        6,
        1,
        0,
        3,
        9,
        2,
        5,
        1,
        7,
        3,
        3,
        0,
        3,
        4,
        8,
        3,
        5,
        3,
        5,
        2,
        0,
        1,
        3,
        3,
        7,
        1,
        9,
        0,
        8,
        1,
        2,
        1,
        2,
        4,
        5,
        1,
        6,
        1,
        6,
        0,
        7,
        0,
        7,
        2,
        9,
        2,
        5,
        0,
        2,
        3
    ],
    "makespan": 258,
    "normalized_makespan": 0.08819657744624836,
    "energy": 9105,
    "normalized_energy": 0.670439414114514,
    "tardiness": 659,
    "normalized_tardiness": 0.2821061643835616,
    "bestObjectiveFunction": 1.040742155944324,
    "tiempo_por_iteracion": 1.125680553285699
}