{
    "bestSolution": [
        1,
        2,
        2,
        0,
        0,
        1,
        1,
        0,
        3,
        1,
        2,
        1,
        0,
        0,
        1,
        2,
        2,
        0,
        4,
        2,
        4,
        1,
        3,
        0,
        4,
        0,
        2,
        1,
        0,
        0,
        3,
        1,
        1,
        1,
        4,
        1,
        1,
        0,
        0,
        2,
        3,
        1,
        3,
        1,
        2,
        0,
        4,
        0,
        0,
        0
    ],
    "makespan": 464,
    "normalized_makespan": 0.09144893111638955,
    "energy": 1413,
    "normalized_energy": 0.5577557755775577,
    "tardiness": 355,
    "normalized_tardiness": 0.1007377979568672,
    "bestObjectiveFunction": 0.7499425046508145,
    "tiempo_por_iteracion": 0.45830666813357124
}