{
    "bestSolution": [
        3,
        4,
        1,
        0,
        0,
        0,
        2,
        1,
        4,
        0,
        3,
        0,
        1,
        1,
        2,
        0,
        4,
        0,
        0,
        0,
        2,
        0,
        3,
        0,
        3,
        0,
        0,
        1,
        1,
        0,
        1,
        2,
        2,
        0,
        0,
        0,
        3,
        0,
        4,
        0,
        1,
        0,
        4,
        0,
        4,
        1,
        2,
        0,
        0,
        0
    ],
    "makespan": 889,
    "normalized_makespan": 0.2046149569085349,
    "energy": 873,
    "normalized_energy": 0.1945945945945946,
    "tardiness": 0,
    "normalized_tardiness": 0,
    "bestObjectiveFunction": 0.39920955150312953,
    "tiempo_por_iteracion": 0.35537710880643486
}