{
    "bestSolution": [
        7,
        2,
        8,
        3,
        5,
        3,
        8,
        1,
        3,
        3,
        6,
        3,
        5,
        1,
        5,
        2,
        6,
        2,
        0,
        0,
        8,
        3,
        1,
        2,
        3,
        4,
        8,
        4,
        6,
        1,
        3,
        1,
        0,
        3,
        9,
        2,
        3,
        3,
        5,
        4,
        6,
        4,
        2,
        3,
        1,
        1,
        8,
        3,
        6,
        3,
        7,
        4,
        0,
        2,
        5,
        0,
        9,
        1,
        6,
        3,
        0,
        3,
        1,
        4,
        5,
        1,
        6,
        3,
        8,
        3,
        2,
        4,
        7,
        3,
        7,
        4,
        0,
        0,
        5,
        4,
        8,
        4,
        4,
        3,
        9,
        4,
        8,
        3,
        3,
        2,
        6,
        4,
        7,
        1,
        3,
        3,
        2,
        4,
        0,
        3,
        1,
        1,
        4,
        4,
        4,
        3,
        9,
        4,
        9,
        3,
        6,
        3,
        6,
        4,
        4,
        3,
        0,
        4,
        7,
        3,
        8,
        1,
        0,
        4,
        2,
        2,
        9,
        3,
        8,
        4,
        7,
        3,
        3,
        3,
        4,
        4,
        9,
        3,
        4,
        2,
        7,
        2,
        1,
        3,
        5,
        3,
        2,
        3,
        4,
        2,
        4,
        4,
        3,
        3,
        0,
        2,
        3,
        2,
        9,
        2,
        2,
        3,
        1,
        3,
        4,
        1,
        7,
        3,
        5,
        3,
        5,
        3,
        9,
        3,
        0,
        3,
        2,
        1,
        7,
        2,
        1,
        1,
        1,
        1,
        3,
        3,
        9,
        4,
        2,
        0,
        4,
        2,
        2,
        3,
        1,
        1,
        2,
        3,
        1,
        2
    ],
    "makespan": 199,
    "normalized_makespan": 0.046292811441475346,
    "energy": 9361,
    "normalized_energy": 0.8998252766453116,
    "tardiness": 277,
    "normalized_tardiness": 0.10135382363702891,
    "bestObjectiveFunction": 1.0474719117238158,
    "tiempo_por_iteracion": 1.7600411813553065
}