{
    "bestSolution": [
        3,
        0,
        2,
        3,
        1,
        0,
        2,
        0,
        0,
        0,
        2,
        1,
        4,
        0,
        1,
        2,
        0,
        1,
        3,
        2,
        3,
        0,
        1,
        4,
        2,
        2,
        4,
        0,
        2,
        0,
        2,
        0,
        1,
        0,
        0,
        0,
        4,
        4,
        4,
        4,
        1,
        0,
        4,
        1,
        3,
        2,
        4,
        0,
        0,
        4,
        0,
        0,
        1,
        0,
        2,
        1,
        3,
        0,
        3,
        0,
        4,
        0,
        0,
        0,
        1,
        0,
        4,
        1,
        3,
        0,
        2,
        0,
        0,
        3,
        3,
        0,
        2,
        0,
        0,
        2,
        1,
        0,
        4,
        0,
        3,
        0,
        0,
        0,
        1,
        3,
        0,
        0,
        3,
        1,
        1,
        0,
        2,
        1,
        4,
        0
    ],
    "makespan": 1216,
    "normalized_makespan": 0.14536418698555675,
    "energy": 2264,
    "normalized_energy": 0.3163265306122449,
    "tardiness": 0,
    "normalized_tardiness": 0,
    "bestObjectiveFunction": 0.46169071759780167,
    "tiempo_por_iteracion": 0.4453566795901248
}