{
    "bestSolution": [
        1,
        0,
        2,
        2,
        3,
        0,
        2,
        0,
        1,
        0,
        3,
        4,
        1,
        4,
        0,
        4,
        4,
        0,
        2,
        0,
        0,
        0,
        4,
        4,
        3,
        0,
        3,
        0,
        1,
        0,
        4,
        0,
        0,
        0,
        1,
        0,
        4,
        4,
        2,
        0,
        4,
        0,
        4,
        0,
        1,
        4,
        0,
        3,
        3,
        4,
        0,
        0,
        4,
        4,
        2,
        4,
        2,
        0,
        3,
        0,
        0,
        0,
        1,
        0,
        2,
        4,
        3,
        0,
        4,
        0,
        2,
        0,
        4,
        3,
        2,
        0,
        0,
        4,
        3,
        0,
        1,
        0,
        3,
        0,
        2,
        0,
        3,
        4,
        0,
        0,
        0,
        0,
        1,
        1,
        4,
        4,
        1,
        3,
        0,
        0
    ],
    "makespan": 1277,
    "normalized_makespan": 0.15483770771858985,
    "energy": 2302,
    "normalized_energy": 0.33183673469387753,
    "tardiness": 0,
    "normalized_tardiness": 0,
    "bestObjectiveFunction": 0.4866744424124674,
    "tiempo_por_iteracion": 1.5292639009880298
}