{
    "bestSolution": [
        9,
        0,
        6,
        0,
        2,
        0,
        3,
        3,
        3,
        0,
        7,
        0,
        4,
        0,
        5,
        0,
        1,
        0,
        8,
        0,
        7,
        1,
        1,
        2,
        0,
        1,
        6,
        3,
        9,
        0,
        6,
        0,
        1,
        1,
        3,
        0,
        2,
        0,
        4,
        0,
        8,
        0,
        1,
        0,
        5,
        0,
        7,
        0,
        5,
        0,
        0,
        0,
        9,
        1,
        3,
        0,
        8,
        0,
        2,
        3,
        8,
        0,
        7,
        0,
        6,
        0,
        9,
        0,
        5,
        0,
        4,
        1,
        1,
        0,
        7,
        0,
        4,
        2,
        4,
        3,
        0,
        0,
        5,
        4,
        2,
        1,
        8,
        3,
        3,
        0,
        9,
        2,
        0,
        0,
        2,
        0,
        6,
        1,
        0,
        3
    ],
    "makespan": 1120,
    "normalized_makespan": 0.14854682454251883,
    "energy": 2271,
    "normalized_energy": 0.2869822485207101,
    "tardiness": 0,
    "normalized_tardiness": 0,
    "bestObjectiveFunction": 0.4355290730632289,
    "tiempo_por_iteracion": 0.47637392993264355
}