{
    "status": "OPTIMAL_SOLUTION",
    "solution": {
        "objective": 0.8542808413229117,
        "start_time": [
            [
                321,
                494,
                285,
                376,
                223
            ],
            [
                381,
                285,
                212,
                65,
                349
            ],
            [
                91,
                212,
                159,
                254,
                445
            ],
            [
                160,
                397,
                125,
                312,
                40
            ],
            [
                233,
                99,
                65,
                0,
                144
            ]
        ],
        "SpeedScaling": [
            [
                1,
                2,
                2,
                1,
                2
            ],
            [
                1,
                2,
                1,
                2,
                1
            ],
            [
                2,
                2,
                2,
                1,
                1
            ],
            [
                2,
                2,
                2,
                2,
                2
            ],
            [
                2,
                1,
                1,
                1,
                2
            ]
        ],
        "_output_item": "Objective function normalized: M-0.109375 + E-0.4588031222896791 + T-0.2861027190332326 = 0.8542808413229117 \nObjective function: M-517.0 + E-1357.0 + T-947.0 = 0.8542808413229117 \nStart Times: [321, 494, 285, 376, 223, 381, 285, 212, 65, 349, 91, 212, 159, 254, 445, 160, 397, 125, 312, 40, 233, 99, 65, 0, 144]\nSpeed Scaling; [1, 2, 2, 1, 2, 1, 2, 1, 2, 1, 2, 2, 2, 1, 1, 2, 2, 2, 2, 2, 2, 1, 1, 1, 2]\n",
        "_checker": ""
    },
    "statistics": {
        "paths": 0,
        "flatIntVars": 501,
        "flatFloatVars": 54,
        "flatIntConstraints": 576,
        "flatFloatConstraints": 54,
        "evaluatedHalfReifiedConstraints": 100,
        "method": "minimize",
        "flatTime": 129.311,
        "objective": 0.854280841323,
        "objectiveBound": 0.854280841323,
        "nodes": 15230,
        "solveTime": 29396.3,
        "time": 23820.0,
        "openNodes": 2477,
        "nSolutions": 26
    }
}