{
    "bestSolution": [
        5,
        0,
        5,
        0,
        7,
        0,
        8,
        0,
        4,
        0,
        5,
        0,
        0,
        0,
        5,
        0,
        0,
        0,
        7,
        0,
        4,
        0,
        3,
        0,
        6,
        0,
        0,
        0,
        3,
        0,
        6,
        0,
        1,
        0,
        3,
        0,
        0,
        0,
        9,
        0,
        4,
        0,
        6,
        0,
        7,
        0,
        8,
        0,
        5,
        0,
        5,
        0,
        8,
        0,
        9,
        0,
        0,
        0,
        5,
        0,
        7,
        0,
        0,
        0,
        8,
        0,
        7,
        0,
        2,
        0,
        6,
        0,
        1,
        0,
        3,
        0,
        3,
        0,
        3,
        0,
        0,
        0,
        8,
        0,
        2,
        0,
        6,
        0,
        9,
        0,
        1,
        0,
        7,
        0,
        9,
        0,
        9,
        0,
        1,
        0,
        2,
        0,
        2,
        0,
        9,
        0,
        8,
        0,
        4,
        0,
        7,
        0,
        9,
        0,
        0,
        0,
        4,
        0,
        1,
        0,
        6,
        0,
        4,
        0,
        8,
        0,
        5,
        0,
        1,
        0,
        9,
        0,
        3,
        0,
        9,
        0,
        3,
        0,
        6,
        0,
        0,
        0,
        2,
        0,
        8,
        0,
        1,
        0,
        2,
        0,
        2,
        0,
        0,
        0,
        7,
        0,
        2,
        0,
        3,
        0,
        7,
        0,
        9,
        0,
        8,
        0,
        4,
        0,
        4,
        0,
        5,
        0,
        7,
        0,
        6,
        0,
        5,
        0,
        6,
        0,
        1,
        0,
        1,
        0,
        1,
        0,
        6,
        0,
        4,
        0,
        8,
        0,
        3,
        0,
        2,
        0,
        4,
        0,
        2,
        0
    ],
    "makespan": 186,
    "normalized_makespan": 0.18550106609808104,
    "energy": 9445,
    "normalized_energy": 0,
    "tardiness": 202,
    "normalized_tardiness": 0.35563380281690143,
    "bestObjectiveFunction": 0.5411348689149824,
    "tiempo_por_iteracion": 0.4774701635042826
}