{
    "bestSolution": [
        4,
        2,
        8,
        0,
        3,
        0,
        1,
        0,
        2,
        0,
        3,
        0,
        8,
        0,
        6,
        0,
        9,
        0,
        5,
        0,
        8,
        0,
        5,
        0,
        5,
        0,
        5,
        0,
        9,
        2,
        7,
        0,
        2,
        0,
        0,
        2,
        6,
        0,
        0,
        0,
        3,
        0,
        2,
        2,
        7,
        0,
        7,
        0,
        9,
        0,
        0,
        0,
        1,
        0,
        1,
        0,
        2,
        0,
        1,
        0,
        4,
        0,
        2,
        0,
        3,
        0,
        9,
        0,
        6,
        0,
        7,
        1,
        0,
        0,
        1,
        0,
        3,
        0,
        4,
        0,
        8,
        0,
        0,
        0,
        4,
        0,
        6,
        0,
        7,
        0,
        5,
        0,
        8,
        0,
        9,
        0,
        6,
        0,
        4,
        0
    ],
    "makespan": 1814,
    "normalized_makespan": 0.2583320294163668,
    "energy": 1743,
    "normalized_energy": 0.0845012366034625,
    "tardiness": 0,
    "normalized_tardiness": 0,
    "bestObjectiveFunction": 0.3428332660198293,
    "tiempo_por_iteracion": 0.751773299397649
}