{
    "bestSolution": [
        13,
        0,
        15,
        0,
        3,
        0,
        16,
        0,
        9,
        0,
        16,
        0,
        12,
        0,
        6,
        0,
        8,
        0,
        1,
        0,
        16,
        0,
        9,
        0,
        15,
        0,
        13,
        0,
        0,
        0,
        17,
        0,
        3,
        0,
        18,
        0,
        19,
        0,
        10,
        0,
        12,
        0,
        7,
        0,
        7,
        0,
        3,
        0,
        2,
        0,
        19,
        0,
        6,
        0,
        7,
        0,
        18,
        0,
        2,
        0,
        4,
        0,
        13,
        0,
        3,
        0,
        13,
        0,
        14,
        0,
        0,
        0,
        5,
        0,
        12,
        0,
        14,
        0,
        16,
        0,
        3,
        0,
        12,
        0,
        4,
        0,
        10,
        0,
        12,
        0,
        19,
        0,
        6,
        0,
        4,
        0,
        8,
        0,
        2,
        0,
        11,
        0,
        15,
        0,
        17,
        0,
        4,
        0,
        10,
        0,
        18,
        0,
        9,
        0,
        11,
        0,
        0,
        0,
        1,
        0,
        5,
        0,
        2,
        0,
        15,
        0,
        13,
        0,
        9,
        0,
        10,
        0,
        11,
        0,
        11,
        0,
        7,
        0,
        6,
        0,
        19,
        0,
        16,
        0,
        14,
        0,
        8,
        0,
        18,
        0,
        2,
        0,
        1,
        0,
        11,
        0,
        17,
        0,
        5,
        0,
        8,
        0,
        0,
        0,
        17,
        0,
        19,
        0,
        5,
        0,
        1,
        0,
        14,
        0,
        7,
        0,
        8,
        0,
        17,
        0,
        18,
        0,
        1,
        0,
        9,
        0,
        14,
        0,
        15,
        0,
        10,
        0,
        5,
        0,
        4,
        0,
        0,
        0,
        6,
        0
    ],
    "makespan": 857,
    "normalized_makespan": 0.20124958895100295,
    "energy": 7249,
    "normalized_energy": 0,
    "tardiness": 2563,
    "normalized_tardiness": 0.7799756542909312,
    "bestObjectiveFunction": 0.9812252432419342,
    "tiempo_por_iteracion": 3.5187487602233887
}