{
    "bestSolution": [
        1,
        0,
        0,
        0,
        2,
        0,
        1,
        0,
        0,
        0,
        0,
        0,
        0,
        0,
        0,
        0,
        4,
        0,
        1,
        0,
        1,
        0,
        2,
        0,
        3,
        0,
        2,
        0,
        1,
        0,
        1,
        0,
        4,
        0,
        3,
        0,
        1,
        0,
        4,
        0,
        4,
        0,
        0,
        0,
        0,
        0,
        1,
        0,
        3,
        0,
        3,
        0,
        3,
        0,
        3,
        0,
        0,
        0,
        0,
        0,
        2,
        0,
        4,
        0,
        3,
        0,
        1,
        0,
        4,
        0,
        4,
        0,
        4,
        0,
        2,
        0,
        2,
        0,
        3,
        0,
        3,
        0,
        2,
        0,
        3,
        0,
        4,
        0,
        4,
        0,
        3,
        0,
        4,
        0,
        1,
        0,
        2,
        0,
        0,
        0,
        0,
        0,
        3,
        0,
        4,
        0,
        1,
        0,
        0,
        0,
        3,
        0,
        3,
        0,
        4,
        0,
        4,
        0,
        4,
        0,
        2,
        0,
        4,
        0,
        0,
        0,
        3,
        0,
        0,
        0,
        1,
        0,
        1,
        0,
        2,
        0,
        1,
        0,
        2,
        0,
        3,
        0,
        4,
        0,
        3,
        0,
        2,
        0,
        2,
        0,
        2,
        0,
        1,
        0,
        2,
        0,
        4,
        0,
        4,
        0,
        0,
        0,
        1,
        0,
        3,
        0,
        0,
        0,
        1,
        0,
        0,
        0,
        2,
        0,
        4,
        0,
        0,
        0,
        1,
        0,
        0,
        0,
        3,
        0,
        1,
        0,
        1,
        0,
        2,
        0,
        2,
        0,
        2,
        0,
        0,
        0,
        2,
        0,
        3,
        0
    ],
    "makespan": 257,
    "normalized_makespan": 0.19473684210526315,
    "energy": 9451,
    "normalized_energy": 0,
    "tardiness": 154,
    "normalized_tardiness": 0.27353463587921845,
    "bestObjectiveFunction": 0.4682714779844816,
    "tiempo_por_iteracion": 2.2434499626574307
}