{
    "bestSolution": [
        3,
        0,
        3,
        0,
        0,
        0,
        0,
        0,
        2,
        0,
        2,
        0,
        4,
        0,
        2,
        0,
        4,
        0,
        2,
        0,
        1,
        0,
        0,
        0,
        0,
        0,
        4,
        0,
        2,
        0,
        1,
        0,
        2,
        0,
        2,
        0,
        0,
        0,
        3,
        0,
        0,
        0,
        0,
        0,
        1,
        0,
        4,
        0,
        1,
        0,
        3,
        0,
        1,
        0,
        3,
        0,
        3,
        0,
        1,
        0,
        4,
        0,
        4,
        0,
        4,
        0,
        0,
        0,
        3,
        0,
        4,
        0,
        2,
        0,
        2,
        0,
        0,
        0,
        3,
        0,
        3,
        0,
        3,
        0,
        1,
        0,
        1,
        0,
        2,
        0,
        1,
        0,
        4,
        0,
        0,
        0,
        4,
        0,
        1,
        0
    ],
    "makespan": 472,
    "normalized_makespan": 0.062406015037593986,
    "energy": 3557,
    "normalized_energy": 0,
    "tardiness": 0,
    "normalized_tardiness": 0.0,
    "bestObjectiveFunction": 0.062406015037593986,
    "tiempo_por_iteracion": 0.8620766848325729
}