{
    "bestSolution": [
        3,
        2,
        1,
        0,
        2,
        3,
        1,
        3,
        4,
        1,
        4,
        3,
        1,
        1,
        3,
        2,
        0,
        2,
        2,
        1,
        4,
        2,
        1,
        4,
        3,
        1,
        3,
        2,
        4,
        1,
        4,
        1,
        2,
        0,
        0,
        2,
        0,
        0,
        4,
        1,
        4,
        2,
        3,
        3,
        0,
        2,
        4,
        1,
        2,
        1,
        1,
        1,
        2,
        3,
        1,
        2,
        0,
        0,
        3,
        1,
        4,
        4,
        1,
        1,
        2,
        2,
        1,
        3,
        4,
        0,
        1,
        2,
        1,
        4,
        4,
        1,
        4,
        0,
        0,
        3,
        2,
        3,
        0,
        3,
        3,
        4,
        2,
        2,
        2,
        3,
        0,
        3,
        2,
        2,
        2,
        2,
        3,
        1,
        0,
        3,
        1,
        0,
        3,
        4,
        3,
        0,
        2,
        3,
        4,
        3,
        1,
        4,
        4,
        1,
        4,
        2,
        4,
        2,
        0,
        0,
        3,
        1,
        3,
        2,
        0,
        3,
        2,
        1,
        1,
        2,
        2,
        4,
        1,
        1,
        0,
        3,
        1,
        2,
        2,
        0,
        1,
        0,
        4,
        4,
        3,
        1,
        0,
        1,
        0,
        1,
        3,
        4,
        3,
        3,
        3,
        3,
        2,
        1,
        0,
        1,
        0,
        1,
        2,
        1,
        2,
        3,
        4,
        0,
        4,
        2,
        2,
        1,
        4,
        0,
        3,
        4,
        1,
        0,
        1,
        0,
        0,
        1,
        1,
        3,
        2,
        1,
        0,
        1,
        3,
        1,
        0,
        1,
        0,
        1,
        1,
        1,
        3,
        3,
        3,
        1
    ],
    "makespan": 1600,
    "normalized_makespan": 0.07351467430207588,
    "energy": 6326,
    "normalized_energy": 0.7183410509361787,
    "tardiness": 1278,
    "normalized_tardiness": 0.08787732929931925,
    "bestObjectiveFunction": 0.8797330545375739,
    "tiempo_por_iteracion": 1.4250624646673669
}