{
    "bestSolution": [
        1,
        1,
        4,
        2,
        1,
        3,
        2,
        4,
        2,
        2,
        3,
        4,
        1,
        3,
        0,
        2,
        3,
        1,
        0,
        1,
        3,
        0,
        4,
        2,
        4,
        2,
        0,
        4,
        2,
        4,
        4,
        0,
        1,
        1,
        3,
        4,
        2,
        1,
        1,
        0,
        4,
        4,
        2,
        1,
        0,
        3,
        0,
        0,
        3,
        2
    ],
    "makespan": 470,
    "normalized_makespan": 0.11910946196660482,
    "energy": 1743,
    "normalized_energy": 0.7335092348284961,
    "tardiness": 241,
    "normalized_tardiness": 0.08473980309423347,
    "bestObjectiveFunction": 0.9373584998893343,
    "tiempo_por_iteracion": 0.3319120312525221
}