{
    "bestSolution": [
        1,
        0,
        4,
        0,
        2,
        1,
        3,
        4,
        1,
        1,
        1,
        1,
        1,
        0,
        1,
        2,
        1,
        1,
        2,
        4,
        2,
        0,
        3,
        2,
        2,
        0,
        2,
        3,
        1,
        4,
        2,
        0,
        4,
        4,
        2,
        1,
        1,
        3,
        2,
        4,
        0,
        3,
        1,
        2,
        3,
        0,
        0,
        3,
        4,
        3,
        0,
        2,
        2,
        4,
        4,
        3,
        3,
        4,
        1,
        1,
        0,
        3,
        2,
        4,
        4,
        4,
        0,
        4,
        1,
        3,
        0,
        3,
        1,
        0,
        4,
        0,
        3,
        3,
        2,
        3,
        0,
        1,
        0,
        2,
        0,
        3,
        1,
        0,
        2,
        0,
        4,
        2,
        0,
        3,
        4,
        3,
        1,
        0,
        0,
        4,
        3,
        0,
        3,
        4,
        2,
        0,
        4,
        3,
        3,
        1,
        2,
        4,
        3,
        2,
        1,
        2,
        0,
        2,
        3,
        4,
        3,
        0,
        4,
        2,
        2,
        2,
        4,
        1,
        4,
        4,
        1,
        3,
        0,
        1,
        0,
        2,
        4,
        4,
        1,
        0,
        2,
        4,
        1,
        4,
        2,
        1,
        4,
        0,
        2,
        0,
        4,
        4,
        3,
        1,
        3,
        2,
        3,
        3,
        2,
        2,
        3,
        1,
        1,
        1,
        4,
        1,
        0,
        1,
        4,
        3,
        3,
        4,
        0,
        0,
        1,
        0,
        2,
        4,
        4,
        0,
        3,
        0,
        0,
        2,
        3,
        4,
        0,
        1,
        0,
        0,
        4,
        0,
        3,
        1,
        0,
        1,
        4,
        0,
        3,
        3
    ],
    "makespan": 262,
    "normalized_makespan": 0.07226738934056007,
    "energy": 9189,
    "normalized_energy": 0.7294498381877023,
    "tardiness": 202,
    "normalized_tardiness": 0.08721934369602763,
    "bestObjectiveFunction": 0.88893657122429,
    "tiempo_por_iteracion": 1.5662992833608604
}