{
    "bestSolution": [
        3,
        1,
        3,
        1,
        4,
        1,
        1,
        2,
        2,
        0,
        0,
        1,
        0,
        4,
        4,
        3,
        3,
        0,
        1,
        0,
        4,
        1,
        4,
        2,
        2,
        4,
        0,
        2,
        1,
        0,
        3,
        1,
        2,
        4,
        4,
        4,
        0,
        1,
        1,
        0,
        4,
        4,
        1,
        1,
        0,
        2,
        3,
        0,
        2,
        1,
        4,
        3,
        0,
        3,
        2,
        0,
        1,
        2,
        1,
        0,
        3,
        1,
        3,
        3,
        4,
        0,
        2,
        1,
        0,
        2,
        1,
        0,
        3,
        2,
        3,
        1,
        0,
        1,
        0,
        2,
        2,
        2,
        1,
        3,
        4,
        0,
        2,
        0,
        4,
        2,
        3,
        2,
        0,
        3,
        1,
        1,
        0,
        0,
        1,
        2,
        4,
        3,
        2,
        1,
        0,
        1,
        3,
        0,
        4,
        4,
        2,
        1,
        4,
        0,
        3,
        0,
        1,
        1,
        0,
        0,
        1,
        2,
        0,
        0,
        1,
        0,
        2,
        1,
        2,
        4,
        2,
        3,
        0,
        1,
        3,
        4,
        1,
        3,
        3,
        4,
        0,
        2,
        4,
        0,
        1,
        0,
        4,
        1,
        2,
        1,
        3,
        0,
        4,
        0,
        0,
        4,
        4,
        0,
        0,
        2,
        2,
        0,
        1,
        1,
        3,
        0,
        2,
        0,
        1,
        0,
        4,
        1,
        0,
        0,
        2,
        2,
        3,
        3,
        4,
        3,
        2,
        1,
        4,
        1,
        2,
        0,
        1,
        0,
        3,
        3,
        1,
        3,
        3,
        2,
        3,
        2,
        2,
        3,
        0,
        0
    ],
    "makespan": 1532,
    "normalized_makespan": 0.07828125,
    "energy": 5845,
    "normalized_energy": 0.5887227162489895,
    "tardiness": 329,
    "normalized_tardiness": 0.02468117029257314,
    "bestObjectiveFunction": 0.6916851365415626,
    "tiempo_por_iteracion": 0.9614316733444438
}