{
    "bestSolution": [
        3,
        3,
        0,
        2,
        2,
        4,
        1,
        1,
        4,
        1,
        1,
        1,
        4,
        1,
        1,
        3,
        0,
        1,
        4,
        0,
        2,
        2,
        3,
        2,
        4,
        2,
        3,
        3,
        3,
        1,
        2,
        1,
        4,
        1,
        1,
        1,
        3,
        3,
        0,
        2,
        2,
        1,
        4,
        0,
        1,
        4,
        2,
        1,
        2,
        1,
        0,
        1,
        3,
        1,
        3,
        0,
        0,
        2,
        4,
        3,
        3,
        2,
        1,
        1,
        4,
        3,
        2,
        1,
        0,
        1,
        1,
        2,
        1,
        1,
        0,
        1,
        3,
        0,
        1,
        0,
        4,
        0,
        2,
        2,
        4,
        1,
        3,
        2,
        2,
        0,
        2,
        3,
        0,
        3,
        1,
        2,
        0,
        3,
        0,
        2
    ],
    "makespan": 794,
    "normalized_makespan": 0.07804878048780488,
    "energy": 3232,
    "normalized_energy": 0.7063394683026585,
    "tardiness": 446,
    "normalized_tardiness": 0.06703742672478581,
    "bestObjectiveFunction": 0.8514256755152492,
    "tiempo_por_iteracion": 0.554709126661112
}