{
    "bestSolution": [
        2,
        0,
        4,
        0,
        3,
        0,
        1,
        0,
        4,
        0,
        4,
        0,
        4,
        0,
        2,
        0,
        0,
        0,
        3,
        0,
        3,
        0,
        2,
        0,
        2,
        0,
        4,
        0,
        3,
        0,
        4,
        0,
        4,
        0,
        0,
        0,
        1,
        0,
        4,
        0,
        1,
        0,
        0,
        0,
        0,
        0,
        4,
        0,
        4,
        0,
        0,
        0,
        2,
        0,
        2,
        0,
        2,
        0,
        2,
        0,
        0,
        0,
        1,
        0,
        1,
        0,
        3,
        0,
        3,
        0,
        3,
        0,
        2,
        0,
        3,
        0,
        0,
        0,
        1,
        0,
        3,
        0,
        0,
        0,
        2,
        0,
        1,
        0,
        0,
        0,
        3,
        0,
        0,
        0,
        1,
        0,
        1,
        0,
        1,
        0
    ],
    "makespan": 152,
    "normalized_makespan": 0.3427230046948357,
    "energy": 4716,
    "normalized_energy": 0,
    "tardiness": 32,
    "normalized_tardiness": 0.1095890410958904,
    "bestObjectiveFunction": 0.4523120457907261,
    "tiempo_por_iteracion": 1.6669531166553497
}