{
    "bestSolution": [
        9,
        2,
        19,
        0,
        11,
        0,
        15,
        0,
        10,
        0,
        13,
        2,
        10,
        0,
        12,
        1,
        15,
        2,
        5,
        2,
        1,
        2,
        4,
        2,
        3,
        0,
        17,
        0,
        6,
        0,
        2,
        0,
        5,
        0,
        1,
        2,
        14,
        0,
        17,
        0,
        16,
        0,
        19,
        2,
        10,
        0,
        4,
        0,
        18,
        0,
        19,
        2,
        1,
        0,
        0,
        0,
        8,
        2,
        9,
        0,
        4,
        0,
        3,
        0,
        2,
        0,
        4,
        0,
        18,
        0,
        17,
        2,
        13,
        0,
        9,
        2,
        6,
        2,
        12,
        0,
        12,
        0,
        16,
        0,
        1,
        0,
        7,
        2,
        3,
        0,
        3,
        0,
        8,
        0,
        16,
        0,
        2,
        0,
        9,
        0,
        14,
        0,
        17,
        0,
        8,
        0,
        11,
        0,
        18,
        2,
        13,
        2,
        16,
        0,
        11,
        0,
        0,
        0,
        14,
        0,
        1,
        0,
        6,
        2,
        5,
        2,
        11,
        2,
        8,
        0,
        9,
        2,
        0,
        2,
        19,
        0,
        7,
        0,
        16,
        0,
        15,
        0,
        7,
        0,
        18,
        2,
        19,
        0,
        10,
        0,
        2,
        1,
        13,
        0,
        13,
        0,
        15,
        0,
        17,
        0,
        5,
        0,
        12,
        0,
        4,
        0,
        0,
        0,
        14,
        2,
        7,
        0,
        0,
        0,
        11,
        0,
        15,
        2,
        6,
        2,
        14,
        0,
        6,
        0,
        12,
        2,
        8,
        0,
        18,
        1,
        5,
        0,
        10,
        0,
        3,
        0,
        7,
        1,
        2,
        2
    ],
    "makespan": 2744,
    "normalized_makespan": 0.19164674237895996,
    "energy": 4484,
    "normalized_energy": 0.2804826418289585,
    "tardiness": 0,
    "normalized_tardiness": 0,
    "bestObjectiveFunction": 0.47212938420791845,
    "tiempo_por_iteracion": 1.8800435364246368
}