{
    "bestSolution": [
        8,
        2,
        5,
        1,
        0,
        1,
        9,
        2,
        5,
        0,
        8,
        0,
        2,
        1,
        3,
        0,
        5,
        2,
        1,
        1,
        6,
        1,
        2,
        0,
        0,
        0,
        8,
        2,
        4,
        1,
        1,
        2,
        7,
        2,
        2,
        2,
        6,
        1,
        9,
        1,
        3,
        2,
        7,
        2,
        6,
        2,
        9,
        2,
        8,
        1,
        3,
        0,
        9,
        1,
        2,
        1,
        6,
        0,
        1,
        2,
        9,
        2,
        4,
        2,
        0,
        1,
        6,
        2,
        8,
        2,
        7,
        2,
        5,
        1,
        1,
        1,
        1,
        2,
        3,
        0,
        6,
        1,
        0,
        1,
        8,
        0,
        4,
        0,
        5,
        0,
        7,
        2,
        9,
        1,
        2,
        2,
        8,
        2,
        9,
        2,
        6,
        1,
        4,
        1,
        2,
        1,
        0,
        1,
        6,
        1,
        0,
        2,
        6,
        2,
        3,
        2,
        1,
        2,
        2,
        2,
        7,
        2,
        5,
        1,
        1,
        2,
        7,
        2,
        0,
        1,
        3,
        1,
        9,
        0,
        1,
        2,
        8,
        2,
        9,
        0,
        4,
        2,
        8,
        1,
        7,
        0,
        5,
        1,
        3,
        2,
        7,
        2,
        0,
        2,
        4,
        1,
        5,
        1,
        5,
        2,
        8,
        0,
        1,
        1,
        2,
        2,
        3,
        2,
        4,
        1,
        6,
        1,
        7,
        2,
        2,
        1,
        3,
        0,
        9,
        1,
        4,
        0,
        4,
        1,
        1,
        2,
        4,
        1,
        7,
        0,
        5,
        0,
        0,
        1,
        2,
        0,
        0,
        1,
        3,
        2
    ],
    "makespan": 952,
    "normalized_makespan": 0.052451539338654506,
    "energy": 6678,
    "normalized_energy": 0.7601520304060813,
    "tardiness": 1425,
    "normalized_tardiness": 0.10620854140269807,
    "bestObjectiveFunction": 0.9188121111474339,
    "tiempo_por_iteracion": 1.6059971907559563
}