{
    "bestSolution": [
        13,
        0,
        10,
        0,
        0,
        4,
        0,
        1,
        17,
        3,
        13,
        0,
        16,
        4,
        5,
        0,
        12,
        3,
        1,
        3,
        14,
        0,
        19,
        0,
        16,
        2,
        10,
        4,
        17,
        0,
        18,
        4,
        11,
        2,
        14,
        3,
        9,
        0,
        6,
        0,
        18,
        0,
        12,
        4,
        9,
        0,
        3,
        4,
        18,
        0,
        5,
        4,
        6,
        2,
        5,
        3,
        4,
        4,
        8,
        2,
        17,
        0,
        7,
        4,
        14,
        0,
        1,
        4,
        8,
        0,
        6,
        3,
        5,
        0,
        7,
        0,
        15,
        4,
        4,
        4,
        19,
        0,
        8,
        0,
        2,
        0,
        3,
        4,
        1,
        0,
        0,
        4,
        19,
        0,
        12,
        0,
        15,
        0,
        10,
        0,
        4,
        3,
        12,
        0,
        19,
        0,
        13,
        0,
        14,
        1,
        2,
        0,
        12,
        0,
        18,
        4,
        16,
        4,
        1,
        0,
        4,
        0,
        3,
        0,
        11,
        0,
        13,
        4,
        0,
        0,
        10,
        0,
        2,
        0,
        16,
        0,
        9,
        4,
        16,
        4,
        7,
        3,
        0,
        4,
        15,
        0,
        19,
        4,
        3,
        4,
        17,
        4,
        6,
        0,
        13,
        4,
        5,
        0,
        2,
        0,
        14,
        0,
        6,
        0,
        1,
        4,
        10,
        2,
        11,
        0,
        11,
        4,
        8,
        4,
        9,
        0,
        2,
        2,
        3,
        4,
        7,
        0,
        4,
        0,
        15,
        4,
        15,
        0,
        11,
        4,
        8,
        0,
        17,
        0,
        9,
        0,
        18,
        0,
        7,
        4
    ],
    "makespan": 464,
    "normalized_makespan": 0.17336581404790904,
    "energy": 8585,
    "normalized_energy": 0.3982947624847747,
    "tardiness": 0,
    "normalized_tardiness": 0,
    "bestObjectiveFunction": 0.5716605765326838,
    "tiempo_por_iteracion": 1.9229744452017326
}