{
    "status": "SATISFIED",
    "solution": {
        "objective": 0.7857900936564975,
        "start_time": [
            [
                290,
                235,
                332,
                198,
                70
            ],
            [
                231,
                65,
                353,
                263,
                198
            ],
            [
                151,
                58,
                30,
                65,
                0
            ],
            [
                60,
                0,
                167,
                45,
                295
            ],
            [
                332,
                197,
                90,
                167,
                236
            ]
        ],
        "SpeedScaling": [
            [
                3,
                1,
                2,
                1,
                1
            ],
            [
                1,
                1,
                3,
                1,
                3
            ],
            [
                2,
                2,
                3,
                1,
                2
            ],
            [
                1,
                2,
                1,
                2,
                2
            ],
            [
                2,
                2,
                1,
                2,
                2
            ]
        ],
        "_output_item": "Objective function normalized: M-0.08668941979522185 + E-0.5857019810508182 + T-0.1133986928104575 = 0.7857900936564975 \nObjective function : M-384.0 + E-1534.0 + T-347.0 = 0.7857900936564975 \nStart Times: [290, 235, 332, 198, 70, 231, 65, 353, 263, 198, 151, 58, 30, 65, 0, 60, 0, 167, 45, 295, 332, 197, 90, 167, 236]\nSpeed Scaling; [3, 1, 2, 1, 1, 1, 1, 3, 1, 3, 2, 2, 3, 1, 2, 1, 2, 1, 2, 2, 2, 2, 1, 2, 2]\n",
        "_checker": ""
    },
    "statistics": {
        "paths": 0,
        "flatIntVars": 362,
        "flatFloatVars": 35,
        "flatIntConstraints": 452,
        "flatFloatConstraints": 35,
        "evaluatedHalfReifiedConstraints": 100,
        "method": "minimize",
        "flatTime": 101.839,
        "objective": 0.785790093656,
        "objectiveBound": 0.785789860556,
        "nodes": 8410,
        "openNodes": 2,
        "solveTime": 2672.0,
        "time": 1694.0,
        "nSolutions": 12
    }
}