{
    "bestSolution": [
        3,
        1,
        2,
        0,
        3,
        1,
        4,
        1,
        4,
        2,
        1,
        1,
        0,
        2,
        2,
        2,
        3,
        0,
        1,
        1,
        0,
        0,
        2,
        0,
        2,
        0,
        3,
        0,
        0,
        0,
        1,
        0,
        4,
        1,
        4,
        2,
        1,
        1,
        0,
        2,
        0,
        1,
        3,
        2,
        2,
        2,
        1,
        1,
        4,
        2
    ],
    "makespan": 345,
    "normalized_makespan": 0.07337883959044368,
    "energy": 1667,
    "normalized_energy": 0.7002583979328165,
    "tardiness": 102,
    "normalized_tardiness": 0.03333333333333333,
    "bestObjectiveFunction": 0.8069705708565935,
    "tiempo_por_iteracion": 0.48424367037686433
}