{
    "bestSolution": [
        6,
        1,
        7,
        1,
        2,
        4,
        8,
        1,
        4,
        4,
        1,
        1,
        3,
        3,
        3,
        4,
        6,
        3,
        6,
        2,
        9,
        4,
        0,
        4,
        2,
        1,
        4,
        2,
        7,
        3,
        2,
        1,
        2,
        2,
        6,
        4,
        1,
        2,
        7,
        2,
        3,
        1,
        4,
        4,
        9,
        4,
        1,
        3,
        9,
        4,
        4,
        4,
        5,
        3,
        8,
        4,
        8,
        4,
        3,
        0,
        0,
        2,
        9,
        1,
        6,
        1,
        1,
        4,
        0,
        1,
        1,
        1,
        4,
        4,
        0,
        4,
        0,
        4,
        5,
        1,
        8,
        3,
        7,
        3,
        7,
        1,
        8,
        2,
        5,
        4,
        3,
        3,
        2,
        2,
        9,
        1,
        5,
        1,
        5,
        2
    ],
    "makespan": 513,
    "normalized_makespan": 0.054429996976111276,
    "energy": 3557,
    "normalized_energy": 0.8501602564102564,
    "tardiness": 647,
    "normalized_tardiness": 0.0956110536426777,
    "bestObjectiveFunction": 1.0002013070290454,
    "tiempo_por_iteracion": 1.3344721367817052
}