{
    "bestSolution": [
        7,
        0,
        3,
        0,
        9,
        0,
        11,
        2,
        15,
        2,
        13,
        0,
        13,
        0,
        18,
        0,
        5,
        0,
        11,
        1,
        12,
        0,
        8,
        0,
        6,
        0,
        17,
        0,
        1,
        2,
        1,
        2,
        2,
        0,
        4,
        0,
        10,
        0,
        17,
        1,
        19,
        0,
        18,
        2,
        0,
        0,
        6,
        0,
        9,
        0,
        17,
        0,
        15,
        0,
        14,
        1,
        13,
        0,
        17,
        0,
        10,
        1,
        19,
        2,
        0,
        1,
        5,
        0,
        12,
        0,
        3,
        2,
        2,
        1,
        16,
        2,
        5,
        0,
        6,
        2,
        8,
        0,
        7,
        0,
        13,
        0,
        18,
        0,
        4,
        0,
        3,
        0,
        16,
        0,
        2,
        0,
        19,
        1,
        11,
        2,
        16,
        0,
        10,
        2,
        7,
        0,
        11,
        0,
        18,
        0,
        15,
        0,
        0,
        2,
        1,
        2,
        10,
        0,
        9,
        0,
        16,
        0,
        14,
        0,
        10,
        0,
        4,
        0,
        14,
        1,
        7,
        0,
        1,
        0,
        9,
        1,
        6,
        0,
        8,
        0,
        4,
        0,
        15,
        0,
        0,
        0,
        5,
        2,
        14,
        0,
        17,
        0,
        5,
        0,
        12,
        0,
        8,
        0,
        4,
        0,
        18,
        0,
        13,
        0,
        6,
        0,
        3,
        0,
        11,
        0,
        2,
        0,
        19,
        2,
        9,
        0,
        12,
        0,
        1,
        0,
        7,
        1,
        3,
        2,
        12,
        0,
        8,
        0,
        15,
        0,
        19,
        0,
        2,
        1,
        0,
        0,
        16,
        0,
        14,
        2
    ],
    "makespan": 2852,
    "normalized_makespan": 0.19338181818181818,
    "energy": 4382,
    "normalized_energy": 0.27019027484143765,
    "tardiness": 0,
    "normalized_tardiness": 0,
    "bestObjectiveFunction": 0.46357209302325586,
    "tiempo_por_iteracion": 0.6992962793870405
}