{
    "bestSolution": [
        8,
        0,
        6,
        1,
        8,
        1,
        9,
        1,
        0,
        0,
        5,
        0,
        2,
        0,
        6,
        0,
        0,
        0,
        3,
        0,
        3,
        2,
        7,
        0,
        2,
        2,
        5,
        2,
        5,
        2,
        1,
        2,
        7,
        2,
        9,
        0,
        3,
        2,
        8,
        1,
        4,
        0,
        9,
        1,
        5,
        0,
        2,
        2,
        7,
        2,
        0,
        0,
        4,
        0,
        0,
        0,
        6,
        1,
        8,
        0,
        2,
        0,
        6,
        2,
        0,
        0,
        3,
        0,
        0,
        2,
        9,
        2,
        8,
        0,
        3,
        0,
        7,
        0,
        1,
        0,
        1,
        2,
        6,
        1,
        4,
        1,
        5,
        0,
        3,
        0,
        7,
        0,
        4,
        0,
        0,
        2,
        8,
        1,
        7,
        0,
        8,
        1,
        0,
        2,
        0,
        0,
        6,
        1,
        4,
        0,
        2,
        0,
        0,
        0,
        3,
        1,
        1,
        0,
        6,
        0,
        8,
        0,
        9,
        0,
        4,
        2,
        9,
        2,
        7,
        2,
        3,
        2,
        5,
        0,
        1,
        0,
        2,
        0,
        1,
        0,
        2,
        0,
        6,
        2,
        5,
        2,
        9,
        0,
        1,
        2,
        1,
        0,
        4,
        2,
        4,
        0,
        3,
        0,
        5,
        2,
        2,
        1,
        5,
        0,
        9,
        1,
        7,
        0,
        9,
        0,
        6,
        0,
        7,
        0,
        9,
        0,
        8,
        0,
        6,
        0,
        1,
        0,
        4,
        0,
        2,
        0,
        4,
        2,
        1,
        0,
        7,
        0,
        8,
        0,
        3,
        0,
        2,
        0,
        5,
        0
    ],
    "makespan": 1866,
    "normalized_makespan": 0.12193082478145192,
    "energy": 4668,
    "normalized_energy": 0.35807161432286455,
    "tardiness": 0,
    "normalized_tardiness": 0,
    "bestObjectiveFunction": 0.4800024391043165,
    "tiempo_por_iteracion": 1.289835734800859
}