{
    "bestSolution": [
        3,
        0,
        3,
        0,
        1,
        0,
        3,
        0,
        3,
        0,
        1,
        0,
        1,
        0,
        1,
        0,
        1,
        0,
        1,
        0,
        0,
        0,
        0,
        0,
        4,
        0,
        0,
        0,
        2,
        0,
        0,
        0,
        3,
        0,
        4,
        0,
        2,
        0,
        0,
        0,
        0,
        0,
        4,
        0,
        1,
        0,
        1,
        0,
        2,
        0,
        2,
        0,
        3,
        0,
        4,
        0,
        0,
        0,
        2,
        0,
        1,
        0,
        0,
        0,
        4,
        0,
        3,
        0,
        1,
        0,
        4,
        0,
        4,
        0,
        4,
        0,
        2,
        0,
        0,
        0,
        4,
        0,
        2,
        0,
        2,
        0,
        3,
        0,
        3,
        0,
        4,
        0,
        2,
        0,
        2,
        0,
        0,
        0,
        3,
        0
    ],
    "makespan": 144,
    "normalized_makespan": 0.4382716049382716,
    "energy": 4768,
    "normalized_energy": 0,
    "tardiness": 43,
    "normalized_tardiness": 0.1829787234042553,
    "bestObjectiveFunction": 0.6212503283425269,
    "tiempo_por_iteracion": 1.0623203403071353
}