{
    "bestSolution": [
        2,
        0,
        3,
        0,
        3,
        0,
        2,
        0,
        3,
        0,
        3,
        0,
        2,
        0,
        1,
        0,
        3,
        0,
        1,
        0,
        2,
        0,
        0,
        0,
        2,
        0,
        1,
        0,
        0,
        0,
        1,
        0,
        0,
        0,
        1,
        0,
        0,
        0,
        4,
        0,
        4,
        0,
        4,
        0,
        4,
        0,
        4,
        0,
        0,
        0
    ],
    "makespan": 152,
    "normalized_makespan": 1.6901408450704225,
    "energy": 2398,
    "normalized_energy": 0,
    "tardiness": 2,
    "normalized_tardiness": 0.019417475728155338,
    "bestObjectiveFunction": 1.7095583207985778,
    "tiempo_por_iteracion": 0.540342971842776
}