{
    "bestSolution": [
        4,
        4,
        4,
        0,
        0,
        0,
        3,
        0,
        3,
        4,
        1,
        0,
        2,
        4,
        3,
        4,
        3,
        0,
        2,
        0,
        1,
        0,
        4,
        0,
        4,
        4,
        2,
        4,
        0,
        0,
        4,
        0,
        2,
        0,
        0,
        0,
        3,
        0,
        1,
        0,
        1,
        2,
        1,
        2,
        2,
        0,
        0,
        3,
        0,
        0
    ],
    "makespan": 253,
    "normalized_makespan": 0.28040973111395645,
    "energy": 1988,
    "normalized_energy": 0.26043737574552683,
    "tardiness": 0,
    "normalized_tardiness": 0,
    "bestObjectiveFunction": 0.5408471068594833,
    "tiempo_por_iteracion": 0.6644659879191822
}