{
    "bestSolution": [
        6,
        0,
        9,
        2,
        1,
        2,
        7,
        0,
        0,
        0,
        8,
        0,
        2,
        0,
        6,
        0,
        1,
        2,
        2,
        2,
        7,
        0,
        3,
        0,
        3,
        0,
        6,
        0,
        0,
        0,
        9,
        2,
        4,
        0,
        8,
        0,
        7,
        0,
        3,
        0,
        3,
        2,
        5,
        0,
        9,
        0,
        2,
        0,
        9,
        2,
        4,
        0,
        1,
        0,
        0,
        2,
        0,
        0,
        9,
        0,
        1,
        0,
        7,
        0,
        8,
        0,
        5,
        0,
        4,
        0,
        6,
        2,
        0,
        0,
        2,
        1,
        4,
        0,
        4,
        0,
        5,
        0,
        5,
        0,
        8,
        0,
        5,
        2,
        8,
        0,
        7,
        0,
        2,
        0,
        1,
        0,
        3,
        2,
        6,
        0
    ],
    "makespan": 1623,
    "normalized_makespan": 0.20093844879933756,
    "energy": 1943,
    "normalized_energy": 0.2222222222222222,
    "tardiness": 0,
    "normalized_tardiness": 0,
    "bestObjectiveFunction": 0.42316067102155974,
    "tiempo_por_iteracion": 1.3876757264137267
}