{
    "bestSolution": [
        3,
        0,
        11,
        0,
        6,
        0,
        3,
        0,
        10,
        0,
        2,
        0,
        9,
        0,
        7,
        0,
        16,
        0,
        13,
        0,
        11,
        0,
        3,
        0,
        0,
        0,
        19,
        0,
        7,
        0,
        18,
        0,
        17,
        0,
        2,
        0,
        8,
        0,
        10,
        0,
        6,
        0,
        16,
        0,
        0,
        0,
        9,
        0,
        16,
        0,
        11,
        0,
        11,
        0,
        13,
        0,
        6,
        0,
        14,
        0,
        13,
        0,
        8,
        0,
        3,
        0,
        7,
        0,
        12,
        0,
        15,
        0,
        0,
        0,
        5,
        0,
        5,
        0,
        9,
        0,
        4,
        0,
        16,
        0,
        7,
        0,
        12,
        0,
        18,
        0,
        16,
        0,
        2,
        0,
        14,
        0,
        15,
        0,
        8,
        0,
        3,
        0,
        1,
        0,
        14,
        0,
        1,
        0,
        8,
        0,
        10,
        0,
        19,
        0,
        18,
        0,
        4,
        0,
        19,
        0,
        12,
        0,
        15,
        0,
        8,
        0,
        17,
        0,
        1,
        0,
        12,
        0,
        7,
        0,
        5,
        0,
        19,
        0,
        9,
        0,
        17,
        0,
        4,
        0,
        2,
        0,
        15,
        0,
        4,
        0,
        1,
        0,
        13,
        0,
        17,
        0,
        18,
        0,
        2,
        0,
        9,
        0,
        0,
        0,
        12,
        0,
        6,
        0,
        11,
        0,
        1,
        0,
        14,
        0,
        4,
        0,
        6,
        0,
        10,
        0,
        5,
        0,
        18,
        0,
        10,
        0,
        5,
        0,
        15,
        0,
        0,
        0,
        19,
        0,
        13,
        0,
        17,
        0,
        14,
        0
    ],
    "makespan": 874,
    "normalized_makespan": 0.19846625766871165,
    "energy": 7089,
    "normalized_energy": 0,
    "tardiness": 2857,
    "normalized_tardiness": 0.8193289360481789,
    "bestObjectiveFunction": 1.0177951937168905,
    "tiempo_por_iteracion": 3.530813544988632
}