{
    "bestSolution": [
        3,
        2,
        0,
        3,
        3,
        4,
        3,
        1,
        2,
        1,
        4,
        3,
        2,
        1,
        2,
        2,
        0,
        4,
        4,
        2,
        2,
        2,
        0,
        1,
        4,
        2,
        3,
        3,
        3,
        2,
        2,
        0,
        1,
        4,
        4,
        3,
        4,
        2,
        3,
        2,
        0,
        4,
        4,
        4,
        2,
        3,
        0,
        2,
        0,
        1,
        1,
        3,
        1,
        3,
        4,
        2,
        2,
        1,
        2,
        4,
        4,
        0,
        0,
        3,
        1,
        3,
        1,
        1,
        2,
        1,
        0,
        0,
        4,
        3,
        1,
        3,
        1,
        3,
        4,
        0,
        0,
        0,
        0,
        3,
        3,
        4,
        1,
        3,
        1,
        4,
        2,
        0,
        3,
        2,
        3,
        1,
        3,
        0,
        1,
        2
    ],
    "makespan": 125,
    "normalized_makespan": 0.07163053722902922,
    "energy": 4703,
    "normalized_energy": 0.856396866840731,
    "tardiness": 125,
    "normalized_tardiness": 0.11261261261261261,
    "bestObjectiveFunction": 1.0406400166823728,
    "tiempo_por_iteracion": 0.807078908246205
}