{
    "bestSolution": [
        3,
        1,
        1,
        4,
        0,
        2,
        2,
        3,
        2,
        1,
        2,
        3,
        2,
        3,
        3,
        3,
        0,
        3,
        2,
        1,
        4,
        0,
        0,
        1,
        4,
        1,
        2,
        2,
        2,
        4,
        3,
        2,
        3,
        3,
        0,
        3,
        1,
        4,
        3,
        4,
        4,
        1,
        1,
        1,
        0,
        2,
        1,
        1,
        0,
        1,
        1,
        4,
        1,
        3,
        2,
        4,
        3,
        4,
        0,
        4,
        1,
        2,
        4,
        4,
        4,
        3,
        2,
        1,
        0,
        3,
        4,
        3,
        4,
        1,
        0,
        3,
        0,
        1,
        3,
        4,
        4,
        0,
        2,
        1,
        3,
        2,
        1,
        2,
        1,
        1,
        3,
        3,
        1,
        1,
        3,
        2,
        4,
        2,
        4,
        3
    ],
    "makespan": 129,
    "normalized_makespan": 0.07540056550424128,
    "energy": 4729,
    "normalized_energy": 0.8903394255874674,
    "tardiness": 103,
    "normalized_tardiness": 0.09279279279279279,
    "bestObjectiveFunction": 1.0585327838845013,
    "tiempo_por_iteracion": 1.067902755230031
}