{
    "bestSolution": [
        12,
        4,
        8,
        4,
        10,
        1,
        14,
        3,
        19,
        1,
        7,
        3,
        2,
        2,
        19,
        4,
        15,
        2,
        6,
        3,
        3,
        2,
        6,
        2,
        19,
        2,
        9,
        2,
        15,
        3,
        5,
        3,
        15,
        1,
        8,
        4,
        16,
        3,
        18,
        1,
        17,
        4,
        13,
        3,
        0,
        3,
        18,
        1,
        16,
        4,
        6,
        1,
        2,
        0,
        19,
        2,
        13,
        2,
        17,
        3,
        11,
        4,
        6,
        3,
        3,
        1,
        12,
        3,
        16,
        3,
        5,
        4,
        1,
        2,
        17,
        3,
        14,
        4,
        9,
        4,
        4,
        4,
        9,
        4,
        1,
        2,
        10,
        4,
        13,
        4,
        8,
        3,
        2,
        4,
        10,
        3,
        2,
        1,
        4,
        4,
        17,
        4,
        8,
        3,
        11,
        1,
        0,
        0,
        18,
        1,
        10,
        4,
        15,
        3,
        3,
        2,
        16,
        1,
        4,
        2,
        14,
        3,
        12,
        3,
        11,
        3,
        7,
        4,
        1,
        4,
        13,
        4,
        7,
        1,
        14,
        3,
        5,
        4,
        9,
        1,
        4,
        3,
        11,
        0,
        18,
        3,
        13,
        4,
        12,
        4,
        7,
        1,
        12,
        4,
        14,
        4,
        6,
        3,
        17,
        0,
        1,
        4,
        4,
        4,
        0,
        0,
        18,
        0,
        3,
        1,
        1,
        0,
        11,
        2,
        15,
        2,
        0,
        4,
        5,
        2,
        8,
        1,
        7,
        4,
        5,
        4,
        19,
        2,
        2,
        0,
        16,
        4,
        3,
        0,
        0,
        3,
        10,
        4,
        9,
        3
    ],
    "makespan": 210,
    "normalized_makespan": 0.06969205834683954,
    "energy": 9380,
    "normalized_energy": 0.8824615384615384,
    "tardiness": 422,
    "normalized_tardiness": 0.16839584996009577,
    "bestObjectiveFunction": 1.1205494467684738,
    "tiempo_por_iteracion": 1.8420919298051714
}