{
    "bestSolution": [
        3,
        1,
        2,
        3,
        2,
        2,
        4,
        4,
        1,
        3,
        0,
        1,
        2,
        2,
        3,
        2,
        2,
        0,
        3,
        4,
        3,
        1,
        2,
        3,
        1,
        3,
        4,
        3,
        0,
        1,
        4,
        3,
        2,
        3,
        1,
        2,
        3,
        2,
        0,
        2,
        1,
        1,
        2,
        2,
        1,
        2,
        2,
        1,
        0,
        3,
        4,
        4,
        0,
        1,
        3,
        2,
        1,
        2,
        0,
        3,
        4,
        2,
        1,
        0,
        3,
        2,
        3,
        2,
        2,
        1,
        0,
        1,
        4,
        4,
        2,
        0,
        3,
        0,
        4,
        4,
        0,
        0,
        0,
        2,
        4,
        3,
        1,
        1,
        4,
        2,
        3,
        1,
        1,
        1,
        0,
        4,
        1,
        2,
        4,
        3
    ],
    "makespan": 768,
    "normalized_makespan": 0.0733433734939759,
    "energy": 3367,
    "normalized_energy": 0.7846642828764402,
    "tardiness": 303,
    "normalized_tardiness": 0.043779800606848725,
    "bestObjectiveFunction": 0.9017874569772648,
    "tiempo_por_iteracion": 0.889878466066006
}