{
    "bestSolution": [
        0,
        1,
        2,
        2,
        3,
        2,
        1,
        2,
        4,
        2,
        2,
        0,
        4,
        1,
        2,
        2,
        4,
        2,
        1,
        1,
        1,
        2,
        0,
        1,
        2,
        2,
        3,
        2,
        0,
        2,
        2,
        2,
        1,
        1,
        2,
        0,
        3,
        1,
        1,
        1,
        2,
        1,
        0,
        0,
        4,
        1,
        3,
        0,
        2,
        1,
        4,
        2,
        4,
        2,
        0,
        2,
        0,
        2,
        0,
        2,
        3,
        2,
        1,
        1,
        4,
        2,
        0,
        0,
        2,
        2,
        1,
        1,
        0,
        2,
        4,
        0,
        1,
        0,
        1,
        0,
        3,
        0,
        2,
        0,
        0,
        0,
        1,
        0,
        4,
        0,
        3,
        2,
        3,
        2,
        3,
        0,
        3,
        0,
        4,
        0
    ],
    "makespan": 829,
    "normalized_makespan": 0.0825301204819277,
    "energy": 3061,
    "normalized_energy": 0.6630909813269765,
    "tardiness": 284,
    "normalized_tardiness": 0.041034532581996824,
    "bestObjectiveFunction": 0.7866556343909011,
    "tiempo_por_iteracion": 0.8345753633058988
}