{
    "bestSolution": [
        0,
        1,
        4,
        0,
        2,
        3,
        4,
        4,
        1,
        4,
        3,
        2,
        0,
        3,
        0,
        1,
        2,
        1,
        1,
        4,
        3,
        1,
        1,
        1,
        3,
        4,
        4,
        0,
        4,
        4,
        3,
        2,
        2,
        3,
        0,
        3,
        4,
        1,
        1,
        1,
        2,
        1,
        1,
        4,
        3,
        4,
        2,
        1,
        0,
        0
    ],
    "makespan": 497,
    "normalized_makespan": 0.08082120582120582,
    "energy": 1551,
    "normalized_energy": 0.7480798771121352,
    "tardiness": 140,
    "normalized_tardiness": 0.03470500743678731,
    "bestObjectiveFunction": 0.8636060903701283,
    "tiempo_por_iteracion": 0.5575276222493913
}