{
    "bestSolution": [
        8,
        2,
        3,
        1,
        0,
        1,
        0,
        1,
        7,
        2,
        5,
        2,
        1,
        0,
        5,
        1,
        4,
        2,
        0,
        1,
        7,
        0,
        4,
        1,
        6,
        2,
        6,
        2,
        5,
        1,
        2,
        2,
        2,
        1,
        4,
        2,
        9,
        2,
        8,
        1,
        6,
        2,
        6,
        1,
        7,
        1,
        3,
        2,
        2,
        1,
        2,
        1,
        1,
        1,
        7,
        2,
        0,
        1,
        2,
        1,
        1,
        2,
        8,
        1,
        4,
        2,
        3,
        1,
        5,
        1,
        4,
        1,
        9,
        1,
        2,
        2,
        7,
        1,
        4,
        2,
        3,
        1,
        8,
        2,
        0,
        2,
        4,
        2,
        0,
        1,
        9,
        2,
        0,
        1,
        4,
        1,
        5,
        2,
        0,
        2,
        6,
        1,
        8,
        1,
        1,
        1,
        8,
        1,
        3,
        1,
        1,
        1,
        7,
        1,
        9,
        2,
        6,
        1,
        9,
        2,
        1,
        1,
        5,
        1,
        4,
        2,
        7,
        2,
        3,
        2,
        5,
        1,
        8,
        1,
        1,
        0,
        2,
        1,
        0,
        0,
        6,
        2,
        0,
        0,
        2,
        1,
        8,
        0,
        3,
        1,
        7,
        2,
        9,
        1,
        3,
        1,
        4,
        1,
        3,
        1,
        9,
        2,
        7,
        1,
        1,
        2,
        5,
        1,
        9,
        2,
        2,
        2,
        8,
        2,
        9,
        2,
        3,
        2,
        1,
        2,
        8,
        1,
        2,
        1,
        6,
        2,
        5,
        1,
        6,
        2,
        9,
        2,
        6,
        2,
        1,
        1,
        7,
        1,
        5,
        2
    ],
    "makespan": 980,
    "normalized_makespan": 0.049375586515556194,
    "energy": 7177,
    "normalized_energy": 0.8672286617492097,
    "tardiness": 1299,
    "normalized_tardiness": 0.09180860838221783,
    "bestObjectiveFunction": 1.0084128566469837,
    "tiempo_por_iteracion": 3.0638115803400674
}