{
    "bestSolution": [
        3,
        0,
        18,
        0,
        2,
        3,
        2,
        1,
        9,
        2,
        7,
        4,
        12,
        2,
        15,
        1,
        5,
        1,
        18,
        1,
        18,
        0,
        4,
        3,
        11,
        4,
        13,
        2,
        3,
        1,
        4,
        1,
        12,
        2,
        6,
        0,
        5,
        4,
        1,
        0,
        18,
        4,
        0,
        1,
        8,
        4,
        3,
        1,
        11,
        0,
        11,
        4,
        12,
        3,
        2,
        4,
        3,
        1,
        9,
        1,
        1,
        4,
        14,
        2,
        10,
        2,
        6,
        3,
        2,
        3,
        0,
        0,
        10,
        1,
        18,
        2,
        17,
        1,
        9,
        3,
        2,
        2,
        5,
        0,
        1,
        3,
        19,
        3,
        6,
        0,
        3,
        2,
        11,
        2,
        12,
        2,
        8,
        0,
        7,
        1,
        9,
        0,
        5,
        3,
        15,
        4,
        14,
        0,
        0,
        2,
        16,
        1,
        11,
        2,
        1,
        0,
        5,
        1,
        4,
        3,
        6,
        0,
        19,
        1,
        8,
        4,
        13,
        0,
        16,
        0,
        17,
        0,
        7,
        1,
        4,
        0,
        17,
        0,
        19,
        0,
        14,
        2,
        13,
        1,
        6,
        2,
        1,
        2,
        17,
        4,
        16,
        2,
        17,
        3,
        7,
        4,
        4,
        1,
        15,
        0,
        16,
        2,
        15,
        0,
        13,
        3,
        0,
        1,
        16,
        1,
        9,
        4,
        8,
        2,
        0,
        2,
        10,
        1,
        14,
        4,
        13,
        1,
        7,
        4,
        10,
        4,
        19,
        0,
        8,
        2,
        14,
        0,
        10,
        0,
        19,
        0,
        15,
        0,
        12,
        2
    ],
    "makespan": 1399,
    "normalized_makespan": 0.08288916222495558,
    "energy": 5965,
    "normalized_energy": 0.6529917950770462,
    "tardiness": 4405,
    "normalized_tardiness": 0.29723346828609987,
    "bestObjectiveFunction": 1.0331144255881015,
    "tiempo_por_iteracion": 0.8810049859253136
}