{
    "bestSolution": [
        7,
        4,
        1,
        2,
        9,
        1,
        7,
        2,
        0,
        2,
        1,
        4,
        3,
        4,
        5,
        4,
        9,
        1,
        0,
        1,
        2,
        2,
        8,
        2,
        6,
        2,
        5,
        3,
        0,
        4,
        8,
        2,
        6,
        3,
        3,
        4,
        3,
        2,
        4,
        3,
        7,
        3,
        9,
        3,
        8,
        1,
        4,
        3,
        2,
        2,
        2,
        4,
        3,
        1,
        9,
        3,
        6,
        2,
        4,
        3,
        0,
        2,
        0,
        4,
        4,
        3,
        6,
        3,
        1,
        2,
        8,
        3,
        5,
        3,
        3,
        2,
        7,
        3,
        2,
        4,
        6,
        2,
        8,
        3,
        1,
        2,
        5,
        1,
        7,
        1,
        2,
        4,
        9,
        4,
        5,
        4,
        1,
        3,
        4,
        2
    ],
    "makespan": 464,
    "normalized_makespan": 0.050188205771643665,
    "energy": 3711,
    "normalized_energy": 0.9014817781337605,
    "tardiness": 280,
    "normalized_tardiness": 0.04294478527607362,
    "bestObjectiveFunction": 0.9946147691814777,
    "tiempo_por_iteracion": 1.3058815606228718
}