{
    "bestSolution": [
        6,
        0,
        8,
        0,
        0,
        0,
        7,
        0,
        4,
        0,
        8,
        0,
        7,
        0,
        2,
        0,
        0,
        0,
        6,
        0,
        5,
        2,
        3,
        0,
        4,
        1,
        0,
        2,
        4,
        0,
        9,
        0,
        6,
        0,
        4,
        0,
        1,
        0,
        9,
        2,
        5,
        0,
        7,
        0,
        7,
        2,
        8,
        0,
        3,
        0,
        2,
        0,
        6,
        0,
        8,
        0,
        2,
        0,
        0,
        0,
        3,
        0,
        1,
        0,
        5,
        2,
        9,
        0,
        6,
        0,
        4,
        0,
        3,
        0,
        2,
        0,
        5,
        1,
        1,
        0,
        3,
        0,
        1,
        0,
        7,
        0,
        9,
        0,
        5,
        0,
        8,
        2,
        2,
        0,
        0,
        0,
        1,
        0,
        9,
        0
    ],
    "makespan": 1487,
    "normalized_makespan": 0.21106987251896078,
    "energy": 1961,
    "normalized_energy": 0.1481947942905122,
    "tardiness": 0,
    "normalized_tardiness": 0,
    "bestObjectiveFunction": 0.359264666809473,
    "tiempo_por_iteracion": 0.7441210360140413
}