{
    "bestSolution": [
        2,
        3,
        4,
        2,
        3,
        0,
        2,
        0,
        0,
        3,
        1,
        0,
        3,
        0,
        4,
        1,
        4,
        0,
        2,
        0,
        1,
        0,
        4,
        2,
        3,
        2,
        2,
        0,
        4,
        1,
        0,
        0,
        4,
        0,
        1,
        3,
        2,
        1,
        3,
        0,
        1,
        1,
        0,
        0,
        2,
        4,
        3,
        3,
        0,
        0,
        4,
        0,
        3,
        0,
        1,
        0,
        3,
        4,
        2,
        2,
        3,
        0,
        0,
        0,
        4,
        0,
        0,
        0,
        1,
        1,
        2,
        0,
        4,
        4,
        1,
        0,
        1,
        1,
        0,
        2,
        2,
        0,
        0,
        2,
        1,
        0,
        0,
        1,
        1,
        1,
        0,
        0,
        2,
        3,
        3,
        0,
        3,
        3,
        4,
        0
    ],
    "makespan": 1167,
    "normalized_makespan": 0.13343373493975905,
    "energy": 2308,
    "normalized_energy": 0.36392530790623756,
    "tardiness": 0,
    "normalized_tardiness": 0,
    "bestObjectiveFunction": 0.49735904284599664,
    "tiempo_por_iteracion": 0.6423374746419206
}