{
    "bestSolution": [
        0,
        0,
        3,
        0,
        2,
        0,
        0,
        0,
        3,
        0,
        1,
        0,
        3,
        0,
        0,
        0,
        2,
        0,
        1,
        4,
        0,
        1,
        2,
        0,
        2,
        0,
        4,
        0,
        1,
        0,
        2,
        0,
        1,
        0,
        3,
        0,
        4,
        3,
        3,
        2,
        1,
        4,
        4,
        0,
        3,
        4,
        1,
        0,
        0,
        0,
        2,
        0,
        4,
        1,
        2,
        3,
        4,
        0,
        4,
        1,
        0,
        0,
        2,
        2,
        1,
        0,
        4,
        4,
        3,
        0,
        1,
        0,
        4,
        2,
        0,
        0,
        4,
        0,
        2,
        1,
        3,
        4,
        2,
        0,
        1,
        0,
        0,
        4,
        4,
        0,
        0,
        4,
        0,
        0,
        3,
        0,
        3,
        0,
        1,
        0
    ],
    "makespan": 1387,
    "normalized_makespan": 0.16656626506024097,
    "energy": 2123,
    "normalized_energy": 0.29042510925705206,
    "tardiness": 0,
    "normalized_tardiness": 0,
    "bestObjectiveFunction": 0.45699137431729303,
    "tiempo_por_iteracion": 1.397094236479865
}