{
    "bestSolution": [
        14,
        4,
        12,
        4,
        0,
        3,
        0,
        0,
        15,
        3,
        5,
        3,
        15,
        3,
        19,
        4,
        8,
        3,
        8,
        3,
        2,
        2,
        18,
        4,
        2,
        4,
        19,
        3,
        4,
        0,
        1,
        4,
        8,
        3,
        5,
        2,
        10,
        2,
        12,
        3,
        11,
        4,
        5,
        1,
        19,
        3,
        11,
        3,
        9,
        4,
        3,
        1,
        19,
        3,
        10,
        1,
        16,
        3,
        3,
        1,
        7,
        4,
        10,
        1,
        19,
        1,
        14,
        2,
        16,
        4,
        11,
        3,
        9,
        2,
        4,
        2,
        7,
        4,
        2,
        4,
        15,
        1,
        12,
        0,
        13,
        4,
        3,
        4,
        6,
        2,
        17,
        2,
        10,
        3,
        1,
        2,
        8,
        1,
        7,
        2,
        7,
        1,
        13,
        3,
        18,
        2,
        14,
        3,
        14,
        1,
        9,
        3,
        6,
        3,
        0,
        2,
        11,
        2,
        18,
        3,
        4,
        1,
        12,
        1,
        17,
        2,
        15,
        3,
        4,
        4,
        5,
        1,
        6,
        1,
        3,
        4,
        7,
        4,
        2,
        4,
        10,
        3,
        4,
        1,
        16,
        2,
        13,
        2,
        17,
        1,
        17,
        2,
        8,
        4,
        0,
        4,
        6,
        2,
        17,
        4,
        18,
        3,
        15,
        3,
        0,
        2,
        3,
        2,
        16,
        3,
        6,
        4,
        16,
        3,
        5,
        3,
        12,
        4,
        1,
        2,
        13,
        1,
        13,
        3,
        9,
        1,
        2,
        4,
        1,
        2,
        11,
        4,
        1,
        2,
        14,
        2,
        18,
        3,
        9,
        3
    ],
    "makespan": 193,
    "normalized_makespan": 0.06735057983942908,
    "energy": 9495,
    "normalized_energy": 0.9217914438502673,
    "tardiness": 399,
    "normalized_tardiness": 0.17469352014010509,
    "bestObjectiveFunction": 1.1638355438298014,
    "tiempo_por_iteracion": 2.1635762355366692
}