{
    "bestSolution": [
        0,
        0,
        3,
        0,
        1,
        0,
        2,
        0,
        0,
        0,
        3,
        0,
        4,
        0,
        2,
        0,
        1,
        0,
        3,
        0,
        2,
        0,
        2,
        0,
        1,
        0,
        4,
        0,
        0,
        0,
        1,
        0,
        4,
        0,
        2,
        0,
        4,
        0,
        3,
        0,
        4,
        0,
        1,
        0,
        0,
        0,
        3,
        0,
        0,
        0
    ],
    "makespan": 273,
    "normalized_makespan": 0.09190031152647975,
    "energy": 1786,
    "normalized_energy": 0,
    "tardiness": 0,
    "normalized_tardiness": 0,
    "bestObjectiveFunction": 0.09190031152647975,
    "tiempo_por_iteracion": 0.11341261863708496
}