{
    "status": "OPTIMAL_SOLUTION",
    "solution": {
        "objective": 0.09190031152647943,
        "start_time": [
            [
                213,
                94,
                35,
                250,
                0
            ],
            [
                116,
                161,
                66,
                240,
                94
            ],
            [
                18,
                0,
                146,
                87,
                76
            ],
            [
                76,
                213,
                1,
                20,
                155
            ],
            [
                183,
                58,
                94,
                196,
                240
            ]
        ],
        "SpeedScaling": [
            [
                1,
                1,
                1,
                1,
                1
            ],
            [
                1,
                1,
                1,
                1,
                1
            ],
            [
                1,
                1,
                1,
                1,
                1
            ],
            [
                1,
                1,
                1,
                1,
                1
            ],
            [
                1,
                1,
                1,
                1,
                1
            ]
        ],
        "_output_item": "Objective function: 0.09190031152647943 + 0.0 = 0.09190031152647943 \nObjective function : M-273.0 + E-1786.0 = 0.09190031152647943 \nStart Times: [213, 94, 35, 250, 0, 116, 161, 66, 240, 94, 18, 0, 146, 87, 76, 76, 213, 1, 20, 155, 183, 58, 94, 196, 240]\nSpeed Scaling; [1, 1, 1, 1, 1, 1, 1, 1, 1, 1, 1, 1, 1, 1, 1, 1, 1, 1, 1, 1, 1, 1, 1, 1, 1]\n",
        "_checker": ""
    },
    "statistics": {
        "paths": 0,
        "flatIntVars": 151,
        "flatFloatVars": 2,
        "flatIntConstraints": 251,
        "flatFloatConstraints": 2,
        "evaluatedHalfReifiedConstraints": 100,
        "method": "minimize",
        "flatTime": 93.186,
        "objective": 0.0919003115265,
        "objectiveBound": 0.0919003115265,
        "nodes": 49,
        "openNodes": 12,
        "solveTime": 16.0,
        "time": 121.0,
        "nSolutions": 4
    }
}