{
    "bestSolution": [
        3,
        1,
        1,
        2,
        1,
        1,
        4,
        2,
        0,
        0,
        3,
        1,
        2,
        1,
        3,
        2,
        2,
        2,
        4,
        1,
        0,
        1,
        1,
        2,
        4,
        0,
        0,
        2,
        3,
        0,
        2,
        2,
        2,
        1,
        1,
        1,
        1,
        1,
        4,
        2,
        4,
        1,
        2,
        1,
        3,
        0,
        0,
        2,
        0,
        0
    ],
    "makespan": 526,
    "normalized_makespan": 0.10369752571587434,
    "energy": 1621,
    "normalized_energy": 0.7722007722007722,
    "tardiness": 237,
    "normalized_tardiness": 0.0632,
    "bestObjectiveFunction": 0.9390982979166466,
    "tiempo_por_iteracion": 0.8049869537353516
}