{
    "status": "OPTIMAL_SOLUTION",
    "solution": {
        "objective": 0.854720366500183,
        "start_time": [
            [
                226,
                135,
                80,
                308,
                419
            ],
            [
                305,
                370,
                0,
                187,
                38
            ],
            [
                272,
                449,
                201,
                100,
                376
            ],
            [
                126,
                30,
                429,
                162,
                204
            ],
            [
                210,
                84,
                263,
                234,
                173
            ]
        ],
        "SpeedScaling": [
            [
                2,
                2,
                1,
                2,
                1
            ],
            [
                2,
                2,
                2,
                2,
                1
            ],
            [
                2,
                1,
                2,
                2,
                2
            ],
            [
                2,
                2,
                1,
                2,
                1
            ],
            [
                2,
                2,
                1,
                2,
                3
            ]
        ],
        "_output_item": "Objective function normalized: M-0.1192660550458716 + E-0.6447876447876448 + T-0.09066666666666667 = 0.854720366500183 \nObjective function: M-582.0 + E-1456.0 + T-340.0 = 0.854720366500183 \nStart Times: [226, 135, 80, 308, 419, 305, 370, 0, 187, 38, 272, 449, 201, 100, 376, 126, 30, 429, 162, 204, 210, 84, 263, 234, 173]\nSpeed Scaling; [2, 2, 1, 2, 1, 2, 2, 2, 2, 1, 2, 1, 2, 2, 2, 2, 2, 1, 2, 1, 2, 2, 1, 2, 3]\n",
        "_checker": ""
    },
    "statistics": {
        "paths": 0,
        "flatIntVars": 451,
        "flatFloatVars": 54,
        "flatIntConstraints": 576,
        "flatFloatConstraints": 54,
        "evaluatedHalfReifiedConstraints": 100,
        "method": "minimize",
        "flatTime": 107.781,
        "objective": 0.8547203665,
        "objectiveBound": 0.8547203665,
        "nodes": 5639,
        "openNodes": 121,
        "solveTime": 6157.0,
        "time": 2049.0,
        "nSolutions": 10
    }
}