{
    "bestSolution": [
        5,
        0,
        7,
        0,
        8,
        0,
        9,
        0,
        8,
        0,
        8,
        0,
        0,
        0,
        0,
        0,
        9,
        0,
        0,
        0,
        8,
        0,
        5,
        0,
        7,
        0,
        7,
        0,
        3,
        0,
        0,
        0,
        4,
        0,
        0,
        0,
        5,
        0,
        8,
        0,
        3,
        0,
        6,
        0,
        9,
        0,
        1,
        0,
        3,
        0,
        4,
        0,
        6,
        0,
        4,
        0,
        9,
        0,
        8,
        0,
        3,
        0,
        9,
        0,
        3,
        0,
        6,
        0,
        5,
        0,
        0,
        0,
        4,
        0,
        7,
        0,
        8,
        0,
        2,
        0,
        2,
        0,
        9,
        0,
        3,
        0,
        4,
        0,
        5,
        0,
        2,
        0,
        0,
        0,
        2,
        0,
        3,
        0,
        4,
        0,
        1,
        0,
        1,
        0,
        6,
        0,
        9,
        0,
        2,
        0,
        7,
        0,
        8,
        0,
        8,
        0,
        0,
        0,
        2,
        0,
        4,
        0,
        2,
        0,
        1,
        0,
        3,
        0,
        5,
        0,
        1,
        0,
        3,
        0,
        8,
        0,
        7,
        0,
        6,
        0,
        5,
        0,
        2,
        0,
        2,
        0,
        7,
        0,
        3,
        0,
        1,
        0,
        0,
        0,
        9,
        0,
        6,
        0,
        1,
        0,
        1,
        0,
        7,
        0,
        5,
        0,
        6,
        0,
        2,
        0,
        5,
        0,
        1,
        0,
        4,
        0,
        1,
        0,
        4,
        0,
        6,
        0,
        6,
        0,
        4,
        0,
        0,
        0,
        9,
        0,
        9,
        0,
        6,
        0,
        7,
        0,
        7,
        0,
        5,
        0
    ],
    "makespan": 175,
    "normalized_makespan": 0.1787941787941788,
    "energy": 9440,
    "normalized_energy": 0,
    "tardiness": 245,
    "normalized_tardiness": 0.4298245614035088,
    "bestObjectiveFunction": 0.6086187401976876,
    "tiempo_por_iteracion": 0.8542234680869363
}