{
    "bestSolution": [
        4,
        4,
        3,
        1,
        7,
        0,
        18,
        4,
        9,
        4,
        2,
        0,
        5,
        1,
        1,
        3,
        18,
        4,
        8,
        0,
        14,
        0,
        8,
        3,
        10,
        0,
        1,
        0,
        17,
        0,
        6,
        0,
        3,
        3,
        2,
        0,
        4,
        4,
        11,
        1,
        2,
        4,
        8,
        4,
        12,
        0,
        8,
        3,
        15,
        4,
        9,
        0,
        0,
        0,
        13,
        4,
        19,
        3,
        12,
        0,
        17,
        1,
        18,
        0,
        1,
        4,
        0,
        0,
        3,
        0,
        5,
        3,
        14,
        0,
        15,
        0,
        19,
        4,
        15,
        0,
        10,
        4,
        16,
        4,
        2,
        0,
        6,
        0,
        16,
        4,
        19,
        0,
        14,
        0,
        12,
        0,
        11,
        2,
        18,
        0,
        6,
        0,
        14,
        0,
        4,
        1,
        0,
        0,
        16,
        3,
        2,
        4,
        3,
        4,
        19,
        0,
        16,
        2,
        15,
        0,
        0,
        4,
        11,
        4,
        10,
        0,
        15,
        2,
        7,
        0,
        0,
        4,
        1,
        0,
        12,
        0,
        17,
        0,
        11,
        4,
        6,
        3,
        19,
        0,
        14,
        0,
        4,
        3,
        4,
        4,
        7,
        4,
        10,
        0,
        17,
        4,
        6,
        0,
        13,
        0,
        16,
        4,
        9,
        4,
        17,
        4,
        13,
        0,
        1,
        0,
        13,
        4,
        5,
        4,
        3,
        2,
        11,
        0,
        10,
        0,
        5,
        3,
        7,
        4,
        12,
        4,
        18,
        0,
        8,
        0,
        13,
        0,
        7,
        3,
        5,
        4,
        9,
        0,
        9,
        4
    ],
    "makespan": 1863,
    "normalized_makespan": 0.1359507070068726,
    "energy": 5404,
    "normalized_energy": 0.47391125718981103,
    "tardiness": 0,
    "normalized_tardiness": 0,
    "bestObjectiveFunction": 0.6098619641966836,
    "tiempo_por_iteracion": 2.3109352906545
}