{
    "bestSolution": [
        2,
        2,
        14,
        1,
        19,
        0,
        1,
        1,
        17,
        1,
        16,
        0,
        1,
        1,
        12,
        1,
        14,
        1,
        17,
        0,
        12,
        0,
        1,
        2,
        3,
        1,
        17,
        0,
        15,
        0,
        19,
        2,
        16,
        1,
        8,
        2,
        0,
        1,
        18,
        1,
        1,
        0,
        13,
        1,
        7,
        0,
        16,
        2,
        17,
        1,
        7,
        2,
        13,
        2,
        18,
        2,
        6,
        2,
        8,
        0,
        17,
        0,
        1,
        1,
        19,
        2,
        0,
        0,
        2,
        1,
        18,
        0,
        5,
        2,
        7,
        1,
        7,
        0,
        6,
        2,
        11,
        0,
        2,
        2,
        10,
        0,
        13,
        0,
        16,
        0,
        9,
        0,
        15,
        1,
        7,
        0,
        4,
        1,
        8,
        1,
        6,
        2,
        3,
        2,
        18,
        0,
        3,
        1,
        5,
        0,
        8,
        2,
        11,
        1,
        19,
        1,
        6,
        2,
        18,
        1,
        14,
        1,
        3,
        1,
        6,
        2,
        15,
        0,
        11,
        1,
        9,
        0,
        13,
        1,
        13,
        0,
        5,
        1,
        8,
        0,
        2,
        1,
        12,
        1,
        5,
        2,
        9,
        0,
        5,
        0,
        15,
        1,
        10,
        0,
        0,
        1,
        19,
        0,
        0,
        0,
        4,
        2,
        4,
        0,
        14,
        1,
        10,
        0,
        12,
        1,
        0,
        0,
        12,
        2,
        9,
        0,
        16,
        2,
        14,
        0,
        2,
        0,
        11,
        1,
        4,
        2,
        11,
        2,
        10,
        0,
        3,
        2,
        10,
        0,
        9,
        2,
        15,
        1,
        4,
        1
    ],
    "makespan": 1660,
    "normalized_makespan": 0.11623573258793385,
    "energy": 5934,
    "normalized_energy": 0.5910765452312731,
    "tardiness": 5228,
    "normalized_tardiness": 0.40085876399325254,
    "bestObjectiveFunction": 1.1081710418124595,
    "tiempo_por_iteracion": 1.5782330830891926
}