{
    "bestSolution": [
        2,
        0,
        3,
        0,
        4,
        0,
        2,
        0,
        4,
        0,
        2,
        0,
        3,
        0,
        1,
        0,
        3,
        0,
        0,
        0,
        1,
        0,
        4,
        0,
        4,
        0,
        2,
        0,
        0,
        0,
        0,
        2,
        1,
        0,
        3,
        0,
        3,
        0,
        1,
        1,
        4,
        0,
        1,
        0,
        0,
        0,
        0,
        0,
        2,
        0
    ],
    "makespan": 228,
    "normalized_makespan": 0.3605313092979127,
    "energy": 2035,
    "normalized_energy": 0.0027100271002710027,
    "tardiness": 0,
    "normalized_tardiness": 0,
    "bestObjectiveFunction": 0.36324133639818373,
    "tiempo_por_iteracion": 0.40444105418760384
}