{
    "bestSolution": [
        9,
        0,
        2,
        0,
        5,
        0,
        8,
        0,
        6,
        0,
        9,
        0,
        4,
        0,
        8,
        0,
        4,
        0,
        1,
        0,
        3,
        0,
        7,
        0,
        4,
        0,
        2,
        0,
        6,
        0,
        6,
        0,
        0,
        0,
        1,
        0,
        3,
        0,
        5,
        0,
        1,
        0,
        6,
        0,
        0,
        0,
        9,
        0,
        7,
        0,
        1,
        0,
        8,
        0,
        7,
        0,
        7,
        0,
        1,
        0,
        8,
        0,
        5,
        0,
        1,
        0,
        0,
        0,
        0,
        0,
        6,
        0,
        0,
        0,
        3,
        0,
        3,
        0,
        9,
        0,
        9,
        0,
        8,
        0,
        5,
        0,
        4,
        0,
        2,
        0,
        9,
        0,
        4,
        0,
        7,
        0,
        7,
        0,
        6,
        0,
        8,
        0,
        0,
        0,
        2,
        0,
        8,
        0,
        8,
        0,
        3,
        0,
        3,
        0,
        6,
        0,
        5,
        0,
        0,
        0,
        1,
        0,
        3,
        0,
        5,
        0,
        3,
        0,
        9,
        0,
        7,
        0,
        2,
        0,
        0,
        0,
        5,
        0,
        2,
        0,
        5,
        0,
        8,
        0,
        7,
        0,
        9,
        0,
        8,
        0,
        9,
        0,
        4,
        0,
        0,
        0,
        4,
        0,
        1,
        0,
        2,
        0,
        0,
        0,
        3,
        0,
        6,
        0,
        6,
        0,
        2,
        0,
        7,
        0,
        4,
        0,
        1,
        0,
        9,
        0,
        2,
        0,
        1,
        0,
        4,
        0,
        4,
        0,
        6,
        0,
        5,
        0,
        3,
        0,
        5,
        0,
        2,
        0,
        7,
        0
    ],
    "makespan": 664,
    "normalized_makespan": 0.10806916426512968,
    "energy": 7321,
    "normalized_energy": 0,
    "tardiness": 0,
    "normalized_tardiness": 0,
    "bestObjectiveFunction": 0.10806916426512968,
    "tiempo_por_iteracion": 4.896487474441528
}