{
    "bestSolution": [
        8,
        0,
        2,
        2,
        6,
        0,
        1,
        4,
        5,
        0,
        4,
        4,
        8,
        4,
        1,
        4,
        7,
        4,
        3,
        4,
        6,
        0,
        2,
        4,
        5,
        4,
        0,
        4,
        8,
        4,
        3,
        0,
        7,
        0,
        5,
        0,
        9,
        2,
        5,
        0,
        1,
        4,
        0,
        0,
        2,
        0,
        5,
        4,
        2,
        1,
        4,
        0,
        4,
        4,
        8,
        0,
        3,
        4,
        2,
        0,
        7,
        0,
        5,
        0,
        2,
        4,
        3,
        4,
        9,
        4,
        7,
        0,
        6,
        0,
        6,
        0,
        3,
        0,
        8,
        4,
        0,
        4,
        9,
        3,
        7,
        0,
        9,
        0,
        9,
        0,
        4,
        4,
        6,
        0,
        6,
        4,
        4,
        0,
        4,
        0,
        1,
        4,
        3,
        2,
        3,
        0,
        6,
        4,
        6,
        4,
        9,
        4,
        7,
        0,
        5,
        0,
        1,
        4,
        4,
        0,
        3,
        0,
        8,
        2,
        6,
        3,
        1,
        0,
        5,
        0,
        0,
        4,
        8,
        0,
        5,
        0,
        0,
        4,
        0,
        0,
        7,
        4,
        4,
        0,
        1,
        0,
        2,
        2,
        9,
        4,
        1,
        0,
        4,
        0,
        7,
        4,
        8,
        0,
        9,
        4,
        4,
        0,
        3,
        2,
        7,
        0,
        2,
        0,
        1,
        0,
        8,
        0,
        3,
        0,
        6,
        0,
        0,
        4,
        9,
        0,
        0,
        0,
        8,
        4,
        0,
        4,
        1,
        0,
        5,
        4,
        9,
        0,
        7,
        4,
        2,
        4,
        2,
        4,
        0,
        0
    ],
    "makespan": 1916,
    "normalized_makespan": 0.126206098031648,
    "energy": 5243,
    "normalized_energy": 0.46358684688319546,
    "tardiness": 0,
    "normalized_tardiness": 0,
    "bestObjectiveFunction": 0.5897929449148435,
    "tiempo_por_iteracion": 1.6788487512557233
}