{
    "bestSolution": [
        14,
        0,
        19,
        0,
        5,
        0,
        0,
        0,
        19,
        0,
        7,
        0,
        10,
        0,
        15,
        0,
        1,
        0,
        6,
        0,
        8,
        0,
        3,
        0,
        13,
        0,
        10,
        0,
        11,
        0,
        11,
        0,
        14,
        0,
        6,
        0,
        4,
        0,
        11,
        0,
        17,
        0,
        15,
        0,
        17,
        0,
        3,
        0,
        15,
        0,
        4,
        0,
        19,
        0,
        6,
        0,
        8,
        0,
        9,
        0,
        9,
        0,
        8,
        0,
        2,
        0,
        10,
        0,
        11,
        0,
        19,
        0,
        5,
        0,
        16,
        0,
        3,
        0,
        11,
        0,
        16,
        0,
        17,
        0,
        10,
        0,
        10,
        0,
        4,
        0,
        1,
        0,
        6,
        0,
        8,
        0,
        15,
        0,
        6,
        0,
        3,
        0,
        5,
        0,
        18,
        0,
        15,
        0,
        4,
        0,
        2,
        0,
        8,
        0,
        13,
        0,
        1,
        0,
        3,
        0,
        9,
        0,
        19,
        0,
        17,
        0,
        9,
        0,
        4,
        0,
        18,
        0,
        7,
        0,
        12,
        0,
        14,
        0,
        1,
        0,
        0,
        0,
        16,
        0,
        0,
        0,
        7,
        0,
        12,
        0,
        2,
        0,
        18,
        0,
        12,
        0,
        16,
        0,
        13,
        0,
        16,
        0,
        13,
        0,
        12,
        0,
        12,
        0,
        17,
        0,
        1,
        0,
        0,
        0,
        14,
        0,
        2,
        0,
        14,
        0,
        7,
        0,
        5,
        0,
        5,
        0,
        18,
        0,
        7,
        0,
        18,
        0,
        2,
        0,
        13,
        0,
        9,
        0,
        0,
        0
    ],
    "makespan": 850,
    "normalized_makespan": 0.19923371647509577,
    "energy": 7195,
    "normalized_energy": 0,
    "tardiness": 2101,
    "normalized_tardiness": 0.625670041691483,
    "bestObjectiveFunction": 0.8249037581665788,
    "tiempo_por_iteracion": 0.7497079546858625
}