{
    "bestSolution": [
        2,
        1,
        4,
        1,
        3,
        1,
        3,
        1,
        2,
        1,
        4,
        1,
        1,
        1,
        2,
        2,
        4,
        0,
        3,
        1,
        0,
        1,
        2,
        0,
        0,
        2,
        1,
        1,
        0,
        2,
        1,
        2,
        1,
        1,
        3,
        0,
        2,
        2,
        1,
        1,
        0,
        2,
        4,
        1,
        4,
        1,
        3,
        1,
        0,
        2
    ],
    "makespan": 413,
    "normalized_makespan": 0.09658703071672355,
    "energy": 1773,
    "normalized_energy": 0.7915590008613265,
    "tardiness": 315,
    "normalized_tardiness": 0.10294117647058823,
    "bestObjectiveFunction": 0.9910872080486383,
    "tiempo_por_iteracion": 0.46843642590230683
}