{
    "status": "OPTIMAL_SOLUTION",
    "solution": {
        "objective": 0.9180285169777801,
        "start_time": [
            [
                308,
                253,
                365,
                177,
                95
            ],
            [
                194,
                78,
                316,
                226,
                150
            ],
            [
                226,
                117,
                75,
                156,
                45
            ],
            [
                138,
                0,
                160,
                86,
                288
            ],
            [
                386,
                156,
                113,
                128,
                315
            ]
        ],
        "SpeedScaling": [
            [
                2,
                1,
                1,
                1,
                2
            ],
            [
                1,
                2,
                2,
                1,
                2
            ],
            [
                2,
                1,
                2,
                2,
                2
            ],
            [
                2,
                2,
                1,
                2,
                3
            ],
            [
                2,
                1,
                3,
                2,
                2
            ]
        ],
        "_output_item": "Objective function normalized: M-0.1054607508532423 + E-0.6632213608957795 + T-0.1493464052287582 = 0.9180285169777801 \nObjective function: M-439.0 + E-1624.0 + T-457.0 = 0.9180285169777801 \nStart Times: [308, 253, 365, 177, 95, 194, 78, 316, 226, 150, 226, 117, 75, 156, 45, 138, 0, 160, 86, 288, 386, 156, 113, 128, 315]\nSpeed Scaling; [2, 1, 1, 1, 2, 1, 2, 2, 1, 2, 2, 1, 2, 2, 2, 2, 2, 1, 2, 3, 2, 1, 3, 2, 2]\n",
        "_checker": ""
    },
    "statistics": {
        "paths": 0,
        "flatIntVars": 451,
        "flatFloatVars": 54,
        "flatIntConstraints": 576,
        "flatFloatConstraints": 54,
        "evaluatedHalfReifiedConstraints": 100,
        "method": "minimize",
        "flatTime": 103.80499999999999,
        "objective": 0.918028516978,
        "objectiveBound": 0.918028516978,
        "nodes": 36439,
        "solveTime": 58132.6,
        "time": 5537.0,
        "openNodes": 594,
        "nSolutions": 32
    }
}