{
    "bestSolution": [
        1,
        0,
        1,
        0,
        4,
        0,
        4,
        0,
        3,
        0,
        4,
        0,
        1,
        0,
        3,
        0,
        0,
        0,
        3,
        0,
        2,
        0,
        3,
        0,
        4,
        0,
        2,
        0,
        4,
        0,
        1,
        0,
        1,
        0,
        4,
        0,
        2,
        0,
        0,
        0,
        1,
        0,
        0,
        0,
        0,
        0,
        4,
        0,
        3,
        0,
        2,
        0,
        2,
        0,
        3,
        0,
        0,
        0,
        1,
        0,
        0,
        0,
        3,
        0,
        1,
        0,
        4,
        0,
        4,
        0,
        3,
        0,
        2,
        0,
        2,
        0,
        2,
        0,
        3,
        0,
        2,
        0,
        0,
        0,
        0,
        0,
        3,
        0,
        1,
        0,
        4,
        0,
        0,
        0,
        0,
        0,
        2,
        0,
        3,
        0,
        0,
        0,
        2,
        0,
        4,
        0,
        0,
        0,
        1,
        0,
        2,
        0,
        2,
        0,
        0,
        0,
        2,
        0,
        1,
        0,
        4,
        0,
        3,
        0,
        0,
        0,
        3,
        0,
        0,
        0,
        3,
        0,
        1,
        0,
        3,
        0,
        2,
        0,
        4,
        0,
        4,
        0,
        2,
        0,
        1,
        0,
        0,
        0,
        3,
        0,
        2,
        0,
        3,
        0,
        1,
        0,
        2,
        0,
        1,
        0,
        3,
        0,
        0,
        0,
        1,
        0,
        2,
        0,
        4,
        0,
        1,
        0,
        4,
        0,
        1,
        0,
        0,
        0,
        0,
        0,
        3,
        0,
        1,
        0,
        0,
        0,
        4,
        0,
        4,
        0,
        2,
        0,
        3,
        0,
        4,
        0,
        4,
        0,
        1,
        0
    ],
    "makespan": 144,
    "normalized_makespan": 0.014925373134328358,
    "energy": 9471,
    "normalized_energy": 0,
    "tardiness": 0,
    "normalized_tardiness": 0,
    "bestObjectiveFunction": 0.014925373134328358,
    "tiempo_por_iteracion": 0.6544724873134068
}