{
    "bestSolution": [
        3,
        0,
        1,
        0,
        9,
        0,
        2,
        0,
        8,
        0,
        6,
        0,
        15,
        0,
        11,
        0,
        4,
        0,
        17,
        0,
        17,
        0,
        1,
        0,
        13,
        0,
        2,
        0,
        4,
        0,
        4,
        0,
        4,
        0,
        15,
        0,
        2,
        0,
        8,
        0,
        11,
        0,
        11,
        0,
        12,
        0,
        16,
        0,
        17,
        0,
        13,
        0,
        1,
        0,
        11,
        0,
        17,
        0,
        8,
        0,
        18,
        0,
        4,
        0,
        3,
        0,
        16,
        0,
        13,
        0,
        1,
        0,
        2,
        0,
        19,
        0,
        10,
        0,
        13,
        0,
        17,
        0,
        5,
        0,
        8,
        0,
        11,
        0,
        19,
        0,
        14,
        0,
        1,
        0,
        10,
        0,
        18,
        0,
        6,
        0,
        2,
        0,
        15,
        0,
        7,
        0,
        7,
        0,
        13,
        0,
        10,
        0,
        12,
        0,
        8,
        0,
        5,
        0,
        7,
        0,
        5,
        0,
        14,
        0,
        14,
        0,
        12,
        0,
        5,
        0,
        18,
        0,
        19,
        0,
        16,
        0,
        10,
        0,
        14,
        0,
        3,
        0,
        0,
        0,
        15,
        0,
        5,
        0,
        6,
        0,
        9,
        0,
        16,
        0,
        0,
        0,
        9,
        0,
        15,
        0,
        7,
        0,
        18,
        0,
        7,
        0,
        9,
        0,
        16,
        0,
        9,
        0,
        18,
        0,
        19,
        0,
        14,
        0,
        12,
        0,
        0,
        0,
        6,
        0,
        12,
        0,
        10,
        0,
        19,
        0,
        0,
        0,
        3,
        0,
        6,
        0,
        3,
        0,
        0,
        0
    ],
    "makespan": 883,
    "normalized_makespan": 0.2228495516439721,
    "energy": 7252,
    "normalized_energy": 0,
    "tardiness": 1980,
    "normalized_tardiness": 0.6143344709897611,
    "bestObjectiveFunction": 0.8371840226337333,
    "tiempo_por_iteracion": 0.6435738950967789
}