{
    "bestSolution": [
        2,
        0,
        0,
        0,
        4,
        0,
        3,
        0,
        1,
        0,
        1,
        0,
        2,
        0,
        3,
        0,
        4,
        0,
        3,
        0,
        0,
        0,
        4,
        0,
        1,
        0,
        0,
        0,
        3,
        0,
        2,
        0,
        4,
        0,
        1,
        0,
        3,
        0,
        0,
        0,
        1,
        0,
        2,
        0,
        0,
        0,
        4,
        0,
        2,
        0
    ],
    "makespan": 231,
    "normalized_makespan": 0.09126984126984126,
    "energy": 1896,
    "normalized_energy": 0,
    "tardiness": 0,
    "normalized_tardiness": 0,
    "bestObjectiveFunction": 0.09126984126984126,
    "tiempo_por_iteracion": 0.11534404754638672
}