{
    "status": "OPTIMAL_SOLUTION",
    "solution": {
        "objective": 0.09126984126984128,
        "start_time": [
            [
                210,
                133,
                178,
                81,
                31
            ],
            [
                147,
                0,
                77,
                60,
                109
            ],
            [
                185,
                60,
                109,
                209,
                0
            ],
            [
                127,
                98,
                0,
                160,
                51
            ],
            [
                52,
                171,
                34,
                196,
                80
            ]
        ],
        "SpeedScaling": [
            [
                1,
                1,
                1,
                1,
                1
            ],
            [
                1,
                1,
                1,
                1,
                1
            ],
            [
                1,
                1,
                1,
                1,
                1
            ],
            [
                1,
                1,
                1,
                1,
                1
            ],
            [
                1,
                1,
                1,
                1,
                1
            ]
        ],
        "_output_item": "Objective function: 0.09126984126984128 + 0.0 = 0.09126984126984128 \nObjective function : M-231.0 + E-1896.0 = 0.09126984126984128 \nStart Times: [210, 133, 178, 81, 31, 147, 0, 77, 60, 109, 185, 60, 109, 209, 0, 127, 98, 0, 160, 51, 52, 171, 34, 196, 80]\nSpeed Scaling; [1, 1, 1, 1, 1, 1, 1, 1, 1, 1, 1, 1, 1, 1, 1, 1, 1, 1, 1, 1, 1, 1, 1, 1, 1]\n",
        "_checker": ""
    },
    "statistics": {
        "paths": 0,
        "flatIntVars": 151,
        "flatFloatVars": 2,
        "flatIntConstraints": 251,
        "flatFloatConstraints": 2,
        "evaluatedHalfReifiedConstraints": 100,
        "method": "minimize",
        "flatTime": 71.70400000000001,
        "objective": 0.0912698412698,
        "objectiveBound": 0.0912698412698,
        "nodes": 1,
        "solveTime": 107.0,
        "time": 103.0,
        "nSolutions": 12
    }
}