{
    "status": "SATISFIED",
    "solution": {
        "objective": 0.10515873015873,
        "start_time": [
            [
                179,
                120,
                158,
                81,
                61
            ],
            [
                200,
                0,
                77,
                60,
                109
            ],
            [
                155,
                60,
                109,
                212,
                0
            ],
            [
                120,
                91,
                0,
                140,
                34
            ],
            [
                50,
                176,
                34,
                199,
                147
            ]
        ],
        "SpeedScaling": [
            [
                1,
                1,
                1,
                1,
                1
            ],
            [
                1,
                1,
                1,
                1,
                1
            ],
            [
                1,
                1,
                1,
                1,
                1
            ],
            [
                1,
                1,
                1,
                1,
                1
            ],
            [
                1,
                1,
                1,
                1,
                1
            ]
        ],
        "_output_item": "Objective function: 0.10515873015873 + 0.0 = 0.10515873015873 \nObjective function : M-238.0 + E-1896.0 = 0.10515873015873 \nStart Times: [179, 120, 158, 81, 61, 200, 0, 77, 60, 109, 155, 60, 109, 212, 0, 120, 91, 0, 140, 34, 50, 176, 34, 199, 147]\nSpeed Scaling; [1, 1, 1, 1, 1, 1, 1, 1, 1, 1, 1, 1, 1, 1, 1, 1, 1, 1, 1, 1, 1, 1, 1, 1, 1]\n",
        "_checker": ""
    },
    "statistics": {
        "paths": 0,
        "flatBoolVars": 100,
        "flatIntVars": 51,
        "flatFloatVars": 2,
        "flatBoolConstraints": 50,
        "flatIntConstraints": 176,
        "flatFloatConstraints": 2,
        "evaluatedHalfReifiedConstraints": 100,
        "method": "minimize",
        "flatTime": 45.882,
        "time": 73.0,
        "initTime": 1.373,
        "solveTime": 928.02,
        "solutions": 1,
        "variables": 151,
        "propagators": 228,
        "propagations": 13281739,
        "nodes": 1203673,
        "failures": 601829,
        "restarts": 0,
        "peakDepth": 20,
        "nSolutions": 1
    }
}