{
    "status": "OPTIMAL_SOLUTION",
    "solution": {
        "objective": 0.09126984126984117,
        "start_time": [
            [
                210,
                147,
                185,
                20,
                0
            ],
            [
                147,
                0,
                77,
                60,
                109
            ],
            [
                185,
                60,
                139,
                209,
                20
            ],
            [
                120,
                91,
                0,
                156,
                53
            ],
            [
                52,
                120,
                36,
                143,
                80
            ]
        ],
        "SpeedScaling": [
            [
                1,
                1,
                1,
                1,
                1
            ],
            [
                1,
                1,
                1,
                1,
                1
            ],
            [
                1,
                1,
                1,
                1,
                1
            ],
            [
                1,
                1,
                1,
                1,
                1
            ],
            [
                1,
                1,
                1,
                1,
                1
            ]
        ],
        "_output_item": "Objective function: 0.09126984126984117 + 0.0 = 0.09126984126984117 \nObjective function : M-231.0 + E-1896.0 = 0.09126984126984117 \nStart Times: [210, 147, 185, 20, 0, 147, 0, 77, 60, 109, 185, 60, 139, 209, 20, 120, 91, 0, 156, 53, 52, 120, 36, 143, 80]\nSpeed Scaling; [1, 1, 1, 1, 1, 1, 1, 1, 1, 1, 1, 1, 1, 1, 1, 1, 1, 1, 1, 1, 1, 1, 1, 1, 1]\n",
        "_checker": ""
    },
    "statistics": {
        "paths": 0,
        "flatIntVars": 151,
        "flatFloatVars": 2,
        "flatIntConstraints": 251,
        "flatFloatConstraints": 2,
        "evaluatedHalfReifiedConstraints": 100,
        "method": "minimize",
        "flatTime": 70.52799999999999,
        "objective": 0.0912698412698,
        "objectiveBound": 0.0912698412698,
        "nodes": 49,
        "openNodes": 6,
        "solveTime": 18.0,
        "time": 97.0,
        "nSolutions": 5
    }
}