{
    "bestSolution": [
        2,
        1,
        3,
        0,
        2,
        1,
        8,
        1,
        4,
        1,
        4,
        2,
        0,
        1,
        8,
        1,
        7,
        1,
        6,
        1,
        4,
        0,
        6,
        1,
        9,
        2,
        5,
        0,
        3,
        0,
        2,
        1,
        1,
        0,
        2,
        1,
        9,
        0,
        8,
        1,
        0,
        2,
        6,
        1,
        0,
        0,
        8,
        1,
        7,
        2,
        5,
        0,
        6,
        2,
        4,
        1,
        1,
        1,
        5,
        0,
        7,
        2,
        6,
        0,
        0,
        0,
        3,
        0,
        9,
        2,
        8,
        0,
        2,
        0,
        4,
        0,
        1,
        1,
        3,
        2,
        5,
        1,
        7,
        0,
        7,
        0,
        9,
        0,
        1,
        0,
        1,
        1,
        9,
        1,
        0,
        0,
        3,
        0,
        5,
        0
    ],
    "makespan": 802,
    "normalized_makespan": 0.09953703703703703,
    "energy": 2824,
    "normalized_energy": 0.534020618556701,
    "tardiness": 2213,
    "normalized_tardiness": 0.3334337803224348,
    "bestObjectiveFunction": 0.9669914359161729,
    "tiempo_por_iteracion": 0.9543832077908871
}