{
    "bestSolution": [
        4,
        1,
        0,
        0,
        1,
        0,
        2,
        2,
        1,
        0,
        0,
        1,
        0,
        0,
        0,
        0,
        1,
        0,
        2,
        0,
        2,
        0,
        3,
        0,
        4,
        0,
        4,
        0,
        4,
        0,
        4,
        0,
        3,
        2,
        1,
        2,
        1,
        0,
        1,
        0,
        0,
        0,
        1,
        1,
        4,
        0,
        0,
        2,
        4,
        0,
        3,
        0,
        2,
        0,
        4,
        1,
        2,
        0,
        4,
        0,
        3,
        0,
        3,
        0,
        4,
        2,
        3,
        0,
        0,
        0,
        1,
        2,
        1,
        2,
        3,
        0,
        2,
        2,
        4,
        0,
        4,
        0,
        2,
        0,
        1,
        0,
        2,
        0,
        4,
        0,
        1,
        0,
        0,
        0,
        2,
        0,
        0,
        1,
        4,
        0,
        1,
        0,
        3,
        1,
        2,
        0,
        4,
        2,
        3,
        2,
        0,
        0,
        2,
        2,
        1,
        2,
        2,
        0,
        1,
        1,
        0,
        1,
        3,
        2,
        2,
        0,
        0,
        0,
        3,
        2,
        1,
        0,
        1,
        2,
        2,
        1,
        2,
        1,
        0,
        0,
        4,
        1,
        3,
        1,
        0,
        2,
        3,
        0,
        4,
        0,
        3,
        0,
        3,
        0,
        1,
        2,
        0,
        2,
        2,
        2,
        2,
        1,
        0,
        0,
        1,
        0,
        0,
        0,
        3,
        2,
        3,
        0,
        0,
        1,
        1,
        0,
        0,
        0,
        3,
        0,
        1,
        0,
        2,
        0,
        2,
        0,
        4,
        0,
        3,
        1,
        0,
        0,
        4,
        2,
        2,
        2,
        4,
        1,
        3,
        0
    ],
    "makespan": 555,
    "normalized_makespan": 0.15771558245083206,
    "energy": 8356,
    "normalized_energy": 0.31505250875145857,
    "tardiness": 0,
    "normalized_tardiness": 0,
    "bestObjectiveFunction": 0.47276809120229063,
    "tiempo_por_iteracion": 0.7037420814687555
}