{
    "bestSolution": [
        4,
        0,
        2,
        0,
        1,
        0,
        4,
        0,
        4,
        0,
        0,
        0,
        3,
        0,
        0,
        0,
        3,
        0,
        4,
        0,
        2,
        0,
        0,
        0,
        0,
        0,
        2,
        0,
        4,
        0,
        1,
        0,
        1,
        0,
        3,
        0,
        2,
        0,
        3,
        0,
        0,
        0,
        1,
        0,
        3,
        0,
        2,
        0,
        1,
        0
    ],
    "makespan": 304,
    "normalized_makespan": 0.1970684039087948,
    "energy": 1820,
    "normalized_energy": 0,
    "tardiness": 0,
    "normalized_tardiness": 0.0,
    "bestObjectiveFunction": 0.1970684039087948,
    "tiempo_por_iteracion": 0.8545394097605059
}