{
    "bestSolution": [
        3,
        0,
        2,
        0,
        0,
        0,
        2,
        0,
        4,
        0,
        1,
        0,
        3,
        0,
        2,
        0,
        0,
        0,
        4,
        0,
        1,
        0,
        2,
        0,
        4,
        0,
        1,
        0,
        4,
        0,
        3,
        0,
        2,
        0,
        4,
        0,
        0,
        0,
        3,
        0,
        1,
        0,
        4,
        0,
        4,
        0,
        0,
        0,
        1,
        0,
        3,
        0,
        1,
        0,
        0,
        0,
        3,
        0,
        0,
        0,
        0,
        0,
        3,
        0,
        1,
        0,
        4,
        0,
        3,
        0,
        2,
        0,
        4,
        0,
        2,
        0,
        1,
        0,
        0,
        0,
        2,
        0,
        3,
        0,
        2,
        0,
        3,
        0,
        1,
        0,
        4,
        0,
        0,
        0,
        1,
        0,
        0,
        0,
        2,
        0
    ],
    "makespan": 448,
    "normalized_makespan": 0.0608254887762491,
    "energy": 3547,
    "normalized_energy": 0,
    "tardiness": 0,
    "normalized_tardiness": 0.0,
    "bestObjectiveFunction": 0.0608254887762491,
    "tiempo_por_iteracion": 1.645586322335636
}