{
    "bestSolution": [
        6,
        2,
        14,
        0,
        18,
        2,
        9,
        2,
        16,
        0,
        12,
        0,
        2,
        0,
        11,
        2,
        9,
        0,
        12,
        0,
        1,
        1,
        11,
        0,
        15,
        0,
        4,
        2,
        15,
        2,
        0,
        0,
        10,
        1,
        12,
        0,
        5,
        0,
        16,
        0,
        11,
        1,
        16,
        0,
        8,
        0,
        10,
        0,
        7,
        2,
        3,
        0,
        18,
        1,
        11,
        1,
        19,
        1,
        15,
        0,
        6,
        0,
        4,
        1,
        5,
        0,
        3,
        0,
        8,
        0,
        2,
        1,
        3,
        0,
        0,
        0,
        19,
        0,
        9,
        0,
        13,
        2,
        11,
        0,
        2,
        0,
        17,
        1,
        10,
        1,
        17,
        0,
        1,
        0,
        4,
        2,
        5,
        0,
        19,
        2,
        2,
        0,
        8,
        1,
        18,
        1,
        17,
        0,
        6,
        0,
        3,
        0,
        1,
        0,
        12,
        1,
        7,
        0,
        13,
        1,
        17,
        0,
        8,
        0,
        0,
        0,
        7,
        0,
        0,
        0,
        17,
        0,
        6,
        2,
        5,
        1,
        12,
        0,
        8,
        2,
        7,
        0,
        9,
        2,
        19,
        2,
        15,
        0,
        6,
        1,
        15,
        1,
        18,
        0,
        14,
        0,
        2,
        0,
        18,
        0,
        13,
        2,
        3,
        1,
        14,
        0,
        16,
        2,
        7,
        0,
        14,
        0,
        9,
        1,
        1,
        0,
        13,
        0,
        4,
        0,
        0,
        1,
        10,
        0,
        14,
        0,
        1,
        0,
        13,
        0,
        10,
        0,
        16,
        0,
        5,
        1,
        19,
        2,
        4,
        0
    ],
    "makespan": 2610,
    "normalized_makespan": 0.19866688343358804,
    "energy": 4908,
    "normalized_energy": 0.3510349153251098,
    "tardiness": 0,
    "normalized_tardiness": 0,
    "bestObjectiveFunction": 0.5497017987586978,
    "tiempo_por_iteracion": 1.3961796218698674
}