{
    "bestSolution": [
        6,
        2,
        5,
        0,
        9,
        0,
        1,
        2,
        18,
        2,
        9,
        0,
        4,
        2,
        12,
        0,
        12,
        0,
        13,
        0,
        6,
        0,
        17,
        0,
        14,
        2,
        7,
        2,
        8,
        2,
        5,
        0,
        13,
        2,
        2,
        2,
        2,
        0,
        11,
        0,
        17,
        2,
        15,
        0,
        14,
        2,
        11,
        2,
        2,
        0,
        16,
        0,
        6,
        0,
        3,
        0,
        13,
        0,
        19,
        0,
        0,
        0,
        8,
        2,
        11,
        0,
        6,
        0,
        18,
        0,
        12,
        2,
        3,
        0,
        8,
        1,
        8,
        0,
        17,
        2,
        14,
        0,
        0,
        0,
        11,
        0,
        3,
        0,
        7,
        2,
        5,
        0,
        19,
        0,
        18,
        0,
        7,
        2,
        9,
        2,
        13,
        0,
        1,
        0,
        1,
        0,
        3,
        0,
        6,
        2,
        17,
        0,
        10,
        0,
        5,
        0,
        0,
        0,
        15,
        0,
        1,
        2,
        16,
        0,
        10,
        2,
        4,
        0,
        1,
        0,
        7,
        2,
        9,
        2,
        13,
        0,
        4,
        0,
        14,
        2,
        0,
        0,
        19,
        0,
        15,
        2,
        16,
        0,
        18,
        0,
        12,
        2,
        14,
        2,
        8,
        2,
        12,
        0,
        19,
        1,
        9,
        0,
        0,
        0,
        2,
        0,
        16,
        2,
        15,
        0,
        4,
        0,
        10,
        0,
        19,
        0,
        17,
        0,
        3,
        0,
        4,
        0,
        11,
        0,
        10,
        1,
        2,
        0,
        18,
        0,
        10,
        2,
        7,
        2,
        5,
        0,
        16,
        0,
        15,
        1
    ],
    "makespan": 2536,
    "normalized_makespan": 0.19265160136563161,
    "energy": 4760,
    "normalized_energy": 0.3200919924733431,
    "tardiness": 0,
    "normalized_tardiness": 0,
    "bestObjectiveFunction": 0.5127435938389747,
    "tiempo_por_iteracion": 1.7069281472100153
}