{
    "bestSolution": [
        7,
        0,
        9,
        0,
        8,
        0,
        1,
        0,
        1,
        0,
        8,
        0,
        5,
        0,
        6,
        0,
        4,
        0,
        5,
        0,
        0,
        0,
        3,
        0,
        0,
        0,
        2,
        0,
        2,
        0,
        7,
        0,
        0,
        0,
        5,
        0,
        7,
        0,
        5,
        0,
        2,
        0,
        9,
        0,
        8,
        0,
        9,
        0,
        5,
        0,
        1,
        0,
        3,
        0,
        7,
        0,
        1,
        0,
        8,
        0,
        4,
        0,
        4,
        0,
        6,
        0,
        2,
        0,
        0,
        0,
        7,
        0,
        6,
        0,
        5,
        0,
        1,
        0,
        8,
        0,
        4,
        0,
        9,
        0,
        3,
        0,
        3,
        0,
        5,
        0,
        6,
        0,
        4,
        0,
        0,
        0,
        9,
        0,
        3,
        0,
        2,
        0,
        9,
        0,
        1,
        0,
        5,
        0,
        6,
        0,
        0,
        0,
        1,
        0,
        2,
        0,
        7,
        0,
        8,
        0,
        9,
        0,
        3,
        0,
        7,
        0,
        0,
        0,
        2,
        0,
        6,
        0,
        5,
        0,
        7,
        0,
        1,
        0,
        3,
        0,
        7,
        0,
        7,
        0,
        4,
        0,
        8,
        0,
        3,
        0,
        9,
        0,
        2,
        0,
        8,
        0,
        2,
        0,
        6,
        0,
        1,
        0,
        8,
        0,
        6,
        0,
        4,
        0,
        9,
        0,
        2,
        0,
        8,
        0,
        1,
        0,
        3,
        0,
        9,
        0,
        6,
        0,
        0,
        0,
        4,
        0,
        3,
        0,
        0,
        0,
        6,
        0,
        4,
        0,
        5,
        0,
        4,
        0,
        0,
        0
    ],
    "makespan": 813,
    "normalized_makespan": 0.15182688896771904,
    "energy": 7260,
    "normalized_energy": 0,
    "tardiness": 109,
    "normalized_tardiness": 0.034019975031210986,
    "bestObjectiveFunction": 0.18584686399893002,
    "tiempo_por_iteracion": 0.7829424170137361
}