{
    "bestSolution": [
        3,
        4,
        1,
        4,
        1,
        0,
        4,
        0,
        1,
        1,
        3,
        0,
        4,
        3,
        1,
        2,
        0,
        1,
        0,
        4,
        0,
        2,
        1,
        1,
        4,
        0,
        1,
        4,
        2,
        0,
        3,
        0,
        2,
        1,
        0,
        3,
        3,
        0,
        0,
        4,
        4,
        2,
        1,
        0,
        1,
        0,
        0,
        4,
        4,
        3,
        2,
        1,
        3,
        3,
        2,
        0,
        2,
        3,
        1,
        1,
        4,
        0,
        1,
        2,
        0,
        3,
        3,
        1,
        0,
        0,
        1,
        3,
        4,
        1,
        3,
        0,
        3,
        3,
        3,
        1,
        1,
        3,
        2,
        1,
        4,
        2,
        2,
        1,
        2,
        1,
        3,
        2,
        0,
        1,
        2,
        0,
        2,
        1,
        3,
        0,
        1,
        0,
        0,
        2,
        0,
        0,
        0,
        1,
        4,
        4,
        2,
        1,
        4,
        2,
        1,
        2,
        0,
        2,
        3,
        4,
        4,
        2,
        1,
        4,
        2,
        0,
        3,
        3,
        3,
        0,
        3,
        3,
        4,
        2,
        3,
        1,
        0,
        1,
        4,
        4,
        2,
        1,
        4,
        4,
        1,
        0,
        3,
        1,
        4,
        0,
        2,
        1,
        2,
        3,
        3,
        4,
        0,
        4,
        2,
        1,
        1,
        0,
        0,
        0,
        4,
        2,
        3,
        0,
        1,
        2,
        1,
        2,
        2,
        2,
        3,
        3,
        0,
        1,
        0,
        3,
        2,
        4,
        1,
        4,
        4,
        2,
        4,
        4,
        0,
        1,
        4,
        2,
        0,
        2,
        2,
        1,
        2,
        3,
        4,
        2
    ],
    "makespan": 277,
    "normalized_makespan": 0.07593818984547461,
    "energy": 9139,
    "normalized_energy": 0.7002600780234071,
    "tardiness": 162,
    "normalized_tardiness": 0.06835443037974684,
    "bestObjectiveFunction": 0.8445526982486286,
    "tiempo_por_iteracion": 0.7744591363082977
}