{
    "bestSolution": [
        8,
        2,
        6,
        4,
        3,
        0,
        9,
        4,
        0,
        0,
        8,
        4,
        6,
        0,
        9,
        0,
        7,
        2,
        7,
        0,
        9,
        0,
        4,
        4,
        0,
        0,
        8,
        0,
        9,
        4,
        2,
        3,
        5,
        3,
        5,
        1,
        7,
        0,
        3,
        1,
        6,
        2,
        6,
        0,
        8,
        0,
        4,
        1,
        4,
        4,
        2,
        0,
        2,
        2,
        5,
        0,
        0,
        4,
        1,
        4,
        2,
        1,
        1,
        0,
        9,
        4,
        2,
        2,
        3,
        1,
        5,
        1,
        4,
        0,
        3,
        2,
        5,
        0,
        1,
        3,
        7,
        1,
        6,
        3,
        8,
        2,
        1,
        0,
        4,
        1,
        0,
        4,
        3,
        3,
        7,
        0,
        1,
        4,
        0,
        0
    ],
    "makespan": 172,
    "normalized_makespan": 0.14115092290988057,
    "energy": 4575,
    "normalized_energy": 0.6009036144578314,
    "tardiness": 292,
    "normalized_tardiness": 0.3032191069574247,
    "bestObjectiveFunction": 1.0452736443251367,
    "tiempo_por_iteracion": 0.840510821656177
}