{
    "bestSolution": [
        0,
        3,
        9,
        4,
        6,
        3,
        0,
        0,
        0,
        3,
        3,
        0,
        3,
        0,
        8,
        3,
        7,
        4,
        5,
        4,
        5,
        1,
        3,
        3,
        0,
        1,
        5,
        3,
        2,
        4,
        7,
        0,
        7,
        1,
        6,
        4,
        2,
        2,
        9,
        3,
        2,
        4,
        8,
        1,
        4,
        4,
        1,
        2,
        3,
        0,
        6,
        1,
        4,
        0,
        6,
        4,
        1,
        2,
        1,
        3,
        8,
        1,
        4,
        0,
        3,
        2,
        1,
        3,
        2,
        3,
        8,
        4,
        4,
        2,
        6,
        4,
        0,
        0,
        8,
        1,
        7,
        4,
        4,
        3,
        5,
        1,
        7,
        4,
        9,
        4,
        2,
        1,
        1,
        0,
        9,
        0,
        5,
        4,
        9,
        4
    ],
    "makespan": 146,
    "normalized_makespan": 0.11292073832790445,
    "energy": 4716,
    "normalized_energy": 0.8132530120481928,
    "tardiness": 169,
    "normalized_tardiness": 0.1754932502596054,
    "bestObjectiveFunction": 1.1016670006357026,
    "tiempo_por_iteracion": 0.9599357995771824
}