{
    "bestSolution": [
        18,
        0,
        1,
        1,
        9,
        0,
        3,
        0,
        10,
        0,
        11,
        0,
        5,
        0,
        8,
        0,
        8,
        1,
        9,
        0,
        18,
        0,
        17,
        1,
        14,
        1,
        7,
        1,
        19,
        1,
        12,
        0,
        7,
        0,
        1,
        0,
        5,
        0,
        1,
        1,
        14,
        0,
        15,
        0,
        17,
        2,
        12,
        0,
        16,
        0,
        12,
        0,
        10,
        1,
        7,
        0,
        11,
        0,
        11,
        2,
        16,
        0,
        17,
        0,
        0,
        0,
        7,
        1,
        15,
        1,
        4,
        1,
        12,
        2,
        0,
        0,
        15,
        1,
        5,
        0,
        19,
        0,
        0,
        1,
        3,
        0,
        13,
        1,
        13,
        0,
        18,
        0,
        19,
        1,
        5,
        0,
        10,
        0,
        7,
        0,
        18,
        1,
        12,
        1,
        2,
        0,
        5,
        1,
        9,
        0,
        6,
        0,
        0,
        0,
        6,
        0,
        3,
        0,
        8,
        0,
        19,
        0,
        4,
        0,
        13,
        0,
        17,
        2,
        8,
        1,
        10,
        0,
        15,
        2,
        14,
        0,
        18,
        0,
        4,
        0,
        3,
        1,
        6,
        0,
        2,
        0,
        0,
        0,
        3,
        0,
        4,
        0,
        6,
        2,
        14,
        0,
        8,
        0,
        10,
        0,
        4,
        0,
        17,
        1,
        16,
        2,
        11,
        0,
        15,
        2,
        2,
        2,
        14,
        2,
        19,
        1,
        13,
        1,
        2,
        0,
        11,
        0,
        1,
        1,
        9,
        0,
        1,
        0,
        2,
        0,
        6,
        0,
        16,
        0,
        16,
        0,
        9,
        0,
        13,
        0
    ],
    "makespan": 2506,
    "normalized_makespan": 0.19025838549189536,
    "energy": 4611,
    "normalized_energy": 0.2996688741721854,
    "tardiness": 0,
    "normalized_tardiness": 0,
    "bestObjectiveFunction": 0.4899272596640808,
    "tiempo_por_iteracion": 0.9374838019862319
}