{
    "bestSolution": [
        4,
        0,
        9,
        2,
        5,
        0,
        11,
        2,
        11,
        2,
        3,
        0,
        8,
        2,
        6,
        0,
        0,
        0,
        18,
        2,
        18,
        2,
        15,
        0,
        3,
        0,
        11,
        0,
        15,
        0,
        10,
        0,
        9,
        0,
        14,
        0,
        8,
        0,
        5,
        0,
        19,
        2,
        8,
        0,
        16,
        2,
        7,
        2,
        19,
        0,
        17,
        0,
        12,
        0,
        8,
        2,
        4,
        0,
        1,
        2,
        11,
        0,
        15,
        0,
        2,
        2,
        2,
        0,
        9,
        0,
        0,
        2,
        5,
        0,
        14,
        0,
        9,
        0,
        10,
        1,
        13,
        1,
        17,
        2,
        19,
        0,
        16,
        0,
        0,
        0,
        6,
        2,
        16,
        0,
        12,
        1,
        7,
        0,
        6,
        0,
        5,
        0,
        12,
        0,
        11,
        0,
        3,
        0,
        0,
        2,
        12,
        0,
        1,
        2,
        17,
        0,
        16,
        0,
        18,
        0,
        9,
        1,
        1,
        0,
        15,
        0,
        15,
        2,
        14,
        0,
        14,
        0,
        8,
        0,
        13,
        2,
        18,
        2,
        2,
        2,
        18,
        0,
        5,
        2,
        3,
        0,
        10,
        0,
        4,
        0,
        19,
        0,
        7,
        0,
        14,
        0,
        12,
        0,
        10,
        0,
        16,
        0,
        7,
        0,
        17,
        0,
        6,
        0,
        7,
        0,
        13,
        0,
        1,
        0,
        4,
        0,
        1,
        0,
        13,
        2,
        3,
        2,
        4,
        0,
        10,
        0,
        2,
        2,
        17,
        0,
        2,
        2,
        0,
        0,
        13,
        0,
        19,
        2,
        6,
        2
    ],
    "makespan": 2445,
    "normalized_makespan": 0.18536350505536833,
    "energy": 4686,
    "normalized_energy": 0.31519039735099336,
    "tardiness": 0,
    "normalized_tardiness": 0,
    "bestObjectiveFunction": 0.5005539024063617,
    "tiempo_por_iteracion": 2.914372706413269
}