{
    "bestSolution": [
        3,
        1,
        2,
        2,
        3,
        1,
        7,
        1,
        2,
        2,
        6,
        2,
        1,
        2,
        5,
        2,
        1,
        1,
        8,
        2,
        8,
        1,
        2,
        2,
        5,
        1,
        4,
        1,
        0,
        2,
        7,
        2,
        5,
        1,
        0,
        2,
        2,
        2,
        8,
        1,
        9,
        1,
        0,
        2,
        0,
        1,
        6,
        0,
        1,
        1,
        5,
        2,
        9,
        1,
        0,
        0,
        6,
        2,
        3,
        2,
        1,
        2,
        2,
        1,
        6,
        2,
        2,
        1,
        3,
        2,
        5,
        1,
        8,
        2,
        1,
        2,
        7,
        1,
        8,
        2,
        0,
        2,
        9,
        2,
        2,
        1,
        8,
        1,
        6,
        1,
        9,
        2,
        9,
        1,
        3,
        2,
        2,
        2,
        3,
        1,
        2,
        1,
        0,
        2,
        1,
        2,
        5,
        1,
        9,
        2,
        4,
        0,
        8,
        0,
        8,
        1,
        4,
        2,
        5,
        1,
        3,
        2,
        0,
        2,
        0,
        2,
        4,
        2,
        5,
        1,
        3,
        1,
        1,
        1,
        6,
        1,
        7,
        2,
        7,
        2,
        4,
        1,
        9,
        2,
        6,
        1,
        1,
        0,
        9,
        2,
        3,
        1,
        7,
        0,
        0,
        1,
        7,
        2,
        6,
        1,
        4,
        1,
        2,
        1,
        1,
        1,
        1,
        2,
        9,
        1,
        6,
        1,
        3,
        1,
        4,
        2,
        6,
        2,
        4,
        2,
        5,
        2,
        4,
        2,
        7,
        1,
        8,
        0,
        8,
        1,
        4,
        2,
        7,
        2,
        9,
        2,
        7,
        2,
        5,
        1
    ],
    "makespan": 791,
    "normalized_makespan": 0.03573233234678409,
    "energy": 7222,
    "normalized_energy": 0.8767123287671232,
    "tardiness": 48,
    "normalized_tardiness": 0.0033924658986500813,
    "bestObjectiveFunction": 0.9158371270125574,
    "tiempo_por_iteracion": 2.214372048775355
}