{
    "bestSolution": [
        6,
        0,
        2,
        0,
        8,
        0,
        6,
        0,
        16,
        0,
        13,
        0,
        7,
        0,
        1,
        0,
        3,
        0,
        16,
        0,
        12,
        0,
        4,
        0,
        9,
        0,
        1,
        0,
        10,
        0,
        14,
        0,
        4,
        0,
        6,
        0,
        0,
        0,
        3,
        0,
        3,
        0,
        10,
        0,
        13,
        0,
        1,
        0,
        12,
        0,
        8,
        0,
        14,
        0,
        4,
        0,
        10,
        0,
        3,
        0,
        12,
        0,
        13,
        0,
        12,
        0,
        14,
        0,
        8,
        0,
        5,
        0,
        5,
        0,
        17,
        0,
        15,
        0,
        11,
        0,
        6,
        0,
        3,
        0,
        9,
        0,
        1,
        0,
        10,
        0,
        8,
        0,
        6,
        0,
        14,
        0,
        1,
        0,
        18,
        0,
        11,
        0,
        19,
        0,
        19,
        0,
        2,
        0,
        8,
        0,
        9,
        0,
        7,
        0,
        19,
        0,
        11,
        0,
        0,
        0,
        13,
        0,
        17,
        0,
        15,
        0,
        7,
        0,
        4,
        0,
        15,
        0,
        18,
        0,
        5,
        0,
        19,
        0,
        2,
        0,
        17,
        0,
        15,
        0,
        18,
        0,
        18,
        0,
        13,
        0,
        5,
        0,
        0,
        0,
        19,
        0,
        16,
        0,
        16,
        0,
        9,
        0,
        7,
        0,
        5,
        0,
        0,
        0,
        9,
        0,
        11,
        0,
        14,
        0,
        12,
        0,
        17,
        0,
        7,
        0,
        11,
        0,
        2,
        0,
        15,
        0,
        18,
        0,
        2,
        0,
        17,
        0,
        0,
        0,
        10,
        0,
        16,
        0,
        4,
        0
    ],
    "makespan": 768,
    "normalized_makespan": 0.18465626037861177,
    "energy": 7252,
    "normalized_energy": 0,
    "tardiness": 1850,
    "normalized_tardiness": 0.5739993794601304,
    "bestObjectiveFunction": 0.7586556398387421,
    "tiempo_por_iteracion": 1.0317516586568096
}