{
    "bestSolution": [
        8,
        0,
        14,
        0,
        14,
        0,
        12,
        0,
        9,
        0,
        17,
        0,
        12,
        0,
        15,
        0,
        0,
        0,
        18,
        0,
        3,
        0,
        8,
        0,
        1,
        0,
        5,
        0,
        12,
        0,
        11,
        0,
        3,
        0,
        17,
        0,
        2,
        0,
        18,
        0,
        12,
        0,
        6,
        0,
        15,
        0,
        14,
        0,
        16,
        0,
        3,
        0,
        11,
        0,
        2,
        0,
        1,
        0,
        4,
        0,
        14,
        0,
        5,
        0,
        3,
        0,
        8,
        0,
        1,
        0,
        18,
        0,
        12,
        0,
        10,
        0,
        9,
        0,
        3,
        0,
        18,
        0,
        0,
        0,
        18,
        0,
        19,
        0,
        6,
        0,
        10,
        0,
        17,
        0,
        5,
        0,
        7,
        0,
        2,
        0,
        1,
        0,
        6,
        0,
        14,
        0,
        16,
        0,
        17,
        0,
        0,
        0,
        8,
        0,
        6,
        0,
        8,
        0,
        6,
        0,
        16,
        0,
        9,
        0,
        17,
        0,
        4,
        0,
        13,
        0,
        13,
        0,
        1,
        0,
        2,
        0,
        16,
        0,
        19,
        0,
        2,
        0,
        0,
        0,
        19,
        0,
        13,
        0,
        11,
        0,
        11,
        0,
        7,
        0,
        15,
        0,
        0,
        0,
        16,
        0,
        4,
        0,
        5,
        0,
        19,
        0,
        7,
        0,
        10,
        0,
        7,
        0,
        9,
        0,
        19,
        0,
        4,
        0,
        15,
        0,
        11,
        0,
        10,
        0,
        7,
        0,
        5,
        0,
        13,
        0,
        13,
        0,
        9,
        0,
        4,
        0,
        15,
        0,
        10,
        0
    ],
    "makespan": 776,
    "normalized_makespan": 0.18856364874063988,
    "energy": 7301,
    "normalized_energy": 0,
    "tardiness": 1797,
    "normalized_tardiness": 0.5686708860759494,
    "bestObjectiveFunction": 0.7572345348165893,
    "tiempo_por_iteracion": 0.45805270882213817
}