{
    "bestSolution": [
        2,
        2,
        3,
        1,
        0,
        1,
        1,
        1,
        3,
        2,
        1,
        0,
        2,
        1,
        0,
        1,
        4,
        2,
        3,
        2,
        2,
        2,
        1,
        2,
        3,
        1,
        4,
        1,
        3,
        0,
        0,
        1,
        1,
        1,
        2,
        1,
        0,
        1,
        0,
        1,
        3,
        2,
        0,
        0,
        4,
        0,
        2,
        2,
        2,
        1,
        3,
        2,
        3,
        1,
        4,
        2,
        4,
        2,
        1,
        2,
        0,
        1,
        1,
        1,
        0,
        1,
        1,
        2,
        0,
        0,
        1,
        2,
        3,
        2,
        0,
        2,
        2,
        2,
        4,
        1,
        4,
        1,
        4,
        2,
        3,
        2,
        2,
        1,
        2,
        2,
        4,
        2,
        2,
        1,
        1,
        1,
        1,
        2,
        4,
        1
    ],
    "makespan": 658,
    "normalized_makespan": 0.06760330578512397,
    "energy": 3614,
    "normalized_energy": 0.838655462184874,
    "tardiness": 354,
    "normalized_tardiness": 0.056199396729639625,
    "bestObjectiveFunction": 0.9624581646996375,
    "tiempo_por_iteracion": 1.0898220559470675
}