{
    "bestSolution": [
        4,
        1,
        2,
        1,
        4,
        0,
        3,
        1,
        0,
        1,
        1,
        1,
        3,
        2,
        4,
        2,
        2,
        1,
        1,
        1,
        0,
        3,
        0,
        2,
        2,
        0,
        4,
        0,
        1,
        0,
        2,
        0,
        0,
        2,
        4,
        1,
        3,
        1,
        3,
        2,
        1,
        0,
        0,
        0,
        2,
        2,
        1,
        3,
        3,
        1
    ],
    "makespan": 412,
    "normalized_makespan": 0.0923949299533022,
    "energy": 1521,
    "normalized_energy": 0.6005004170141784,
    "tardiness": 521,
    "normalized_tardiness": 0.16629428662623683,
    "bestObjectiveFunction": 0.8591896335937175,
    "tiempo_por_iteracion": 0.4777419936089289
}