{
    "status": "OPTIMAL_SOLUTION",
    "solution": {
        "objective": 0.7675166315132297,
        "start_time": [
            [
                219,
                262,
                192,
                108,
                237
            ],
            [
                113,
                191,
                284,
                20,
                262
            ],
            [
                184,
                157,
                42,
                217,
                284
            ],
            [
                237,
                72,
                0,
                281,
                171
            ],
            [
                284,
                10,
                219,
                327,
                50
            ]
        ],
        "SpeedScaling": [
            [
                3,
                2,
                1,
                1,
                4
            ],
            [
                2,
                1,
                2,
                2,
                2
            ],
            [
                4,
                1,
                1,
                1,
                2
            ],
            [
                2,
                2,
                4,
                4,
                1
            ],
            [
                1,
                3,
                1,
                3,
                1
            ]
        ],
        "_output_item": "Objective function normalized: M-0.06715284108173807 + E-0.5308427454387485 + T-0.1695210449927431 = 0.7675166315132297 \nObjective function : M-375.0 + E-1432.0 + T-584.0 = 0.7675166315132297 \nStart Times: [219, 262, 192, 108, 237, 113, 191, 284, 20, 262, 184, 157, 42, 217, 284, 237, 72, 0, 281, 171, 284, 10, 219, 327, 50]\nSpeed Scaling; [3, 2, 1, 1, 4, 2, 1, 2, 2, 2, 4, 1, 1, 1, 2, 2, 2, 4, 4, 1, 1, 3, 1, 3, 1]\n",
        "_checker": ""
    },
    "statistics": {
        "paths": 0,
        "flatIntVars": 412,
        "flatFloatVars": 35,
        "flatIntConstraints": 452,
        "flatFloatConstraints": 35,
        "evaluatedHalfReifiedConstraints": 100,
        "method": "minimize",
        "flatTime": 94.63000000000001,
        "objective": 0.767516631513,
        "objectiveBound": 0.767516631513,
        "nodes": 7943,
        "solveTime": 4192.9,
        "time": 2216.0,
        "openNodes": 739,
        "nSolutions": 22
    }
}