{
    "bestSolution": [
        3,
        3,
        3,
        2,
        1,
        1,
        1,
        3,
        4,
        1,
        0,
        0,
        2,
        0,
        1,
        3,
        3,
        0,
        4,
        2,
        0,
        3,
        3,
        3,
        1,
        0,
        2,
        0,
        0,
        4,
        4,
        1,
        4,
        4,
        3,
        3,
        1,
        1,
        0,
        2,
        4,
        2,
        0,
        2,
        2,
        4,
        2,
        4,
        2,
        2
    ],
    "makespan": 354,
    "normalized_makespan": 0.060771801883925856,
    "energy": 1643,
    "normalized_energy": 0.7141615986099045,
    "tardiness": 13,
    "normalized_tardiness": 0.0037735849056603774,
    "bestObjectiveFunction": 0.7787069853994907,
    "tiempo_por_iteracion": 0.46705137017895193
}