{
    "bestSolution": [
        4,
        0,
        1,
        0,
        2,
        0,
        2,
        0,
        0,
        0,
        0,
        0,
        3,
        0,
        1,
        0,
        0,
        0,
        3,
        0,
        2,
        0,
        0,
        0,
        3,
        0,
        4,
        0,
        3,
        0,
        4,
        0,
        1,
        0,
        1,
        0,
        0,
        0,
        3,
        0,
        2,
        0,
        2,
        0,
        1,
        0,
        4,
        0,
        4,
        0
    ],
    "makespan": 452,
    "normalized_makespan": 0.5297619047619048,
    "energy": 1896,
    "normalized_energy": 0,
    "tardiness": 67,
    "normalized_tardiness": 0.09724238026124818,
    "bestObjectiveFunction": 0.627004285023153,
    "tiempo_por_iteracion": 0.5654406132323019
}