{
    "bestSolution": [
        3,
        0,
        0,
        1,
        10,
        2,
        4,
        0,
        12,
        0,
        1,
        0,
        0,
        4,
        19,
        0,
        5,
        4,
        2,
        0,
        19,
        0,
        9,
        4,
        1,
        0,
        15,
        0,
        19,
        0,
        11,
        0,
        16,
        4,
        17,
        0,
        9,
        0,
        18,
        0,
        7,
        0,
        13,
        0,
        4,
        0,
        5,
        3,
        3,
        4,
        2,
        3,
        7,
        0,
        13,
        0,
        4,
        4,
        16,
        0,
        18,
        4,
        9,
        0,
        11,
        3,
        19,
        4,
        8,
        0,
        10,
        0,
        15,
        3,
        3,
        0,
        15,
        4,
        10,
        0,
        15,
        0,
        8,
        0,
        7,
        0,
        14,
        0,
        18,
        4,
        8,
        0,
        0,
        3,
        4,
        4,
        1,
        0,
        6,
        0,
        4,
        4,
        11,
        0,
        14,
        4,
        10,
        0,
        19,
        4,
        0,
        2,
        3,
        0,
        14,
        0,
        5,
        4,
        1,
        1,
        5,
        2,
        8,
        4,
        12,
        2,
        17,
        0,
        17,
        0,
        0,
        0,
        12,
        4,
        8,
        0,
        18,
        0,
        3,
        0,
        14,
        1,
        9,
        4,
        12,
        4,
        11,
        0,
        17,
        4,
        2,
        0,
        6,
        0,
        1,
        0,
        5,
        4,
        2,
        0,
        12,
        0,
        15,
        0,
        6,
        1,
        11,
        0,
        18,
        0,
        16,
        4,
        7,
        3,
        2,
        0,
        17,
        0,
        7,
        0,
        10,
        4,
        6,
        4,
        16,
        4,
        13,
        0,
        16,
        0,
        13,
        2,
        14,
        0,
        6,
        4,
        9,
        0,
        13,
        1
    ],
    "makespan": 2213,
    "normalized_makespan": 0.15670903417307253,
    "energy": 4862,
    "normalized_energy": 0.38885523924894005,
    "tardiness": 0,
    "normalized_tardiness": 0,
    "bestObjectiveFunction": 0.5455642734220125,
    "tiempo_por_iteracion": 2.3775495778430593
}