{
    "bestSolution": [
        12,
        3,
        0,
        1,
        11,
        2,
        13,
        1,
        15,
        1,
        19,
        3,
        16,
        3,
        5,
        4,
        11,
        2,
        17,
        1,
        3,
        1,
        8,
        4,
        14,
        4,
        3,
        4,
        9,
        2,
        9,
        1,
        6,
        2,
        10,
        2,
        11,
        0,
        0,
        3,
        12,
        2,
        3,
        3,
        14,
        0,
        5,
        1,
        13,
        1,
        8,
        2,
        10,
        3,
        6,
        1,
        9,
        0,
        0,
        0,
        17,
        1,
        5,
        3,
        18,
        1,
        18,
        1,
        4,
        2,
        10,
        1,
        15,
        0,
        10,
        2,
        7,
        3,
        13,
        2,
        17,
        1,
        2,
        1,
        19,
        0,
        4,
        3,
        14,
        2,
        1,
        1,
        3,
        4,
        9,
        0,
        15,
        3,
        5,
        0,
        10,
        3,
        12,
        0,
        14,
        1,
        7,
        1,
        0,
        3,
        16,
        2,
        8,
        0,
        6,
        2,
        2,
        3,
        2,
        1,
        12,
        1,
        0,
        1,
        19,
        1,
        9,
        2,
        1,
        2,
        6,
        0,
        7,
        2,
        16,
        1,
        2,
        2,
        16,
        0,
        8,
        4,
        1,
        2,
        17,
        0,
        2,
        1,
        4,
        2,
        13,
        0,
        18,
        1,
        6,
        4,
        1,
        3,
        12,
        3,
        15,
        2,
        14,
        1,
        19,
        1,
        17,
        1,
        7,
        2,
        11,
        1,
        11,
        2,
        4,
        1,
        19,
        2,
        1,
        0,
        18,
        3,
        5,
        1,
        4,
        1,
        16,
        1,
        8,
        2,
        3,
        4,
        15,
        2,
        13,
        4,
        7,
        1,
        18,
        1
    ],
    "makespan": 1058,
    "normalized_makespan": 0.06755435191454148,
    "energy": 6438,
    "normalized_energy": 0.7112676056338029,
    "tardiness": 3438,
    "normalized_tardiness": 0.25555638147625065,
    "bestObjectiveFunction": 1.034378339024595,
    "tiempo_por_iteracion": 1.109855953765952
}