{
    "bestSolution": [
        2,
        0,
        2,
        0,
        0,
        0,
        1,
        0,
        0,
        0,
        1,
        0,
        4,
        0,
        2,
        0,
        3,
        0,
        4,
        0,
        3,
        0,
        0,
        0,
        2,
        0,
        4,
        0,
        0,
        0,
        2,
        0,
        3,
        0,
        1,
        0,
        3,
        0,
        1,
        0,
        0,
        0,
        2,
        0,
        4,
        0,
        4,
        0,
        1,
        0,
        0,
        0,
        1,
        0,
        4,
        0,
        0,
        0,
        0,
        0,
        2,
        0,
        4,
        0,
        0,
        0,
        1,
        0,
        3,
        0,
        4,
        0,
        2,
        0,
        3,
        0,
        2,
        0,
        4,
        0,
        3,
        0,
        1,
        0,
        3,
        0,
        0,
        0,
        4,
        0,
        1,
        0,
        3,
        0,
        1,
        0,
        3,
        0,
        2,
        0
    ],
    "makespan": 444,
    "normalized_makespan": 0.08620689655172414,
    "energy": 3665,
    "normalized_energy": 0,
    "tardiness": 0,
    "normalized_tardiness": 0,
    "bestObjectiveFunction": 0.08620689655172414,
    "tiempo_por_iteracion": 2.5735135078430176
}