{
    "bestSolution": [
        1,
        1,
        2,
        2,
        3,
        2,
        3,
        1,
        2,
        0,
        4,
        1,
        1,
        0,
        3,
        0,
        3,
        0,
        1,
        1,
        0,
        2,
        0,
        1,
        2,
        1,
        1,
        1,
        4,
        0,
        3,
        0,
        1,
        0,
        2,
        0,
        4,
        0,
        0,
        0,
        0,
        2,
        2,
        0,
        4,
        0,
        0,
        1,
        4,
        1
    ],
    "makespan": 538,
    "normalized_makespan": 0.11981279251170047,
    "energy": 1398,
    "normalized_energy": 0.5175879396984925,
    "tardiness": 379,
    "normalized_tardiness": 0.11283119976183388,
    "bestObjectiveFunction": 0.7502319319720269,
    "tiempo_por_iteracion": 0.5171787854537223
}