{
    "bestSolution": [
        3,
        0,
        1,
        0,
        1,
        0,
        2,
        0,
        0,
        0,
        3,
        0,
        4,
        0,
        4,
        0,
        0,
        0,
        1,
        0,
        2,
        0,
        2,
        0,
        4,
        1,
        2,
        0,
        2,
        0,
        3,
        0,
        0,
        2,
        4,
        0,
        3,
        0,
        3,
        0,
        0,
        0,
        0,
        2,
        1,
        0,
        3,
        0,
        1,
        0,
        4,
        0,
        4,
        0,
        1,
        1,
        2,
        2,
        4,
        2,
        1,
        0,
        2,
        0,
        4,
        0,
        3,
        2,
        0,
        0,
        3,
        2,
        0,
        1,
        2,
        1,
        1,
        0,
        0,
        0,
        1,
        2,
        3,
        0,
        4,
        0,
        0,
        0,
        3,
        0,
        2,
        0,
        4,
        0,
        2,
        0,
        1,
        0,
        0,
        0
    ],
    "makespan": 1481,
    "normalized_makespan": 0.17477684998560322,
    "energy": 1883,
    "normalized_energy": 0.1891233766233766,
    "tardiness": 0,
    "normalized_tardiness": 0,
    "bestObjectiveFunction": 0.3639002266089798,
    "tiempo_por_iteracion": 0.7448039377057875
}