{
    "bestSolution": [
        0,
        1,
        3,
        2,
        2,
        0,
        1,
        0,
        3,
        2,
        3,
        1,
        0,
        1,
        3,
        1,
        2,
        1,
        0,
        0,
        3,
        0,
        2,
        2,
        1,
        0,
        0,
        1,
        0,
        2,
        2,
        2,
        1,
        0,
        3,
        2,
        0,
        2,
        1,
        2,
        4,
        1,
        1,
        0,
        2,
        1,
        1,
        1,
        3,
        2,
        4,
        2,
        0,
        0,
        2,
        0,
        2,
        0,
        1,
        1,
        4,
        1,
        2,
        2,
        1,
        0,
        0,
        0,
        4,
        1,
        0,
        2,
        3,
        0,
        2,
        2,
        4,
        0,
        4,
        2,
        4,
        1,
        1,
        1,
        4,
        0,
        3,
        0,
        0,
        2,
        2,
        2,
        2,
        0,
        0,
        1,
        4,
        2,
        3,
        1,
        3,
        1,
        3,
        1,
        3,
        2,
        3,
        1,
        1,
        0,
        4,
        2,
        1,
        0,
        4,
        2,
        0,
        1,
        2,
        0,
        4,
        2,
        3,
        2,
        1,
        0,
        3,
        2,
        1,
        1,
        0,
        0,
        1,
        1,
        4,
        0,
        0,
        0,
        2,
        2,
        3,
        2,
        3,
        0,
        0,
        0,
        2,
        0,
        0,
        2,
        4,
        0,
        3,
        2,
        1,
        2,
        4,
        0,
        3,
        0,
        0,
        1,
        4,
        0,
        2,
        1,
        2,
        2,
        1,
        0,
        2,
        0,
        1,
        0,
        2,
        0,
        0,
        0,
        0,
        0,
        4,
        1,
        4,
        0,
        4,
        1,
        1,
        2,
        2,
        2,
        0,
        2,
        4,
        0,
        2,
        1,
        1,
        0,
        1,
        1
    ],
    "makespan": 1544,
    "normalized_makespan": 0.07895572131407713,
    "energy": 5901,
    "normalized_energy": 0.586185693789711,
    "tardiness": 675,
    "normalized_tardiness": 0.051326895293133605,
    "bestObjectiveFunction": 0.7164683103969217,
    "tiempo_por_iteracion": 0.7833954961332557
}