{
    "bestSolution": [
        1,
        4,
        4,
        0,
        2,
        3,
        0,
        1,
        0,
        2,
        2,
        1,
        3,
        1,
        2,
        2,
        4,
        0,
        1,
        0,
        3,
        2,
        3,
        2,
        3,
        1,
        0,
        1,
        4,
        1,
        3,
        0,
        1,
        1,
        2,
        0,
        1,
        0,
        4,
        1,
        4,
        0,
        0,
        0,
        0,
        0,
        1,
        4,
        2,
        0
    ],
    "makespan": 448,
    "normalized_makespan": 0.11528545119705341,
    "energy": 1469,
    "normalized_energy": 0.5198312236286919,
    "tardiness": 302,
    "normalized_tardiness": 0.10596491228070175,
    "bestObjectiveFunction": 0.741081587106447,
    "tiempo_por_iteracion": 0.2880166279756023
}