{
    "bestSolution": [
        3,
        0,
        7,
        0,
        2,
        0,
        3,
        0,
        5,
        0,
        7,
        0,
        7,
        0,
        8,
        0,
        4,
        0,
        6,
        0,
        5,
        0,
        1,
        0,
        1,
        0,
        9,
        0,
        0,
        0,
        4,
        0,
        2,
        0,
        9,
        0,
        3,
        0,
        7,
        0,
        3,
        0,
        8,
        0,
        8,
        0,
        1,
        0,
        6,
        0,
        8,
        0,
        3,
        0,
        0,
        0,
        9,
        0,
        7,
        0,
        2,
        0,
        5,
        0,
        9,
        0,
        2,
        0,
        8,
        0,
        0,
        0,
        6,
        0,
        2,
        0,
        1,
        0,
        4,
        0,
        1,
        0,
        0,
        0,
        4,
        0,
        0,
        0,
        5,
        0,
        6,
        0,
        9,
        0,
        5,
        0,
        6,
        0,
        4,
        0
    ],
    "makespan": 427,
    "normalized_makespan": 0.1716867469879518,
    "energy": 3694,
    "normalized_energy": 0,
    "tardiness": 0,
    "normalized_tardiness": 0,
    "bestObjectiveFunction": 0.1716867469879518,
    "tiempo_por_iteracion": 0.3945009708404541
}