{
    "bestSolution": [
        6,
        0,
        2,
        0,
        5,
        0,
        4,
        0,
        5,
        0,
        7,
        0,
        3,
        0,
        2,
        0,
        6,
        0,
        1,
        0,
        0,
        0,
        6,
        0,
        9,
        0,
        4,
        0,
        6,
        0,
        1,
        0,
        3,
        0,
        9,
        0,
        7,
        0,
        0,
        0,
        9,
        0,
        8,
        0,
        0,
        0,
        1,
        0,
        8,
        0,
        7,
        0,
        3,
        0,
        7,
        0,
        9,
        0,
        8,
        0,
        9,
        0,
        1,
        0,
        4,
        0,
        5,
        0,
        5,
        0,
        8,
        0,
        2,
        0,
        2,
        0,
        3,
        0,
        0,
        0,
        7,
        0,
        4,
        0,
        2,
        0,
        6,
        0,
        3,
        0,
        0,
        0,
        1,
        0,
        5,
        0,
        8,
        0,
        4,
        0
    ],
    "makespan": 430,
    "normalized_makespan": 0.17394578313253012,
    "energy": 3694,
    "normalized_energy": 0,
    "tardiness": 0,
    "normalized_tardiness": 0,
    "bestObjectiveFunction": 0.17394578313253012,
    "tiempo_por_iteracion": 2.561204195022583
}