{
    "bestSolution": [
        8,
        2,
        5,
        0,
        0,
        1,
        4,
        0,
        0,
        4,
        1,
        3,
        2,
        2,
        9,
        2,
        3,
        4,
        6,
        1,
        2,
        2,
        8,
        2,
        7,
        4,
        7,
        1,
        3,
        2,
        1,
        1,
        9,
        2,
        4,
        1,
        2,
        4,
        8,
        1,
        5,
        1,
        7,
        2,
        0,
        0,
        9,
        0,
        3,
        2,
        1,
        1,
        0,
        0,
        4,
        4,
        3,
        3,
        6,
        2,
        6,
        4,
        5,
        0,
        1,
        4,
        7,
        3,
        6,
        2,
        2,
        3,
        5,
        0,
        3,
        0,
        4,
        4,
        8,
        1,
        8,
        2,
        1,
        4,
        9,
        2,
        9,
        1,
        7,
        0,
        5,
        1,
        6,
        1,
        0,
        4,
        2,
        1,
        4,
        1
    ],
    "makespan": 549,
    "normalized_makespan": 0.060397433891409794,
    "energy": 3320,
    "normalized_energy": 0.7345424567188789,
    "tardiness": 961,
    "normalized_tardiness": 0.14662801342691487,
    "bestObjectiveFunction": 0.9415679040372036,
    "tiempo_por_iteracion": 0.6156480195690003
}