{
    "bestSolution": [
        3,
        0,
        3,
        0,
        1,
        0,
        0,
        0,
        1,
        0,
        2,
        0,
        3,
        0,
        0,
        0,
        1,
        0,
        4,
        0,
        4,
        0,
        3,
        0,
        1,
        0,
        2,
        0,
        3,
        0,
        4,
        0,
        2,
        0,
        2,
        0,
        1,
        0,
        0,
        0,
        0,
        0,
        4,
        0,
        0,
        0,
        3,
        0,
        0,
        0,
        4,
        0,
        2,
        0,
        4,
        0,
        0,
        0,
        1,
        0,
        3,
        0,
        3,
        0,
        4,
        0,
        0,
        0,
        0,
        0,
        1,
        0,
        2,
        0,
        3,
        0,
        0,
        0,
        2,
        0,
        2,
        0,
        4,
        0,
        2,
        0,
        1,
        0,
        2,
        0,
        1,
        0,
        3,
        0,
        1,
        0,
        4,
        0,
        4,
        0,
        4,
        0,
        1,
        0,
        0,
        0,
        0,
        0,
        2,
        0,
        3,
        0,
        4,
        0,
        3,
        0,
        1,
        0,
        2,
        0,
        4,
        0,
        0,
        0,
        1,
        0,
        2,
        0,
        1,
        0,
        4,
        0,
        3,
        0,
        1,
        0,
        3,
        0,
        0,
        0,
        0,
        0,
        3,
        0,
        4,
        0,
        1,
        0,
        3,
        0,
        2,
        0,
        2,
        0,
        2,
        0,
        0,
        0,
        0,
        0,
        0,
        0,
        3,
        0,
        1,
        0,
        4,
        0,
        4,
        0,
        1,
        0,
        4,
        0,
        2,
        0,
        2,
        0,
        0,
        0,
        0,
        0,
        3,
        0,
        1,
        0,
        2,
        0,
        3,
        0,
        2,
        0,
        4,
        0,
        1,
        0,
        4,
        0,
        3,
        0
    ],
    "makespan": 751,
    "normalized_makespan": 0.021585557299843013,
    "energy": 7240,
    "normalized_energy": 0,
    "tardiness": 0,
    "normalized_tardiness": 0.0,
    "bestObjectiveFunction": 0.021585557299843013,
    "tiempo_por_iteracion": 0.8534308473269144
}