{
    "bestSolution": [
        3,
        2,
        3,
        1,
        3,
        2,
        0,
        2,
        1,
        0,
        1,
        2,
        2,
        2,
        0,
        1,
        1,
        2,
        3,
        2,
        1,
        2,
        3,
        1,
        4,
        2,
        3,
        2,
        4,
        2,
        0,
        1,
        4,
        2,
        4,
        2,
        0,
        2,
        1,
        2,
        2,
        2,
        1,
        2,
        4,
        1,
        0,
        1,
        3,
        0,
        2,
        2,
        1,
        2,
        2,
        1,
        0,
        2,
        4,
        0,
        2,
        2,
        2,
        1,
        0,
        2,
        0,
        0,
        4,
        2,
        1,
        2,
        4,
        2,
        3,
        2,
        4,
        0,
        4,
        2,
        3,
        2,
        2,
        0,
        3,
        0,
        0,
        1,
        1,
        1,
        2,
        2,
        1,
        2,
        0,
        0,
        2,
        0,
        2,
        1
    ],
    "makespan": 192,
    "normalized_makespan": 0.08701657458563536,
    "energy": 4559,
    "normalized_energy": 0.7966280295047419,
    "tardiness": 146,
    "normalized_tardiness": 0.0964332892998679,
    "bestObjectiveFunction": 0.9800778933902452,
    "tiempo_por_iteracion": 0.9159272323220463
}