{
    "bestSolution": [
        6,
        0,
        3,
        4,
        9,
        0,
        8,
        0,
        5,
        0,
        2,
        4,
        7,
        1,
        0,
        0,
        4,
        0,
        7,
        4,
        0,
        0,
        9,
        4,
        1,
        0,
        2,
        0,
        1,
        0,
        3,
        2,
        3,
        0,
        6,
        0,
        6,
        0,
        7,
        2,
        8,
        2,
        1,
        4,
        8,
        4,
        2,
        4,
        0,
        0,
        5,
        0,
        4,
        0,
        7,
        4,
        4,
        0,
        1,
        0,
        9,
        0,
        6,
        0,
        8,
        0,
        0,
        4,
        5,
        0,
        7,
        0,
        9,
        0,
        0,
        0,
        4,
        0,
        2,
        0,
        3,
        1,
        9,
        0,
        8,
        0,
        3,
        0,
        5,
        4,
        4,
        0,
        6,
        4,
        2,
        4,
        1,
        0,
        5,
        0
    ],
    "makespan": 1365,
    "normalized_makespan": 0.1832476564862413,
    "energy": 2216,
    "normalized_energy": 0.312900641025641,
    "tardiness": 0,
    "normalized_tardiness": 0,
    "bestObjectiveFunction": 0.49614829751188233,
    "tiempo_por_iteracion": 0.9311846527484579
}