{
    "bestSolution": [
        0,
        2,
        3,
        0,
        2,
        2,
        2,
        0,
        0,
        1,
        4,
        1,
        4,
        0,
        4,
        2,
        1,
        2,
        2,
        0,
        2,
        1,
        4,
        2,
        2,
        2,
        0,
        2,
        0,
        1,
        1,
        2,
        1,
        1,
        3,
        0,
        2,
        2,
        0,
        2,
        4,
        0,
        1,
        1,
        3,
        2,
        2,
        2,
        1,
        2,
        1,
        2,
        4,
        2,
        0,
        1,
        4,
        0,
        0,
        1,
        3,
        2,
        2,
        0,
        3,
        2,
        4,
        2,
        3,
        1,
        2,
        2,
        0,
        2,
        2,
        2,
        4,
        0,
        3,
        2,
        3,
        1,
        0,
        2,
        1,
        1,
        0,
        2,
        4,
        0,
        1,
        2,
        3,
        2,
        1,
        0,
        1,
        0,
        3,
        2
    ],
    "makespan": 148,
    "normalized_makespan": 0.09330819981149858,
    "energy": 4628,
    "normalized_energy": 0.758485639686684,
    "tardiness": 128,
    "normalized_tardiness": 0.11531531531531532,
    "bestObjectiveFunction": 0.967109154813498,
    "tiempo_por_iteracion": 1.6337451140085857
}