{
    "bestSolution": [
        15,
        0,
        6,
        0,
        15,
        0,
        8,
        0,
        8,
        0,
        17,
        0,
        4,
        0,
        8,
        0,
        13,
        0,
        17,
        0,
        10,
        0,
        6,
        0,
        2,
        0,
        2,
        0,
        5,
        0,
        9,
        0,
        6,
        0,
        17,
        0,
        0,
        0,
        4,
        0,
        11,
        0,
        13,
        0,
        2,
        0,
        2,
        0,
        15,
        0,
        9,
        0,
        1,
        0,
        11,
        0,
        19,
        0,
        18,
        0,
        12,
        0,
        7,
        0,
        15,
        0,
        1,
        0,
        0,
        0,
        19,
        0,
        3,
        0,
        6,
        0,
        11,
        0,
        14,
        0,
        16,
        0,
        18,
        0,
        9,
        0,
        5,
        0,
        11,
        0,
        3,
        0,
        19,
        0,
        11,
        0,
        7,
        0,
        0,
        0,
        9,
        0,
        16,
        0,
        1,
        0,
        13,
        0,
        14,
        0,
        5,
        0,
        17,
        0,
        12,
        0,
        12,
        0,
        10,
        0,
        18,
        0,
        4,
        0,
        7,
        0,
        0,
        0,
        14,
        0,
        1,
        0,
        14,
        0,
        0,
        0,
        8,
        0,
        7,
        0,
        17,
        0,
        5,
        0,
        1,
        0,
        3,
        0,
        8,
        0,
        3,
        0,
        18,
        0,
        19,
        0,
        15,
        0,
        4,
        0,
        6,
        0,
        7,
        0,
        12,
        0,
        2,
        0,
        10,
        0,
        10,
        0,
        16,
        0,
        5,
        0,
        13,
        0,
        16,
        0,
        19,
        0,
        12,
        0,
        13,
        0,
        16,
        0,
        4,
        0,
        18,
        0,
        9,
        0,
        10,
        0,
        14,
        0,
        3,
        0
    ],
    "makespan": 189,
    "normalized_makespan": 0.2364620938628159,
    "energy": 9407,
    "normalized_energy": 0,
    "tardiness": 299,
    "normalized_tardiness": 0.48856209150326796,
    "bestObjectiveFunction": 0.7250241853660838,
    "tiempo_por_iteracion": 0.582932620578342
}