{
    "bestSolution": [
        4,
        0,
        1,
        0,
        13,
        0,
        1,
        0,
        11,
        0,
        15,
        0,
        11,
        0,
        12,
        0,
        8,
        0,
        9,
        0,
        14,
        0,
        10,
        0,
        11,
        0,
        4,
        0,
        7,
        0,
        11,
        0,
        10,
        0,
        7,
        0,
        16,
        0,
        19,
        0,
        3,
        0,
        17,
        0,
        9,
        0,
        8,
        0,
        5,
        0,
        11,
        0,
        12,
        0,
        6,
        0,
        18,
        0,
        15,
        0,
        7,
        0,
        17,
        0,
        10,
        0,
        3,
        0,
        5,
        0,
        16,
        0,
        0,
        0,
        14,
        0,
        18,
        0,
        0,
        0,
        10,
        0,
        13,
        0,
        19,
        0,
        14,
        0,
        1,
        0,
        18,
        0,
        5,
        0,
        3,
        0,
        6,
        0,
        2,
        0,
        6,
        0,
        10,
        0,
        12,
        0,
        2,
        0,
        8,
        0,
        15,
        0,
        15,
        0,
        12,
        0,
        14,
        0,
        4,
        0,
        17,
        0,
        13,
        0,
        16,
        0,
        3,
        0,
        3,
        0,
        19,
        0,
        0,
        0,
        19,
        0,
        9,
        0,
        1,
        0,
        17,
        0,
        5,
        0,
        0,
        0,
        4,
        0,
        18,
        0,
        6,
        0,
        9,
        0,
        1,
        0,
        6,
        0,
        7,
        0,
        18,
        0,
        8,
        0,
        17,
        0,
        19,
        0,
        12,
        0,
        4,
        0,
        5,
        0,
        14,
        0,
        2,
        0,
        0,
        0,
        9,
        0,
        8,
        0,
        13,
        0,
        15,
        0,
        2,
        0,
        16,
        0,
        13,
        0,
        2,
        0,
        16,
        0,
        7,
        0
    ],
    "makespan": 229,
    "normalized_makespan": 0.30866425992779783,
    "energy": 9407,
    "normalized_energy": 0,
    "tardiness": 429,
    "normalized_tardiness": 0.7009803921568627,
    "bestObjectiveFunction": 1.0096446520846605,
    "tiempo_por_iteracion": 2.4650274969282604
}