{
    "bestSolution": [
        2,
        0,
        6,
        0,
        6,
        0,
        9,
        0,
        6,
        0,
        1,
        0,
        0,
        0,
        0,
        0,
        9,
        0,
        1,
        0,
        1,
        0,
        9,
        0,
        3,
        0,
        3,
        0,
        0,
        0,
        9,
        0,
        9,
        0,
        2,
        0,
        1,
        0,
        6,
        0,
        4,
        0,
        9,
        0,
        4,
        0,
        1,
        0,
        7,
        0,
        3,
        0,
        1,
        0,
        3,
        0,
        8,
        0,
        9,
        0,
        8,
        0,
        2,
        0,
        7,
        0,
        5,
        0,
        2,
        0,
        5,
        0,
        5,
        0,
        0,
        0,
        4,
        0,
        0,
        0,
        4,
        0,
        3,
        0,
        1,
        0,
        3,
        0,
        4,
        0,
        1,
        0,
        5,
        0,
        2,
        0,
        9,
        0,
        4,
        0,
        6,
        0,
        8,
        0,
        4,
        0,
        8,
        0,
        6,
        0,
        2,
        0,
        8,
        0,
        5,
        0,
        5,
        0,
        9,
        0,
        7,
        0,
        5,
        0,
        7,
        0,
        7,
        0,
        6,
        0,
        5,
        0,
        3,
        0,
        6,
        0,
        1,
        0,
        5,
        0,
        7,
        0,
        0,
        0,
        8,
        0,
        7,
        0,
        0,
        0,
        8,
        0,
        7,
        0,
        7,
        0,
        0,
        0,
        1,
        0,
        7,
        0,
        0,
        0,
        3,
        0,
        3,
        0,
        9,
        0,
        2,
        0,
        8,
        0,
        2,
        0,
        0,
        0,
        3,
        0,
        6,
        0,
        4,
        0,
        4,
        0,
        8,
        0,
        4,
        0,
        2,
        0,
        2,
        0,
        6,
        0,
        5,
        0,
        8,
        0
    ],
    "makespan": 179,
    "normalized_makespan": 0.2052980132450331,
    "energy": 9472,
    "normalized_energy": 0,
    "tardiness": 153,
    "normalized_tardiness": 0.28385899814471244,
    "bestObjectiveFunction": 0.48915701138974554,
    "tiempo_por_iteracion": 0.6691924201117622
}