{
    "bestSolution": [
        19,
        2,
        12,
        0,
        17,
        0,
        0,
        0,
        3,
        2,
        17,
        2,
        4,
        2,
        6,
        2,
        13,
        2,
        1,
        2,
        15,
        0,
        3,
        0,
        9,
        0,
        8,
        1,
        16,
        2,
        16,
        2,
        10,
        0,
        7,
        2,
        8,
        2,
        11,
        2,
        4,
        0,
        2,
        0,
        10,
        0,
        13,
        2,
        7,
        0,
        16,
        0,
        4,
        0,
        6,
        0,
        0,
        2,
        3,
        0,
        5,
        0,
        19,
        0,
        8,
        2,
        17,
        2,
        7,
        2,
        15,
        1,
        14,
        0,
        15,
        2,
        1,
        0,
        5,
        0,
        3,
        2,
        16,
        0,
        7,
        2,
        6,
        0,
        12,
        0,
        15,
        2,
        2,
        0,
        14,
        2,
        0,
        0,
        5,
        2,
        11,
        0,
        0,
        0,
        18,
        0,
        9,
        0,
        14,
        0,
        1,
        0,
        9,
        2,
        2,
        2,
        12,
        2,
        12,
        0,
        19,
        2,
        10,
        0,
        18,
        0,
        11,
        0,
        9,
        2,
        18,
        2,
        14,
        0,
        1,
        0,
        2,
        0,
        18,
        0,
        4,
        0,
        10,
        2,
        5,
        2,
        3,
        1,
        8,
        2,
        15,
        0,
        6,
        0,
        6,
        2,
        16,
        1,
        0,
        0,
        13,
        0,
        8,
        0,
        5,
        2,
        12,
        2,
        2,
        0,
        11,
        2,
        14,
        0,
        19,
        1,
        4,
        0,
        7,
        2,
        17,
        0,
        1,
        0,
        18,
        0,
        13,
        0,
        11,
        0,
        13,
        0,
        10,
        0,
        9,
        2,
        17,
        0,
        19,
        2
    ],
    "makespan": 2789,
    "normalized_makespan": 0.18480333309794506,
    "energy": 4905,
    "normalized_energy": 0.41392016376663254,
    "tardiness": 0,
    "normalized_tardiness": 0,
    "bestObjectiveFunction": 0.5987234968645776,
    "tiempo_por_iteracion": 3.663011312484741
}