{
    "bestSolution": [
        2,
        0,
        1,
        0,
        9,
        0,
        1,
        0,
        6,
        0,
        1,
        0,
        0,
        0,
        0,
        0,
        0,
        0,
        7,
        0,
        2,
        0,
        8,
        0,
        2,
        0,
        6,
        0,
        3,
        0,
        4,
        0,
        7,
        0,
        1,
        0,
        9,
        0,
        5,
        0,
        4,
        0,
        8,
        0,
        6,
        0,
        3,
        0,
        2,
        0,
        0,
        0,
        2,
        0,
        6,
        0,
        5,
        0,
        8,
        0,
        9,
        0,
        9,
        0,
        7,
        0,
        6,
        0,
        8,
        0,
        1,
        0,
        3,
        0,
        8,
        0,
        7,
        0,
        6,
        0,
        6,
        0,
        6,
        0,
        3,
        0,
        4,
        0,
        4,
        0,
        2,
        0,
        5,
        0,
        4,
        0,
        8,
        0,
        5,
        0,
        8,
        0,
        5,
        0,
        9,
        0,
        1,
        0,
        3,
        0,
        3,
        0,
        1,
        0,
        9,
        0,
        7,
        0,
        6,
        0,
        3,
        0,
        5,
        0,
        1,
        0,
        2,
        0,
        4,
        0,
        4,
        0,
        7,
        0,
        5,
        0,
        0,
        0,
        5,
        0,
        9,
        0,
        8,
        0,
        3,
        0,
        7,
        0,
        2,
        0,
        8,
        0,
        7,
        0,
        5,
        0,
        0,
        0,
        9,
        0,
        0,
        0,
        2,
        0,
        0,
        0,
        6,
        0,
        3,
        0,
        9,
        0,
        0,
        0,
        0,
        0,
        2,
        0,
        4,
        0,
        8,
        0,
        1,
        0,
        5,
        0,
        7,
        0,
        4,
        0,
        3,
        0,
        4,
        0,
        7,
        0,
        1,
        0,
        9,
        0
    ],
    "makespan": 910,
    "normalized_makespan": 0.180773249738767,
    "energy": 7264,
    "normalized_energy": 0,
    "tardiness": 1430,
    "normalized_tardiness": 0.43838136112814224,
    "bestObjectiveFunction": 0.6191546108669093,
    "tiempo_por_iteracion": 2.605830889481765
}