{
    "status": "OPTIMAL_SOLUTION",
    "solution": {
        "objective": 1.029586421050923,
        "start_time": [
            [
                110,
                80,
                60,
                45,
                97
            ],
            [
                101,
                76,
                35,
                60,
                20
            ],
            [
                99,
                101,
                74,
                102,
                85
            ],
            [
                48,
                20,
                32,
                38,
                76
            ],
            [
                72,
                38,
                13,
                34,
                0
            ]
        ],
        "SpeedScaling": [
            [
                3,
                1,
                2,
                3,
                1
            ],
            [
                2,
                2,
                1,
                2,
                1
            ],
            [
                1,
                1,
                2,
                2,
                2
            ],
            [
                2,
                2,
                2,
                3,
                1
            ],
            [
                1,
                1,
                2,
                2,
                1
            ]
        ],
        "_output_item": "Objective function normalized: M-0.1024327784891165 + E-0.7872763419483099 + T-0.1398773006134969 = 1.029586421050923 \nObjective function: M-114.0 + E-2253.0 + T-114.0 = 1.029586421050923 \nStart Times: [110, 80, 60, 45, 97, 101, 76, 35, 60, 20, 99, 101, 74, 102, 85, 48, 20, 32, 38, 76, 72, 38, 13, 34, 0]\nSpeed Scaling; [3, 1, 2, 3, 1, 2, 2, 1, 2, 1, 1, 1, 2, 2, 2, 2, 2, 2, 3, 1, 1, 1, 2, 2, 1]\n",
        "_checker": ""
    },
    "statistics": {
        "paths": 0,
        "flatIntVars": 441,
        "flatFloatVars": 52,
        "flatIntConstraints": 566,
        "flatFloatConstraints": 52,
        "evaluatedHalfReifiedConstraints": 100,
        "method": "minimize",
        "flatTime": 101.95899999999999,
        "objective": 1.02958642105,
        "objectiveBound": 1.02958642105,
        "nodes": 14979,
        "openNodes": 2080,
        "solveTime": 14063.0,
        "time": 8390.0,
        "nSolutions": 15
    }
}