{
    "bestSolution": [
        4,
        0,
        0,
        2,
        1,
        0,
        0,
        3,
        4,
        1,
        3,
        2,
        1,
        3,
        4,
        4,
        1,
        0,
        4,
        3,
        0,
        3,
        1,
        3,
        2,
        1,
        2,
        3,
        1,
        1,
        4,
        0,
        3,
        2,
        2,
        0,
        4,
        1,
        1,
        3,
        0,
        0,
        2,
        4,
        4,
        1,
        3,
        1,
        4,
        0,
        1,
        1,
        2,
        1,
        3,
        2,
        0,
        3,
        2,
        0,
        3,
        0,
        1,
        0,
        3,
        4,
        1,
        2,
        2,
        4,
        4,
        1,
        0,
        4,
        1,
        0,
        4,
        0,
        4,
        0,
        4,
        4,
        0,
        0,
        2,
        1,
        3,
        0,
        0,
        0,
        3,
        2,
        3,
        1,
        1,
        1,
        3,
        3,
        3,
        1,
        2,
        0,
        0,
        3,
        3,
        2,
        3,
        0,
        4,
        0,
        0,
        0,
        3,
        0,
        1,
        0,
        3,
        1,
        2,
        3,
        1,
        0,
        2,
        0,
        0,
        0,
        3,
        0,
        4,
        0,
        4,
        0,
        1,
        4,
        3,
        0,
        2,
        1,
        4,
        0,
        0,
        0,
        1,
        2,
        2,
        0,
        0,
        1,
        1,
        0,
        2,
        0,
        2,
        0,
        4,
        2,
        0,
        4,
        2,
        1,
        0,
        0,
        0,
        0,
        1,
        2,
        2,
        0,
        3,
        0,
        2,
        4,
        4,
        1,
        3,
        4,
        0,
        0,
        4,
        0,
        1,
        0,
        2,
        1,
        1,
        0,
        1,
        0,
        0,
        3,
        3,
        0,
        0,
        1,
        2,
        0,
        4,
        1,
        0,
        2
    ],
    "makespan": 565,
    "normalized_makespan": 0.16149773071104387,
    "energy": 8422,
    "normalized_energy": 0.35355892648774795,
    "tardiness": 0,
    "normalized_tardiness": 0,
    "bestObjectiveFunction": 0.5150566571987918,
    "tiempo_por_iteracion": 0.8850313121989623
}