{
    "bestSolution": [
        6,
        1,
        3,
        1,
        8,
        1,
        7,
        1,
        1,
        1,
        0,
        1,
        8,
        2,
        9,
        0,
        2,
        1,
        5,
        1,
        4,
        2,
        9,
        0,
        6,
        1,
        4,
        2,
        3,
        2,
        5,
        1,
        1,
        1,
        3,
        0,
        2,
        2,
        8,
        2,
        7,
        1,
        2,
        2,
        4,
        2,
        6,
        1,
        2,
        2,
        8,
        1,
        7,
        2,
        5,
        0,
        7,
        0,
        0,
        2,
        4,
        1,
        6,
        2,
        2,
        1,
        7,
        1,
        0,
        1,
        4,
        2,
        3,
        0,
        9,
        1,
        8,
        2,
        3,
        1,
        1,
        1,
        1,
        2,
        6,
        1,
        1,
        1,
        9,
        1,
        0,
        1,
        5,
        0,
        9,
        1,
        5,
        1,
        0,
        1
    ],
    "makespan": 552,
    "normalized_makespan": 0.056244189649829565,
    "energy": 3463,
    "normalized_energy": 0.7996729354047425,
    "tardiness": 678,
    "normalized_tardiness": 0.10206232124040343,
    "bestObjectiveFunction": 0.9579794462949756,
    "tiempo_por_iteracion": 0.8547084634266202
}