{
    "bestSolution": [
        15,
        0,
        18,
        0,
        14,
        0,
        10,
        0,
        3,
        0,
        0,
        0,
        11,
        0,
        16,
        0,
        4,
        0,
        8,
        0,
        2,
        0,
        19,
        0,
        19,
        0,
        13,
        0,
        10,
        0,
        16,
        0,
        4,
        0,
        17,
        0,
        1,
        0,
        0,
        0,
        8,
        0,
        6,
        0,
        17,
        0,
        13,
        0,
        16,
        0,
        3,
        0,
        0,
        0,
        15,
        0,
        14,
        0,
        17,
        0,
        9,
        0,
        17,
        0,
        13,
        0,
        19,
        0,
        16,
        0,
        9,
        0,
        8,
        0,
        4,
        0,
        14,
        0,
        11,
        0,
        7,
        0,
        2,
        0,
        16,
        0,
        13,
        0,
        17,
        0,
        5,
        0,
        14,
        0,
        5,
        0,
        6,
        0,
        14,
        0,
        8,
        0,
        12,
        0,
        8,
        0,
        19,
        0,
        15,
        0,
        1,
        0,
        18,
        0,
        7,
        0,
        0,
        0,
        7,
        0,
        18,
        0,
        9,
        0,
        6,
        0,
        4,
        0,
        5,
        0,
        11,
        0,
        12,
        0,
        18,
        0,
        3,
        0,
        6,
        0,
        1,
        0,
        12,
        0,
        7,
        0,
        4,
        0,
        10,
        0,
        5,
        0,
        13,
        0,
        6,
        0,
        9,
        0,
        11,
        0,
        9,
        0,
        3,
        0,
        15,
        0,
        19,
        0,
        15,
        0,
        12,
        0,
        10,
        0,
        2,
        0,
        1,
        0,
        10,
        0,
        12,
        0,
        7,
        0,
        11,
        0,
        18,
        0,
        5,
        0,
        1,
        0,
        2,
        0,
        2,
        0,
        3,
        0,
        0,
        0
    ],
    "makespan": 912,
    "normalized_makespan": 0.21012269938650308,
    "energy": 7089,
    "normalized_energy": 0,
    "tardiness": 2361,
    "normalized_tardiness": 0.6770863206194436,
    "bestObjectiveFunction": 0.8872090200059467,
    "tiempo_por_iteracion": 2.2502797531045
}