{
    "bestSolution": [
        3,
        0,
        2,
        0,
        0,
        0,
        2,
        0,
        7,
        0,
        9,
        0,
        9,
        0,
        18,
        0,
        7,
        0,
        10,
        0,
        15,
        0,
        13,
        0,
        9,
        0,
        6,
        0,
        2,
        0,
        17,
        0,
        1,
        0,
        12,
        0,
        14,
        0,
        16,
        0,
        18,
        0,
        9,
        0,
        7,
        0,
        10,
        0,
        6,
        0,
        13,
        0,
        19,
        0,
        16,
        0,
        18,
        0,
        17,
        0,
        3,
        0,
        8,
        0,
        18,
        0,
        6,
        0,
        13,
        0,
        10,
        0,
        12,
        0,
        14,
        0,
        7,
        0,
        17,
        0,
        2,
        0,
        17,
        0,
        9,
        0,
        0,
        0,
        18,
        0,
        13,
        0,
        7,
        0,
        13,
        0,
        11,
        0,
        5,
        0,
        17,
        0,
        4,
        0,
        11,
        0,
        4,
        0,
        15,
        0,
        4,
        0,
        19,
        0,
        10,
        0,
        11,
        0,
        16,
        0,
        6,
        0,
        1,
        0,
        12,
        0,
        3,
        0,
        10,
        0,
        8,
        0,
        19,
        0,
        12,
        0,
        2,
        0,
        11,
        0,
        14,
        0,
        1,
        0,
        1,
        0,
        1,
        0,
        8,
        0,
        4,
        0,
        5,
        0,
        19,
        0,
        0,
        0,
        6,
        0,
        0,
        0,
        8,
        0,
        15,
        0,
        4,
        0,
        5,
        0,
        3,
        0,
        16,
        0,
        16,
        0,
        0,
        0,
        19,
        0,
        11,
        0,
        12,
        0,
        15,
        0,
        14,
        0,
        3,
        0,
        5,
        0,
        15,
        0,
        14,
        0,
        5,
        0,
        8,
        0
    ],
    "makespan": 837,
    "normalized_makespan": 0.2034233048057933,
    "energy": 7225,
    "normalized_energy": 0,
    "tardiness": 2093,
    "normalized_tardiness": 0.6426159042063249,
    "bestObjectiveFunction": 0.8460392090121182,
    "tiempo_por_iteracion": 0.7307168585913522
}