{
    "status": "OPTIMAL_SOLUTION",
    "solution": {
        "objective": 0.07840440165061896,
        "start_time": [
            [
                58,
                160,
                0,
                196,
                98
            ],
            [
                197,
                65,
                30,
                228,
                267
            ],
            [
                98,
                213,
                69,
                0,
                160
            ],
            [
                160,
                113,
                169,
                65,
                221
            ],
            [
                13,
                0,
                250,
                113,
                142
            ]
        ],
        "SpeedScaling": [
            [
                1,
                1,
                1,
                1,
                1
            ],
            [
                1,
                1,
                1,
                1,
                1
            ],
            [
                1,
                1,
                1,
                1,
                1
            ],
            [
                1,
                1,
                1,
                1,
                1
            ],
            [
                1,
                1,
                1,
                1,
                1
            ]
        ],
        "_output_item": "Objective function: 0.07840440165061896 + 0.0 = 0.07840440165061896 \nObjective function : M-310.0 + E-1692.0 = 0.07840440165061896 \nStart Times: [58, 160, 0, 196, 98, 197, 65, 30, 228, 267, 98, 213, 69, 0, 160, 160, 113, 169, 65, 221, 13, 0, 250, 113, 142]\nSpeed Scaling; [1, 1, 1, 1, 1, 1, 1, 1, 1, 1, 1, 1, 1, 1, 1, 1, 1, 1, 1, 1, 1, 1, 1, 1, 1]\n",
        "_checker": ""
    },
    "statistics": {
        "paths": 0,
        "flatIntVars": 151,
        "flatFloatVars": 2,
        "flatIntConstraints": 251,
        "flatFloatConstraints": 2,
        "evaluatedHalfReifiedConstraints": 100,
        "method": "minimize",
        "flatTime": 70.176,
        "objective": 0.0784044016506,
        "objectiveBound": 0.0784044016506,
        "nodes": 40,
        "openNodes": 11,
        "solveTime": 16.0,
        "time": 96.0,
        "nSolutions": 5
    }
}