{
    "bestSolution": [
        7,
        0,
        3,
        4,
        5,
        0,
        6,
        1,
        3,
        0,
        9,
        2,
        8,
        4,
        0,
        2,
        6,
        1,
        1,
        0,
        0,
        0,
        2,
        0,
        7,
        3,
        4,
        0,
        8,
        0,
        6,
        1,
        4,
        1,
        5,
        0,
        3,
        0,
        0,
        1,
        2,
        4,
        6,
        0,
        6,
        0,
        9,
        0,
        4,
        2,
        4,
        0,
        3,
        0,
        1,
        0,
        3,
        0,
        1,
        4,
        5,
        0,
        8,
        0,
        0,
        2,
        9,
        0,
        9,
        4,
        9,
        0,
        2,
        0,
        0,
        4,
        9,
        2,
        1,
        1,
        6,
        0,
        2,
        0,
        3,
        0,
        0,
        2,
        7,
        0,
        2,
        4,
        7,
        1,
        5,
        1,
        1,
        0,
        8,
        0,
        5,
        0,
        7,
        3,
        2,
        0,
        2,
        1,
        9,
        0,
        4,
        2,
        1,
        0,
        5,
        0,
        4,
        4,
        2,
        4,
        6,
        0,
        8,
        1,
        4,
        3,
        4,
        0,
        7,
        1,
        8,
        0,
        1,
        4,
        0,
        0,
        5,
        1,
        7,
        0,
        4,
        0,
        1,
        0,
        7,
        0,
        0,
        0,
        6,
        2,
        9,
        0,
        9,
        0,
        5,
        2,
        3,
        3,
        3,
        3,
        2,
        0,
        7,
        0,
        1,
        3,
        8,
        0,
        5,
        4,
        1,
        0,
        6,
        2,
        8,
        1,
        9,
        2,
        2,
        0,
        5,
        3,
        8,
        1,
        3,
        1,
        0,
        0,
        0,
        0,
        7,
        2,
        8,
        2,
        4,
        1,
        6,
        4,
        3,
        0
    ],
    "makespan": 343,
    "normalized_makespan": 0.1238898756660746,
    "energy": 8534,
    "normalized_energy": 0.3082368082368082,
    "tardiness": 0,
    "normalized_tardiness": 0,
    "bestObjectiveFunction": 0.4321266839028828,
    "tiempo_por_iteracion": 0.8712984945020105
}