{
    "bestSolution": [
        10,
        2,
        12,
        2,
        15,
        0,
        7,
        2,
        3,
        1,
        16,
        1,
        1,
        2,
        0,
        1,
        18,
        2,
        8,
        2,
        4,
        2,
        9,
        0,
        4,
        1,
        2,
        1,
        8,
        1,
        16,
        0,
        6,
        0,
        16,
        0,
        14,
        1,
        7,
        0,
        1,
        1,
        11,
        2,
        12,
        2,
        17,
        0,
        3,
        0,
        10,
        2,
        15,
        0,
        2,
        1,
        14,
        2,
        13,
        1,
        5,
        0,
        4,
        1,
        9,
        0,
        12,
        0,
        19,
        0,
        1,
        0,
        7,
        0,
        6,
        1,
        11,
        1,
        0,
        1,
        13,
        0,
        5,
        0,
        10,
        0,
        3,
        1,
        5,
        1,
        18,
        1,
        4,
        0,
        18,
        2,
        11,
        0,
        19,
        2,
        13,
        2,
        9,
        1,
        12,
        2,
        11,
        0,
        8,
        1,
        17,
        1,
        2,
        0,
        8,
        0,
        7,
        1,
        3,
        2,
        1,
        0,
        14,
        0,
        15,
        0,
        16,
        2,
        2,
        0,
        14,
        0,
        7,
        0,
        5,
        0,
        0,
        0,
        17,
        1,
        15,
        1,
        10,
        0,
        4,
        1,
        16,
        1,
        19,
        0,
        0,
        1,
        17,
        0,
        8,
        2,
        13,
        0,
        15,
        1,
        6,
        1,
        13,
        0,
        18,
        0,
        19,
        0,
        2,
        1,
        9,
        1,
        6,
        2,
        17,
        1,
        3,
        2,
        19,
        1,
        14,
        0,
        11,
        2,
        0,
        2,
        1,
        0,
        5,
        0,
        6,
        0,
        10,
        0,
        12,
        1,
        9,
        0,
        18,
        1
    ],
    "makespan": 1538,
    "normalized_makespan": 0.09644741470277876,
    "energy": 5541,
    "normalized_energy": 0.5548166062071745,
    "tardiness": 5884,
    "normalized_tardiness": 0.40912251425392854,
    "bestObjectiveFunction": 1.060386535163882,
    "tiempo_por_iteracion": 1.813486592637168
}