{
    "status": "OPTIMAL_SOLUTION",
    "solution": {
        "objective": 0.1496062992125985,
        "start_time": [
            [
                75,
                69,
                74,
                76,
                72
            ],
            [
                76,
                0,
                13,
                51,
                56
            ],
            [
                70,
                38,
                57,
                52,
                63
            ],
            [
                45,
                52,
                0,
                48,
                21
            ],
            [
                57,
                13,
                56,
                72,
                38
            ]
        ],
        "SpeedScaling": [
            [
                1,
                1,
                1,
                1,
                1
            ],
            [
                1,
                1,
                1,
                1,
                1
            ],
            [
                1,
                1,
                1,
                1,
                1
            ],
            [
                1,
                1,
                1,
                1,
                1
            ],
            [
                1,
                1,
                1,
                1,
                1
            ]
        ],
        "_output_item": "Objective function: 0.1496062992125985 + 0.0 = 0.1496062992125985 \nObjective function : M-77.0 + E-2320.0 = 0.1496062992125985 \nStart Times: [75, 69, 74, 76, 72, 76, 0, 13, 51, 56, 70, 38, 57, 52, 63, 45, 52, 0, 48, 21, 57, 13, 56, 72, 38]\nSpeed Scaling; [1, 1, 1, 1, 1, 1, 1, 1, 1, 1, 1, 1, 1, 1, 1, 1, 1, 1, 1, 1, 1, 1, 1, 1, 1]\n",
        "_checker": ""
    },
    "statistics": {
        "paths": 0,
        "flatIntVars": 151,
        "flatFloatVars": 2,
        "flatIntConstraints": 251,
        "flatFloatConstraints": 2,
        "evaluatedHalfReifiedConstraints": 100,
        "method": "minimize",
        "flatTime": 71.242,
        "objective": 0.149606299213,
        "objectiveBound": 0.149606299213,
        "nodes": 139,
        "openNodes": 12,
        "solveTime": 26.0,
        "time": 106.0,
        "nSolutions": 17
    }
}