{
    "bestSolution": [
        3,
        0,
        4,
        4,
        2,
        0,
        4,
        0,
        4,
        1,
        0,
        0,
        2,
        0,
        1,
        0,
        1,
        0,
        3,
        1,
        2,
        0,
        4,
        0,
        1,
        0,
        0,
        0,
        4,
        0,
        3,
        2,
        2,
        1,
        1,
        3,
        3,
        0,
        1,
        0,
        3,
        0,
        0,
        0,
        0,
        4,
        0,
        0,
        2,
        0
    ],
    "makespan": 724,
    "normalized_makespan": 0.19646430953969313,
    "energy": 1094,
    "normalized_energy": 0.24437030859049208,
    "tardiness": 0,
    "normalized_tardiness": 0,
    "bestObjectiveFunction": 0.4408346181301852,
    "tiempo_por_iteracion": 0.20609438102425728
}