{
    "status": "OPTIMAL_SOLUTION",
    "solution": {
        "objective": 0.2731821214142761,
        "start_time": [
            [
                929,
                123,
                487,
                342,
                576
            ],
            [
                664,
                530,
                203,
                555,
                0
            ],
            [
                83,
                555,
                0,
                792,
                208
            ],
            [
                530,
                342,
                602,
                0,
                778
            ],
            [
                318,
                0,
                123,
                203,
                412
            ]
        ],
        "SpeedScaling": [
            [
                1,
                1,
                1,
                1,
                1
            ],
            [
                1,
                1,
                1,
                1,
                1
            ],
            [
                1,
                1,
                1,
                1,
                1
            ],
            [
                1,
                1,
                1,
                1,
                1
            ],
            [
                1,
                1,
                1,
                1,
                1
            ]
        ],
        "_output_item": "Objective function: 0.2731821214142762 + -1.249000902703301e-16 = 0.2731821214142761 \nObjective function : M-954.0 + E-801.0 = 0.2731821214142761 \nStart Times: [929, 123, 487, 342, 576, 664, 530, 203, 555, 0, 83, 555, 0, 792, 208, 530, 342, 602, 0, 778, 318, 0, 123, 203, 412]\nSpeed Scaling; [1, 1, 1, 1, 1, 1, 1, 1, 1, 1, 1, 1, 1, 1, 1, 1, 1, 1, 1, 1, 1, 1, 1, 1, 1]\n",
        "_checker": ""
    },
    "statistics": {
        "paths": 0,
        "flatIntVars": 351,
        "flatFloatVars": 29,
        "flatIntConstraints": 351,
        "flatFloatConstraints": 29,
        "evaluatedHalfReifiedConstraints": 100,
        "method": "minimize",
        "flatTime": 81.08200000000001,
        "objective": 0.273182121414,
        "objectiveBound": 0.273182121414,
        "nodes": 140,
        "solveTime": 196.0,
        "time": 115.0,
        "nSolutions": 5
    }
}