{
    "bestSolution": [
        6,
        0,
        9,
        0,
        13,
        4,
        18,
        2,
        12,
        0,
        11,
        3,
        14,
        4,
        5,
        0,
        13,
        0,
        13,
        2,
        12,
        0,
        10,
        0,
        7,
        4,
        8,
        0,
        19,
        4,
        18,
        3,
        6,
        0,
        0,
        0,
        3,
        4,
        15,
        4,
        8,
        0,
        18,
        4,
        16,
        4,
        5,
        0,
        2,
        0,
        11,
        4,
        9,
        2,
        7,
        4,
        6,
        0,
        2,
        1,
        0,
        0,
        11,
        4,
        19,
        1,
        15,
        0,
        14,
        0,
        17,
        4,
        5,
        4,
        1,
        0,
        4,
        3,
        16,
        4,
        7,
        4,
        7,
        0,
        1,
        0,
        3,
        0,
        8,
        0,
        4,
        4,
        4,
        4,
        18,
        3,
        6,
        4,
        16,
        0,
        17,
        4,
        9,
        3,
        8,
        0,
        9,
        4,
        18,
        0,
        3,
        0,
        14,
        3,
        10,
        0,
        15,
        0,
        13,
        0,
        4,
        3,
        7,
        4,
        11,
        0,
        10,
        0,
        0,
        4,
        1,
        1,
        5,
        0,
        3,
        4,
        14,
        4,
        2,
        0,
        15,
        1,
        9,
        4,
        4,
        0,
        17,
        0,
        6,
        0,
        0,
        4,
        10,
        2,
        19,
        3,
        15,
        4,
        14,
        4,
        17,
        4,
        19,
        1,
        11,
        4,
        1,
        0,
        10,
        0,
        5,
        0,
        2,
        4,
        1,
        0,
        12,
        0,
        16,
        4,
        12,
        4,
        13,
        0,
        0,
        0,
        8,
        0,
        3,
        4,
        2,
        4,
        19,
        0,
        12,
        4,
        16,
        0,
        17,
        1
    ],
    "makespan": 490,
    "normalized_makespan": 0.1672473867595819,
    "energy": 8549,
    "normalized_energy": 0.3948317307692308,
    "tardiness": 0,
    "normalized_tardiness": 0,
    "bestObjectiveFunction": 0.5620791175288127,
    "tiempo_por_iteracion": 1.6946163959190494
}