{
    "bestSolution": [
        4,
        0,
        19,
        0,
        15,
        3,
        5,
        3,
        18,
        2,
        5,
        0,
        1,
        0,
        5,
        3,
        17,
        0,
        13,
        0,
        17,
        0,
        3,
        4,
        8,
        0,
        6,
        0,
        10,
        0,
        19,
        0,
        18,
        0,
        3,
        0,
        16,
        0,
        9,
        1,
        12,
        4,
        4,
        4,
        2,
        3,
        2,
        0,
        13,
        1,
        11,
        4,
        10,
        4,
        1,
        0,
        12,
        0,
        15,
        0,
        18,
        3,
        14,
        2,
        4,
        0,
        15,
        1,
        16,
        3,
        7,
        0,
        7,
        4,
        6,
        0,
        5,
        0,
        8,
        2,
        16,
        0,
        9,
        0,
        3,
        0,
        6,
        0,
        9,
        0,
        14,
        1,
        0,
        1,
        2,
        0,
        9,
        4,
        8,
        0,
        3,
        2,
        0,
        1,
        10,
        0,
        11,
        0,
        6,
        3,
        16,
        0,
        1,
        4,
        13,
        0,
        1,
        2,
        7,
        0,
        19,
        1,
        15,
        1,
        7,
        2,
        4,
        1,
        17,
        2,
        7,
        0,
        2,
        3,
        11,
        0,
        1,
        0,
        10,
        4,
        18,
        1,
        13,
        0,
        8,
        0,
        19,
        4,
        17,
        0,
        3,
        0,
        6,
        2,
        11,
        3,
        18,
        0,
        0,
        0,
        5,
        0,
        9,
        0,
        8,
        0,
        2,
        1,
        4,
        2,
        0,
        1,
        19,
        0,
        14,
        0,
        12,
        1,
        11,
        0,
        0,
        0,
        10,
        0,
        12,
        0,
        14,
        0,
        16,
        2,
        14,
        0,
        12,
        2,
        13,
        0,
        15,
        0,
        17,
        4
    ],
    "makespan": 524,
    "normalized_makespan": 0.18041037553232675,
    "energy": 8399,
    "normalized_energy": 0.3046875,
    "tardiness": 0,
    "normalized_tardiness": 0,
    "bestObjectiveFunction": 0.48509787553232675,
    "tiempo_por_iteracion": 0.7972640026616686
}