{
    "bestSolution": [
        4,
        0,
        8,
        0,
        0,
        0,
        1,
        0,
        1,
        0,
        4,
        0,
        2,
        0,
        0,
        0,
        3,
        0,
        0,
        0,
        8,
        0,
        6,
        0,
        8,
        0,
        4,
        0,
        3,
        0,
        6,
        0,
        6,
        0,
        3,
        0,
        1,
        0,
        2,
        0,
        5,
        0,
        4,
        0,
        2,
        0,
        5,
        0,
        4,
        0,
        8,
        0,
        4,
        0,
        3,
        0,
        1,
        0,
        5,
        0,
        0,
        0,
        8,
        0,
        3,
        0,
        8,
        0,
        1,
        0,
        2,
        0,
        7,
        0,
        8,
        0,
        4,
        0,
        9,
        0,
        4,
        0,
        1,
        0,
        3,
        0,
        6,
        0,
        5,
        0,
        3,
        0,
        7,
        0,
        5,
        0,
        2,
        0,
        6,
        0,
        2,
        0,
        1,
        0,
        0,
        0,
        5,
        0,
        5,
        0,
        6,
        0,
        5,
        0,
        0,
        0,
        7,
        0,
        6,
        0,
        7,
        0,
        9,
        0,
        7,
        0,
        1,
        0,
        3,
        0,
        3,
        0,
        7,
        0,
        6,
        0,
        7,
        0,
        5,
        0,
        2,
        0,
        7,
        0,
        2,
        0,
        9,
        0,
        9,
        0,
        4,
        0,
        3,
        0,
        8,
        0,
        9,
        0,
        0,
        0,
        1,
        0,
        0,
        0,
        4,
        0,
        5,
        0,
        9,
        0,
        8,
        0,
        7,
        0,
        7,
        0,
        2,
        0,
        9,
        0,
        6,
        0,
        0,
        0,
        9,
        0,
        2,
        0,
        9,
        0,
        6,
        0,
        8,
        0,
        0,
        0,
        1,
        0,
        9,
        0
    ],
    "makespan": 247,
    "normalized_makespan": 0.2909090909090909,
    "energy": 9384,
    "normalized_energy": 0,
    "tardiness": 251,
    "normalized_tardiness": 0.3940345368916798,
    "bestObjectiveFunction": 0.6849436278007707,
    "tiempo_por_iteracion": 1.8820626294171368
}