{
    "bestSolution": [
        7,
        1,
        5,
        1,
        8,
        1,
        9,
        4,
        3,
        1,
        5,
        3,
        6,
        2,
        0,
        4,
        9,
        4,
        2,
        2,
        1,
        2,
        6,
        4,
        1,
        1,
        0,
        2,
        2,
        2,
        1,
        2,
        4,
        4,
        4,
        1,
        8,
        0,
        3,
        3,
        3,
        2,
        1,
        1,
        7,
        4,
        4,
        3,
        4,
        0,
        6,
        3,
        2,
        2,
        0,
        3,
        5,
        3,
        4,
        1,
        8,
        1,
        6,
        3,
        3,
        3,
        0,
        4,
        2,
        3,
        7,
        4,
        1,
        3,
        5,
        1,
        9,
        0,
        3,
        3,
        6,
        4,
        9,
        2,
        7,
        2,
        8,
        1,
        7,
        2,
        9,
        2,
        8,
        4,
        5,
        1,
        0,
        2,
        2,
        2
    ],
    "makespan": 177,
    "normalized_makespan": 0.1208695652173913,
    "energy": 4689,
    "normalized_energy": 0.8588390501319261,
    "tardiness": 196,
    "normalized_tardiness": 0.16498316498316498,
    "bestObjectiveFunction": 1.1446917803324823,
    "tiempo_por_iteracion": 1.1243999950046646
}