{
    "bestSolution": [
        0,
        0,
        4,
        2,
        0,
        0,
        1,
        2,
        3,
        1,
        0,
        0,
        1,
        0,
        1,
        2,
        2,
        2,
        3,
        1,
        3,
        0,
        4,
        1,
        3,
        1,
        3,
        0,
        1,
        1,
        2,
        1,
        0,
        2,
        4,
        2,
        0,
        2,
        2,
        0,
        1,
        0,
        4,
        2,
        4,
        2,
        2,
        2,
        2,
        1
    ],
    "makespan": 128,
    "normalized_makespan": 0.29705882352941176,
    "energy": 2366,
    "normalized_energy": 0.7388059701492538,
    "tardiness": 56,
    "normalized_tardiness": 0.15258855585831063,
    "bestObjectiveFunction": 1.1884533495369762,
    "tiempo_por_iteracion": 0.46215646163277
}