{
    "bestSolution": [
        3,
        0,
        9,
        0,
        3,
        0,
        3,
        0,
        2,
        0,
        5,
        0,
        8,
        0,
        2,
        0,
        7,
        0,
        3,
        0,
        2,
        0,
        7,
        0,
        8,
        0,
        2,
        0,
        2,
        0,
        0,
        0,
        9,
        0,
        8,
        0,
        5,
        0,
        3,
        0,
        7,
        0,
        1,
        0,
        5,
        0,
        0,
        0,
        4,
        0,
        1,
        0,
        1,
        0,
        7,
        0,
        1,
        0,
        8,
        0,
        0,
        0,
        9,
        0,
        6,
        0,
        5,
        0,
        4,
        0,
        1,
        0,
        6,
        0,
        0,
        0,
        7,
        0,
        9,
        0,
        6,
        0,
        4,
        0,
        5,
        0,
        6,
        0,
        4,
        0,
        9,
        0,
        6,
        0,
        0,
        0,
        8,
        0,
        4,
        0
    ],
    "makespan": 152,
    "normalized_makespan": 0.4267241379310345,
    "energy": 4722,
    "normalized_energy": 0,
    "tardiness": 83,
    "normalized_tardiness": 0.2912280701754386,
    "bestObjectiveFunction": 0.7179522081064731,
    "tiempo_por_iteracion": 0.30326631505002255
}