{
    "bestSolution": [
        7,
        1,
        4,
        1,
        1,
        1,
        6,
        1,
        8,
        1,
        4,
        1,
        2,
        2,
        9,
        2,
        2,
        2,
        9,
        2,
        9,
        1,
        0,
        1,
        5,
        1,
        2,
        1,
        7,
        2,
        5,
        1,
        8,
        0,
        7,
        1,
        6,
        2,
        9,
        1,
        2,
        1,
        3,
        2,
        8,
        0,
        9,
        2,
        0,
        2,
        1,
        2,
        1,
        2,
        8,
        0,
        2,
        0,
        4,
        0,
        0,
        1,
        7,
        0,
        1,
        1,
        3,
        0,
        0,
        1,
        3,
        0,
        0,
        1,
        5,
        1,
        4,
        2,
        8,
        0,
        6,
        0,
        5,
        1,
        3,
        0,
        6,
        1,
        5,
        0,
        7,
        0,
        1,
        0,
        6,
        1,
        3,
        1,
        4,
        1
    ],
    "makespan": 699,
    "normalized_makespan": 0.08255216208043543,
    "energy": 3149,
    "normalized_energy": 0.686698717948718,
    "tardiness": 1537,
    "normalized_tardiness": 0.22713166839071966,
    "bestObjectiveFunction": 0.9963825484198731,
    "tiempo_por_iteracion": 0.610565149042595
}