{
    "bestSolution": [
        0,
        0,
        4,
        4,
        1,
        0,
        9,
        3,
        5,
        3,
        3,
        4,
        6,
        0,
        7,
        4,
        0,
        1,
        8,
        2,
        0,
        2,
        6,
        1,
        9,
        3,
        2,
        4,
        5,
        2,
        5,
        1,
        2,
        2,
        6,
        1,
        8,
        3,
        2,
        1,
        7,
        2,
        0,
        4,
        1,
        4,
        3,
        1,
        3,
        2,
        9,
        4,
        8,
        2,
        6,
        3,
        7,
        3,
        2,
        1,
        1,
        2,
        8,
        1,
        4,
        3,
        2,
        1,
        3,
        1,
        4,
        3,
        7,
        1,
        0,
        0,
        1,
        4,
        5,
        3,
        7,
        2,
        8,
        1,
        5,
        1,
        4,
        0,
        9,
        2,
        6,
        0,
        1,
        2,
        3,
        1,
        9,
        0,
        4,
        0
    ],
    "makespan": 565,
    "normalized_makespan": 0.06954826129346767,
    "energy": 3370,
    "normalized_energy": 0.7449774497744978,
    "tardiness": 1067,
    "normalized_tardiness": 0.16960737561595932,
    "bestObjectiveFunction": 0.9841330866839247,
    "tiempo_por_iteracion": 0.5865433410722383
}