{
    "status": "OPTIMAL_SOLUTION",
    "solution": {
        "objective": 0.7529724857029045,
        "start_time": [
            [
                201,
                106,
                50,
                248,
                89
            ],
            [
                362,
                80,
                320,
                102,
                251
            ],
            [
                50,
                229,
                357,
                326,
                394
            ],
            [
                248,
                326,
                89,
                358,
                122
            ],
            [
                326,
                27,
                122,
                274,
                193
            ]
        ],
        "SpeedScaling": [
            [
                1,
                1,
                2,
                3,
                2
            ],
            [
                2,
                3,
                2,
                1,
                1
            ],
            [
                1,
                1,
                3,
                3,
                2
            ],
            [
                1,
                2,
                2,
                1,
                2
            ],
            [
                2,
                2,
                1,
                2,
                1
            ]
        ],
        "_output_item": "Objective function normalized: M-0.09298635353855918 + E-0.5884270578647107 + T-0.0715590742996346 = 0.7529724857029045 \nObjective function : M-426.0 + E-1475.0 + T-235.0 = 0.7529724857029045 \nStart Times: [201, 106, 50, 248, 89, 362, 80, 320, 102, 251, 50, 229, 357, 326, 394, 248, 326, 89, 358, 122, 326, 27, 122, 274, 193]\nSpeed Scaling; [1, 1, 2, 3, 2, 2, 3, 2, 1, 1, 1, 1, 3, 3, 2, 1, 2, 2, 1, 2, 2, 2, 1, 2, 1]\n",
        "_checker": ""
    },
    "statistics": {
        "paths": 0,
        "flatIntVars": 362,
        "flatFloatVars": 35,
        "flatIntConstraints": 452,
        "flatFloatConstraints": 35,
        "evaluatedHalfReifiedConstraints": 100,
        "method": "minimize",
        "flatTime": 101.741,
        "objective": 0.752972485703,
        "objectiveBound": 0.752972485703,
        "nodes": 31069,
        "openNodes": 373,
        "solveTime": 14224.0,
        "time": 14339.0,
        "nSolutions": 23
    }
}