{
    "bestSolution": [
        0,
        0,
        0,
        0,
        0,
        0,
        1,
        0,
        0,
        0,
        1,
        0,
        2,
        0,
        2,
        0,
        0,
        0,
        4,
        0,
        2,
        0,
        1,
        0,
        3,
        0,
        2,
        0,
        2,
        0,
        3,
        0,
        3,
        0,
        1,
        0,
        4,
        0,
        1,
        0,
        4,
        0,
        3,
        0,
        3,
        0,
        4,
        0,
        4,
        0
    ],
    "makespan": 94,
    "normalized_makespan": 0.5104166666666666,
    "energy": 2363,
    "normalized_energy": 0,
    "tardiness": 12,
    "normalized_tardiness": 0.0851063829787234,
    "bestObjectiveFunction": 0.59552304964539,
    "tiempo_por_iteracion": 0.3367380234708754
}