{
    "bestSolution": [
        3,
        0,
        1,
        0,
        5,
        0,
        6,
        0,
        2,
        0,
        2,
        0,
        7,
        0,
        6,
        0,
        0,
        0,
        8,
        0,
        9,
        0,
        6,
        0,
        5,
        0,
        9,
        0,
        2,
        0,
        5,
        0,
        7,
        0,
        1,
        0,
        6,
        0,
        8,
        0,
        4,
        0,
        3,
        0,
        2,
        0,
        0,
        0,
        9,
        0,
        8,
        0,
        4,
        0,
        4,
        0,
        2,
        0,
        3,
        0,
        3,
        0,
        1,
        0,
        7,
        0,
        0,
        0,
        4,
        0,
        6,
        0,
        0,
        0,
        1,
        0,
        7,
        0,
        5,
        0,
        8,
        0,
        9,
        0,
        4,
        0,
        8,
        0,
        9,
        0,
        0,
        0,
        5,
        0,
        3,
        0,
        1,
        0,
        7,
        0
    ],
    "makespan": 403,
    "normalized_makespan": 0.1634182908545727,
    "energy": 3692,
    "normalized_energy": 0,
    "tardiness": 0,
    "normalized_tardiness": 0,
    "bestObjectiveFunction": 0.1634182908545727,
    "tiempo_por_iteracion": 0.3831173777580261
}