{
    "bestSolution": [
        6,
        0,
        8,
        0,
        1,
        0,
        3,
        0,
        7,
        0,
        9,
        0,
        2,
        0,
        1,
        0,
        2,
        0,
        3,
        0,
        6,
        0,
        6,
        0,
        7,
        0,
        8,
        0,
        8,
        0,
        3,
        0,
        4,
        0,
        9,
        0,
        1,
        0,
        6,
        0,
        0,
        0,
        0,
        0,
        2,
        0,
        9,
        0,
        0,
        0,
        5,
        0,
        8,
        0,
        3,
        0,
        0,
        0,
        4,
        0,
        8,
        0,
        3,
        0,
        4,
        0,
        5,
        0,
        1,
        0,
        0,
        0,
        7,
        0,
        5,
        0,
        6,
        0,
        7,
        0,
        4,
        0,
        9,
        0,
        5,
        0,
        2,
        0,
        5,
        0,
        1,
        0,
        4,
        0,
        9,
        0,
        7,
        0,
        2,
        0
    ],
    "makespan": 418,
    "normalized_makespan": 0.17466266866566715,
    "energy": 3692,
    "normalized_energy": 0,
    "tardiness": 0,
    "normalized_tardiness": 0,
    "bestObjectiveFunction": 0.17466266866566715,
    "tiempo_por_iteracion": 2.58884334564209
}