{
    "bestSolution": [
        6,
        2,
        9,
        2,
        3,
        2,
        7,
        1,
        6,
        0,
        1,
        1,
        1,
        2,
        8,
        1,
        4,
        1,
        2,
        1,
        7,
        1,
        8,
        2,
        8,
        1,
        3,
        1,
        2,
        1,
        6,
        1,
        5,
        1,
        8,
        2,
        9,
        1,
        1,
        2,
        5,
        2,
        9,
        1,
        0,
        2,
        4,
        0,
        1,
        0,
        0,
        2,
        2,
        1,
        7,
        2,
        4,
        2,
        3,
        1,
        0,
        2,
        2,
        0,
        6,
        1,
        8,
        2,
        5,
        1,
        7,
        0,
        1,
        1,
        0,
        1,
        4,
        2,
        9,
        0,
        7,
        2,
        5,
        2,
        3,
        0,
        5,
        1,
        2,
        2,
        9,
        1,
        3,
        2,
        6,
        2,
        0,
        2,
        4,
        2
    ],
    "makespan": 546,
    "normalized_makespan": 0.055314533622559656,
    "energy": 3519,
    "normalized_energy": 0.8225674570727719,
    "tardiness": 887,
    "normalized_tardiness": 0.133524010236339,
    "bestObjectiveFunction": 1.0114060009316705,
    "tiempo_por_iteracion": 1.127640207256891
}