{
    "bestSolution": [
        0,
        0,
        3,
        3,
        4,
        3,
        1,
        4,
        2,
        0,
        0,
        4,
        1,
        0,
        1,
        3,
        0,
        1,
        3,
        1,
        4,
        4,
        2,
        2,
        2,
        4,
        3,
        0,
        4,
        4,
        1,
        0,
        0,
        0,
        2,
        0,
        3,
        1,
        1,
        4,
        0,
        0,
        3,
        0,
        1,
        2,
        2,
        0,
        2,
        2,
        4,
        0,
        2,
        1,
        4,
        0,
        0,
        2,
        4,
        0,
        0,
        3,
        4,
        0,
        3,
        0,
        4,
        0,
        4,
        3,
        2,
        0,
        3,
        1,
        1,
        0,
        3,
        2,
        0,
        0,
        4,
        0,
        2,
        0,
        1,
        0,
        2,
        0,
        1,
        1,
        3,
        4,
        3,
        0,
        0,
        1,
        1,
        0,
        0,
        0
    ],
    "makespan": 274,
    "normalized_makespan": 0.19128113879003558,
    "energy": 4274,
    "normalized_energy": 0.3055555555555556,
    "tardiness": 0,
    "normalized_tardiness": 0,
    "bestObjectiveFunction": 0.4968366943455912,
    "tiempo_por_iteracion": 0.46337322339619674
}