{
    "bestSolution": [
        3,
        0,
        0,
        0,
        0,
        4,
        1,
        4,
        1,
        0,
        3,
        0,
        4,
        4,
        2,
        0,
        0,
        0,
        3,
        1,
        2,
        2,
        4,
        4,
        0,
        0,
        2,
        4,
        2,
        0,
        4,
        0,
        1,
        4,
        1,
        4,
        1,
        0,
        1,
        0,
        0,
        0,
        4,
        0,
        4,
        4,
        4,
        2,
        3,
        0,
        2,
        3,
        2,
        0,
        2,
        4,
        0,
        4,
        3,
        2,
        4,
        0,
        1,
        0,
        4,
        4,
        3,
        0,
        2,
        0,
        3,
        4,
        2,
        0,
        4,
        1,
        3,
        4,
        1,
        4,
        4,
        0,
        2,
        1,
        0,
        0,
        1,
        4,
        1,
        1,
        0,
        0,
        0,
        0,
        3,
        0,
        0,
        3,
        3,
        0
    ],
    "makespan": 272,
    "normalized_makespan": 0.1895017793594306,
    "energy": 4273,
    "normalized_energy": 0.30423280423280424,
    "tardiness": 0,
    "normalized_tardiness": 0,
    "bestObjectiveFunction": 0.4937345835922349,
    "tiempo_por_iteracion": 1.5023179303354293
}