{
    "bestSolution": [
        1,
        0,
        3,
        0,
        1,
        0,
        2,
        0,
        1,
        0,
        0,
        0,
        4,
        0,
        0,
        0,
        2,
        0,
        1,
        0,
        3,
        0,
        4,
        0,
        0,
        0,
        2,
        0,
        4,
        0,
        1,
        0,
        0,
        0,
        2,
        0,
        0,
        0,
        1,
        0,
        3,
        0,
        2,
        0,
        3,
        0,
        4,
        0,
        4,
        0,
        0,
        0,
        2,
        0,
        0,
        0,
        3,
        0,
        3,
        0,
        4,
        0,
        1,
        0,
        2,
        0,
        2,
        0,
        1,
        0,
        4,
        0,
        4,
        0,
        4,
        0,
        3,
        0,
        4,
        0,
        3,
        0,
        1,
        0,
        2,
        0,
        0,
        0,
        3,
        0,
        3,
        0,
        2,
        0,
        0,
        0,
        0,
        0,
        1,
        0
    ],
    "makespan": 523,
    "normalized_makespan": 0.05452035886818495,
    "energy": 3451,
    "normalized_energy": 0,
    "tardiness": 0,
    "normalized_tardiness": 0.0,
    "bestObjectiveFunction": 0.05452035886818495,
    "tiempo_por_iteracion": 0.24641451501009756
}