{
    "bestSolution": [
        7,
        1,
        13,
        0,
        3,
        2,
        12,
        2,
        5,
        1,
        1,
        2,
        13,
        0,
        7,
        1,
        18,
        1,
        18,
        2,
        13,
        1,
        6,
        1,
        2,
        1,
        11,
        2,
        2,
        2,
        1,
        1,
        9,
        1,
        7,
        1,
        3,
        1,
        3,
        1,
        12,
        2,
        13,
        1,
        14,
        1,
        13,
        0,
        15,
        1,
        19,
        2,
        10,
        2,
        2,
        2,
        8,
        0,
        4,
        1,
        14,
        2,
        9,
        0,
        15,
        2,
        18,
        1,
        17,
        2,
        6,
        1,
        17,
        2,
        7,
        2,
        1,
        1,
        9,
        2,
        5,
        0,
        7,
        1,
        5,
        2,
        11,
        2,
        6,
        2,
        8,
        1,
        10,
        2,
        16,
        1,
        12,
        2,
        16,
        2,
        0,
        2,
        14,
        1,
        19,
        1,
        4,
        0,
        5,
        2,
        1,
        2,
        4,
        0,
        15,
        1,
        3,
        0,
        0,
        2,
        1,
        2,
        18,
        2,
        10,
        2,
        0,
        2,
        19,
        0,
        11,
        2,
        5,
        2,
        17,
        2,
        2,
        1,
        6,
        2,
        16,
        1,
        8,
        2,
        15,
        0,
        11,
        1,
        19,
        2,
        4,
        1,
        11,
        2,
        9,
        0,
        12,
        1,
        14,
        1,
        0,
        2,
        9,
        2,
        12,
        2,
        6,
        0,
        17,
        2,
        3,
        1,
        10,
        2,
        19,
        2,
        16,
        2,
        15,
        1,
        14,
        1,
        0,
        2,
        17,
        2,
        8,
        1,
        18,
        2,
        2,
        1,
        4,
        1,
        10,
        2,
        8,
        2,
        16,
        2
    ],
    "makespan": 912,
    "normalized_makespan": 0.05229090909090909,
    "energy": 7127,
    "normalized_energy": 0.8505285412262157,
    "tardiness": 3079,
    "normalized_tardiness": 0.22082765545434985,
    "bestObjectiveFunction": 1.1236471057714745,
    "tiempo_por_iteracion": 2.5070409360139267
}