{
    "bestSolution": [
        3,
        0,
        3,
        0,
        2,
        1,
        2,
        2,
        4,
        2,
        3,
        1,
        4,
        0,
        1,
        0,
        2,
        1,
        0,
        1,
        3,
        0,
        4,
        2,
        1,
        2,
        0,
        2,
        1,
        0,
        2,
        0,
        1,
        0,
        0,
        1,
        3,
        1,
        0,
        0,
        2,
        0,
        4,
        1,
        1,
        2,
        1,
        2,
        4,
        0,
        4,
        0,
        2,
        1,
        2,
        0,
        0,
        1,
        3,
        2,
        1,
        1,
        0,
        0,
        1,
        1,
        3,
        0,
        2,
        2,
        4,
        2,
        4,
        0,
        2,
        2,
        0,
        0,
        4,
        1,
        3,
        2,
        3,
        1,
        0,
        1,
        1,
        0,
        0,
        1,
        2,
        0,
        1,
        1,
        3,
        1,
        4,
        1,
        0,
        2
    ],
    "makespan": 155,
    "normalized_makespan": 0.078003120124805,
    "energy": 4531,
    "normalized_energy": 0.7040194884287454,
    "tardiness": 148,
    "normalized_tardiness": 0.11069558713537771,
    "bestObjectiveFunction": 0.8927181956889282,
    "tiempo_por_iteracion": 0.4339481525421143
}