{
    "bestSolution": [
        3,
        0,
        1,
        4,
        2,
        2,
        3,
        0,
        4,
        0,
        0,
        0,
        3,
        0,
        1,
        0,
        4,
        4,
        4,
        4,
        0,
        4,
        2,
        0,
        2,
        0,
        0,
        0,
        3,
        0,
        4,
        0,
        0,
        4,
        1,
        4,
        2,
        4,
        0,
        4,
        4,
        0,
        1,
        0,
        2,
        0,
        3,
        0,
        1,
        4
    ],
    "makespan": 208,
    "normalized_makespan": 0.2214765100671141,
    "energy": 2025,
    "normalized_energy": 0.3012295081967213,
    "tardiness": 0,
    "normalized_tardiness": 0,
    "bestObjectiveFunction": 0.5227060182638354,
    "tiempo_por_iteracion": 0.4934224673345977
}