{
    "bestSolution": [
        9,
        2,
        7,
        2,
        9,
        2,
        2,
        3,
        1,
        0,
        4,
        4,
        3,
        2,
        3,
        3,
        2,
        3,
        6,
        4,
        4,
        2,
        9,
        4,
        6,
        3,
        7,
        2,
        8,
        1,
        0,
        0,
        4,
        0,
        6,
        1,
        4,
        4,
        5,
        4,
        2,
        4,
        3,
        4,
        5,
        2,
        4,
        3,
        1,
        2,
        1,
        1,
        2,
        1,
        6,
        1,
        4,
        3,
        3,
        0,
        7,
        3,
        5,
        1,
        1,
        3,
        9,
        1,
        6,
        0,
        8,
        3,
        2,
        2,
        8,
        3,
        5,
        3,
        0,
        1,
        5,
        1,
        4,
        2,
        3,
        2,
        2,
        2,
        2,
        3,
        3,
        1,
        0,
        0,
        8,
        2,
        7,
        1,
        1,
        4,
        8,
        4,
        9,
        1,
        7,
        0,
        1,
        1,
        4,
        2,
        5,
        2,
        4,
        1,
        9,
        2,
        2,
        2,
        6,
        4,
        5,
        0,
        3,
        0,
        7,
        4,
        7,
        2,
        1,
        1,
        9,
        4,
        5,
        2,
        2,
        4,
        0,
        2,
        8,
        1,
        0,
        2,
        4,
        3,
        3,
        3,
        5,
        2,
        3,
        2,
        2,
        0,
        0,
        0,
        6,
        3,
        6,
        1,
        1,
        1,
        9,
        4,
        5,
        3,
        9,
        1,
        7,
        1,
        0,
        3,
        1,
        1,
        8,
        1,
        7,
        3,
        7,
        2,
        8,
        3,
        0,
        2,
        0,
        0,
        3,
        0,
        8,
        0,
        1,
        4,
        0,
        4,
        8,
        4,
        9,
        1,
        6,
        0,
        6,
        0
    ],
    "makespan": 856,
    "normalized_makespan": 0.03967793413608008,
    "energy": 6526,
    "normalized_energy": 0.7425259304453935,
    "tardiness": 600,
    "normalized_tardiness": 0.04256828662646329,
    "bestObjectiveFunction": 0.8247721512079369,
    "tiempo_por_iteracion": 1.0533076739702067
}