{
    "bestSolution": [
        0,
        0,
        4,
        0,
        1,
        0,
        2,
        0,
        3,
        0,
        0,
        0,
        4,
        0,
        1,
        0,
        3,
        0,
        0,
        0,
        4,
        0,
        2,
        0,
        3,
        0,
        4,
        0,
        1,
        0,
        1,
        0,
        2,
        0,
        0,
        0,
        3,
        0,
        4,
        0,
        4,
        0,
        3,
        0,
        2,
        0,
        1,
        0,
        3,
        0,
        0,
        0,
        4,
        0,
        1,
        0,
        0,
        0,
        2,
        0,
        1,
        0,
        2,
        0,
        4,
        0,
        4,
        0,
        2,
        0,
        3,
        0,
        2,
        0,
        3,
        0,
        1,
        0,
        0,
        0,
        4,
        0,
        3,
        0,
        0,
        0,
        4,
        0,
        0,
        0,
        2,
        0,
        2,
        0,
        3,
        0,
        1,
        0,
        3,
        0,
        4,
        0,
        2,
        0,
        2,
        0,
        2,
        0,
        1,
        0,
        3,
        0,
        3,
        0,
        4,
        0,
        0,
        0,
        2,
        0,
        0,
        0,
        4,
        0,
        3,
        0,
        0,
        0,
        4,
        0,
        1,
        0,
        0,
        0,
        1,
        0,
        4,
        0,
        1,
        0,
        3,
        0,
        0,
        0,
        1,
        0,
        2,
        0,
        0,
        0,
        4,
        0,
        4,
        0,
        1,
        0,
        0,
        0,
        4,
        0,
        1,
        0,
        3,
        0,
        3,
        0,
        2,
        0,
        0,
        0,
        3,
        0,
        0,
        0,
        1,
        0,
        1,
        0,
        0,
        0,
        1,
        0,
        2,
        0,
        2,
        0,
        2,
        0,
        3,
        0,
        4,
        0,
        3,
        0,
        0,
        0,
        1,
        0,
        2,
        0
    ],
    "makespan": 811,
    "normalized_makespan": 0.040160642570281124,
    "energy": 7275,
    "normalized_energy": 0,
    "tardiness": 0,
    "normalized_tardiness": 0.0,
    "bestObjectiveFunction": 0.040160642570281124,
    "tiempo_por_iteracion": 0.8400433965631433
}