{
    "status": "OPTIMAL_SOLUTION",
    "solution": {
        "objective": 0.130674002751032,
        "start_time": [
            [
                30,
                113,
                0,
                223,
                70
            ],
            [
                113,
                65,
                30,
                184,
                259
            ],
            [
                144,
                259,
                106,
                50,
                206
            ],
            [
                231,
                184,
                240,
                136,
                302
            ],
            [
                70,
                50,
                154,
                107,
                136
            ]
        ],
        "SpeedScaling": [
            [
                1,
                1,
                1,
                1,
                1
            ],
            [
                1,
                1,
                1,
                1,
                1
            ],
            [
                1,
                1,
                1,
                1,
                1
            ],
            [
                1,
                1,
                1,
                1,
                1
            ],
            [
                1,
                1,
                1,
                1,
                1
            ]
        ],
        "_output_item": "Objective function normalized: M-0.130674002751032 + E-0.0 + T-0.0 = 0.130674002751032 \nObjective function : M-348.0 + E-1692.0 + T-0.0 = 0.130674002751032 \nStart Times: [30, 113, 0, 223, 70, 113, 65, 30, 184, 259, 144, 259, 106, 50, 206, 231, 184, 240, 136, 302, 70, 50, 154, 107, 136]\nSpeed Scaling; [1, 1, 1, 1, 1, 1, 1, 1, 1, 1, 1, 1, 1, 1, 1, 1, 1, 1, 1, 1, 1, 1, 1, 1, 1]\n",
        "_checker": ""
    },
    "statistics": {
        "paths": 0,
        "flatBoolVars": 100,
        "flatIntVars": 72,
        "flatFloatVars": 9,
        "flatBoolConstraints": 50,
        "flatIntConstraints": 197,
        "flatFloatConstraints": 9,
        "evaluatedHalfReifiedConstraints": 100,
        "method": "minimize",
        "flatTime": 45.91,
        "time": 128.0,
        "initTime": 1.6019999999999999,
        "solveTime": 65.588,
        "solutions": 7,
        "variables": 172,
        "propagators": 256,
        "propagations": 696566,
        "nodes": 12198,
        "failures": 6061,
        "restarts": 0,
        "peakDepth": 25,
        "nSolutions": 7
    }
}