{
    "bestSolution": [
        6,
        1,
        1,
        0,
        3,
        0,
        6,
        1,
        9,
        2,
        7,
        2,
        0,
        1,
        1,
        2,
        0,
        2,
        5,
        2,
        8,
        1,
        4,
        2,
        4,
        2,
        5,
        2,
        7,
        2,
        5,
        0,
        1,
        0,
        2,
        2,
        3,
        0,
        0,
        1,
        8,
        2,
        9,
        2,
        3,
        2,
        6,
        1,
        3,
        1,
        9,
        2,
        4,
        1,
        9,
        2,
        7,
        1,
        1,
        2,
        5,
        2,
        4,
        2,
        8,
        1,
        8,
        2,
        3,
        2,
        5,
        1,
        3,
        2,
        3,
        2,
        3,
        2,
        5,
        0,
        5,
        2,
        7,
        2,
        2,
        1,
        4,
        1,
        0,
        2,
        6,
        2,
        1,
        2,
        9,
        2,
        5,
        1,
        1,
        1,
        0,
        2,
        9,
        0,
        8,
        0,
        8,
        2,
        1,
        1,
        7,
        2,
        2,
        1,
        4,
        0,
        7,
        2,
        1,
        1,
        4,
        0,
        4,
        1,
        2,
        1,
        2,
        1,
        0,
        2,
        5,
        0,
        7,
        1,
        6,
        2,
        6,
        1,
        8,
        1,
        4,
        2,
        6,
        0,
        7,
        1,
        2,
        1,
        8,
        2,
        0,
        2,
        9,
        0,
        8,
        2,
        7,
        2,
        4,
        2,
        6,
        1,
        0,
        2,
        2,
        0,
        0,
        2,
        6,
        0,
        7,
        0,
        2,
        2,
        9,
        2,
        2,
        2,
        0,
        2,
        9,
        0,
        1,
        1,
        1,
        2,
        3,
        1,
        9,
        1,
        5,
        2,
        2,
        1,
        6,
        1,
        8,
        2,
        3,
        2
    ],
    "makespan": 247,
    "normalized_makespan": 0.08336989907854322,
    "energy": 9336,
    "normalized_energy": 0.8242343541944075,
    "tardiness": 451,
    "normalized_tardiness": 0.1930650684931507,
    "bestObjectiveFunction": 1.1006693217661014,
    "tiempo_por_iteracion": 2.1882331466674803
}