{
    "bestSolution": [
        6,
        0,
        0,
        0,
        4,
        0,
        5,
        0,
        7,
        0,
        7,
        0,
        3,
        0,
        7,
        0,
        4,
        0,
        8,
        0,
        6,
        0,
        1,
        0,
        5,
        0,
        3,
        0,
        6,
        0,
        9,
        0,
        4,
        0,
        9,
        0,
        5,
        0,
        8,
        0,
        2,
        0,
        7,
        0,
        1,
        0,
        0,
        0,
        6,
        0,
        0,
        0,
        8,
        0,
        7,
        0,
        5,
        0,
        4,
        0,
        3,
        0,
        6,
        0,
        8,
        0,
        2,
        0,
        7,
        0,
        0,
        0,
        2,
        0,
        3,
        0,
        6,
        0,
        5,
        0,
        1,
        0,
        3,
        0,
        6,
        0,
        5,
        0,
        6,
        0,
        4,
        0,
        0,
        0,
        8,
        0,
        8,
        0,
        9,
        0,
        9,
        0,
        1,
        0,
        6,
        0,
        4,
        0,
        1,
        0,
        5,
        0,
        3,
        0,
        5,
        0,
        3,
        0,
        3,
        0,
        2,
        0,
        9,
        0,
        0,
        0,
        7,
        0,
        2,
        0,
        1,
        0,
        5,
        0,
        3,
        0,
        2,
        0,
        6,
        0,
        9,
        0,
        2,
        0,
        7,
        0,
        0,
        0,
        9,
        0,
        9,
        0,
        8,
        0,
        8,
        0,
        2,
        0,
        4,
        0,
        4,
        0,
        7,
        0,
        9,
        0,
        3,
        0,
        4,
        0,
        8,
        0,
        8,
        0,
        1,
        0,
        9,
        0,
        2,
        0,
        0,
        0,
        0,
        0,
        1,
        0,
        5,
        0,
        4,
        0,
        1,
        0,
        7,
        0,
        0,
        0,
        1,
        0,
        2,
        0
    ],
    "makespan": 1023,
    "normalized_makespan": 0.19481830417227455,
    "energy": 7154,
    "normalized_energy": 0,
    "tardiness": 549,
    "normalized_tardiness": 0.16071428571428573,
    "bestObjectiveFunction": 0.3555325898865603,
    "tiempo_por_iteracion": 0.8084861626700749
}