{
    "bestSolution": [
        6,
        0,
        4,
        0,
        3,
        0,
        0,
        0,
        8,
        0,
        7,
        0,
        4,
        0,
        2,
        0,
        6,
        0,
        6,
        0,
        9,
        0,
        4,
        0,
        6,
        0,
        3,
        0,
        9,
        0,
        0,
        0,
        8,
        0,
        4,
        0,
        7,
        0,
        5,
        0,
        8,
        0,
        4,
        0,
        7,
        0,
        1,
        0,
        1,
        0,
        7,
        0,
        3,
        0,
        5,
        0,
        3,
        0,
        5,
        0,
        3,
        0,
        1,
        0,
        8,
        0,
        2,
        0,
        1,
        0,
        2,
        0,
        0,
        0,
        0,
        0,
        7,
        0,
        4,
        0,
        8,
        0,
        4,
        0,
        7,
        0,
        4,
        0,
        0,
        0,
        9,
        0,
        6,
        0,
        9,
        0,
        5,
        0,
        1,
        0,
        3,
        0,
        2,
        0,
        2,
        0,
        7,
        0,
        5,
        0,
        8,
        0,
        3,
        0,
        2,
        0,
        0,
        0,
        4,
        0,
        5,
        0,
        3,
        0,
        3,
        0,
        5,
        0,
        1,
        0,
        7,
        0,
        7,
        0,
        9,
        0,
        6,
        0,
        9,
        0,
        2,
        0,
        9,
        0,
        1,
        0,
        0,
        0,
        9,
        0,
        2,
        0,
        2,
        0,
        8,
        0,
        5,
        0,
        6,
        0,
        3,
        0,
        5,
        0,
        9,
        0,
        6,
        0,
        0,
        0,
        7,
        0,
        8,
        0,
        5,
        0,
        0,
        0,
        9,
        0,
        6,
        0,
        6,
        0,
        1,
        0,
        8,
        0,
        2,
        0,
        8,
        0,
        1,
        0,
        0,
        0,
        1,
        0,
        4,
        0
    ],
    "makespan": 1023,
    "normalized_makespan": 0.19481830417227455,
    "energy": 7154,
    "normalized_energy": 0,
    "tardiness": 873,
    "normalized_tardiness": 0.2555620608899297,
    "bestObjectiveFunction": 0.45038036506220425,
    "tiempo_por_iteracion": 2.027984848022461
}