{
    "bestSolution": [
        0,
        0,
        1,
        1,
        3,
        2,
        1,
        2,
        1,
        0,
        4,
        1,
        3,
        1,
        2,
        1,
        2,
        2,
        3,
        1,
        0,
        0,
        4,
        1,
        0,
        0,
        4,
        1,
        3,
        1,
        1,
        0,
        2,
        0,
        4,
        2,
        2,
        1,
        2,
        1,
        2,
        2,
        0,
        2,
        4,
        2,
        4,
        2,
        0,
        2,
        2,
        2,
        0,
        0,
        3,
        2,
        4,
        2,
        0,
        1,
        1,
        2,
        1,
        2,
        3,
        2,
        0,
        2,
        1,
        1,
        4,
        0,
        1,
        0,
        0,
        2,
        2,
        1,
        3,
        1,
        3,
        2,
        3,
        1,
        4,
        1,
        2,
        0,
        1,
        2,
        1,
        1,
        0,
        2,
        4,
        1,
        2,
        1,
        3,
        1
    ],
    "makespan": 765,
    "normalized_makespan": 0.07054455445544554,
    "energy": 3381,
    "normalized_energy": 0.7666944908180301,
    "tardiness": 799,
    "normalized_tardiness": 0.11796840395688764,
    "bestObjectiveFunction": 0.9552074492303633,
    "tiempo_por_iteracion": 1.7793829340330312
}