{
    "bestSolution": [
        3,
        0,
        0,
        0,
        2,
        0,
        0,
        0,
        2,
        0,
        3,
        0,
        1,
        0,
        4,
        0,
        4,
        0,
        1,
        0,
        3,
        0,
        4,
        0,
        0,
        0,
        3,
        0,
        1,
        0,
        2,
        0,
        4,
        0,
        2,
        0,
        2,
        0,
        4,
        0,
        3,
        0,
        0,
        0,
        0,
        0,
        3,
        0,
        3,
        0,
        4,
        0,
        0,
        0,
        2,
        0,
        1,
        0,
        4,
        0,
        2,
        0,
        3,
        0,
        3,
        0,
        1,
        0,
        4,
        0,
        0,
        0,
        1,
        0,
        2,
        0,
        1,
        0,
        0,
        0,
        2,
        0,
        0,
        0,
        0,
        0,
        4,
        0,
        4,
        0,
        1,
        0,
        3,
        0,
        2,
        0,
        1,
        0,
        1,
        0
    ],
    "makespan": 165,
    "normalized_makespan": 0.3904761904761905,
    "energy": 4714,
    "normalized_energy": 0,
    "tardiness": 84,
    "normalized_tardiness": 0.28668941979522183,
    "bestObjectiveFunction": 0.6771656102714123,
    "tiempo_por_iteracion": 1.7035951167345047
}