{
    "bestSolution": [
        19,
        0,
        19,
        0,
        10,
        0,
        4,
        0,
        8,
        0,
        0,
        0,
        15,
        0,
        18,
        0,
        10,
        0,
        19,
        0,
        18,
        0,
        11,
        0,
        1,
        0,
        7,
        0,
        6,
        0,
        9,
        0,
        7,
        0,
        14,
        0,
        19,
        0,
        6,
        0,
        0,
        0,
        5,
        0,
        9,
        0,
        16,
        0,
        7,
        0,
        14,
        0,
        0,
        0,
        9,
        0,
        6,
        0,
        13,
        0,
        1,
        0,
        3,
        0,
        0,
        0,
        9,
        0,
        15,
        0,
        7,
        0,
        7,
        0,
        10,
        0,
        5,
        0,
        18,
        0,
        5,
        0,
        2,
        0,
        2,
        0,
        6,
        0,
        16,
        0,
        1,
        0,
        13,
        0,
        14,
        0,
        15,
        0,
        17,
        0,
        4,
        0,
        3,
        0,
        5,
        0,
        19,
        0,
        8,
        0,
        13,
        0,
        13,
        0,
        12,
        0,
        14,
        0,
        8,
        0,
        3,
        0,
        4,
        0,
        17,
        0,
        17,
        0,
        8,
        0,
        5,
        0,
        3,
        0,
        15,
        0,
        11,
        0,
        4,
        0,
        16,
        0,
        2,
        0,
        12,
        0,
        12,
        0,
        10,
        0,
        2,
        0,
        16,
        0,
        8,
        0,
        2,
        0,
        11,
        0,
        18,
        0,
        17,
        0,
        12,
        0,
        9,
        0,
        16,
        0,
        11,
        0,
        17,
        0,
        1,
        0,
        10,
        0,
        12,
        0,
        11,
        0,
        13,
        0,
        14,
        0,
        0,
        0,
        6,
        0,
        18,
        0,
        1,
        0,
        3,
        0,
        15,
        0,
        4,
        0
    ],
    "makespan": 825,
    "normalized_makespan": 0.22330774598743894,
    "energy": 7383,
    "normalized_energy": 0,
    "tardiness": 2106,
    "normalized_tardiness": 0.6902654867256637,
    "bestObjectiveFunction": 0.9135732327131026,
    "tiempo_por_iteracion": 3.1094979734131782
}