{
    "bestSolution": [
        0,
        0,
        9,
        0,
        6,
        0,
        6,
        0,
        2,
        0,
        5,
        0,
        9,
        0,
        0,
        0,
        3,
        0,
        2,
        0,
        3,
        0,
        0,
        0,
        6,
        0,
        1,
        0,
        1,
        0,
        5,
        0,
        2,
        0,
        8,
        0,
        4,
        0,
        9,
        0,
        3,
        0,
        8,
        0,
        4,
        0,
        1,
        0,
        0,
        0,
        9,
        0,
        4,
        0,
        9,
        0,
        5,
        0,
        6,
        0,
        4,
        0,
        7,
        0,
        7,
        0,
        8,
        0,
        3,
        0,
        1,
        0,
        1,
        0,
        5,
        0,
        0,
        0,
        3,
        0,
        4,
        0,
        6,
        0,
        7,
        0,
        2,
        0,
        5,
        0,
        7,
        0,
        7,
        0,
        2,
        0,
        8,
        0,
        8,
        0
    ],
    "makespan": 505,
    "normalized_makespan": 0.15281989084293512,
    "energy": 3425,
    "normalized_energy": 0,
    "tardiness": 101,
    "normalized_tardiness": 0.05310199789695058,
    "bestObjectiveFunction": 0.2059218887398857,
    "tiempo_por_iteracion": 0.340776388238116
}