{
    "bestSolution": [
        8,
        2,
        6,
        1,
        1,
        3,
        4,
        2,
        3,
        4,
        7,
        3,
        8,
        2,
        3,
        4,
        9,
        2,
        2,
        2,
        3,
        1,
        8,
        2,
        4,
        3,
        5,
        4,
        5,
        2,
        7,
        4,
        2,
        2,
        1,
        1,
        4,
        1,
        2,
        4,
        9,
        2,
        5,
        1,
        0,
        3,
        4,
        2,
        0,
        4,
        1,
        2,
        7,
        3,
        1,
        2,
        2,
        3,
        4,
        2,
        6,
        4,
        2,
        1,
        0,
        3,
        8,
        2,
        5,
        2,
        8,
        1,
        3,
        1,
        7,
        3,
        0,
        1,
        0,
        0,
        1,
        2,
        5,
        1,
        9,
        2,
        6,
        0,
        7,
        1,
        6,
        3,
        3,
        3,
        9,
        4,
        9,
        4,
        6,
        1
    ],
    "makespan": 477,
    "normalized_makespan": 0.04808778441181217,
    "energy": 3605,
    "normalized_energy": 0.8383711167086482,
    "tardiness": 604,
    "normalized_tardiness": 0.09473023839397741,
    "bestObjectiveFunction": 0.9811891395144378,
    "tiempo_por_iteracion": 1.4064412117004395
}