{
    "bestSolution": [
        6,
        2,
        3,
        4,
        8,
        2,
        0,
        3,
        6,
        0,
        7,
        1,
        3,
        3,
        0,
        0,
        8,
        0,
        5,
        1,
        9,
        1,
        2,
        4,
        1,
        2,
        6,
        2,
        4,
        1,
        9,
        2,
        8,
        3,
        0,
        1,
        6,
        3,
        6,
        4,
        3,
        1,
        4,
        0,
        9,
        3,
        7,
        2,
        5,
        1,
        1,
        3,
        3,
        3,
        0,
        1,
        8,
        2,
        0,
        1,
        3,
        1,
        4,
        4,
        8,
        1,
        2,
        1,
        1,
        4,
        2,
        2,
        4,
        4,
        7,
        4,
        7,
        2,
        4,
        4,
        5,
        3,
        1,
        0,
        2,
        0,
        2,
        2,
        5,
        4,
        7,
        0,
        9,
        1,
        9,
        3,
        1,
        0,
        5,
        3
    ],
    "makespan": 522,
    "normalized_makespan": 0.055349362594803934,
    "energy": 3390,
    "normalized_energy": 0.7481108312342569,
    "tardiness": 570,
    "normalized_tardiness": 0.08939774153074027,
    "bestObjectiveFunction": 0.8928579353598012,
    "tiempo_por_iteracion": 0.6064834798116819
}