{
    "bestSolution": [
        3,
        4,
        3,
        0,
        12,
        1,
        16,
        0,
        13,
        1,
        1,
        2,
        9,
        2,
        16,
        3,
        8,
        1,
        5,
        2,
        18,
        4,
        14,
        4,
        11,
        1,
        14,
        2,
        5,
        0,
        3,
        1,
        8,
        2,
        16,
        4,
        1,
        2,
        19,
        4,
        3,
        2,
        18,
        4,
        10,
        1,
        13,
        0,
        16,
        1,
        4,
        1,
        17,
        3,
        7,
        1,
        4,
        3,
        12,
        3,
        2,
        3,
        11,
        1,
        3,
        1,
        8,
        1,
        9,
        2,
        16,
        3,
        9,
        1,
        18,
        2,
        14,
        3,
        18,
        1,
        17,
        4,
        12,
        3,
        19,
        4,
        1,
        3,
        19,
        2,
        15,
        3,
        17,
        2,
        10,
        3,
        5,
        3,
        13,
        4,
        0,
        2,
        9,
        1,
        11,
        1,
        6,
        3,
        4,
        1,
        2,
        4,
        0,
        1,
        17,
        1,
        14,
        0,
        8,
        4,
        19,
        4,
        13,
        2,
        15,
        4,
        7,
        3,
        2,
        2,
        15,
        2,
        13,
        3,
        0,
        3,
        6,
        1,
        9,
        4,
        11,
        4,
        12,
        2,
        10,
        1,
        14,
        0,
        6,
        3,
        18,
        4,
        1,
        1,
        4,
        3,
        2,
        0,
        0,
        3,
        7,
        4,
        5,
        2,
        1,
        1,
        12,
        4,
        19,
        4,
        4,
        2,
        17,
        2,
        6,
        4,
        7,
        2,
        10,
        4,
        0,
        4,
        11,
        3,
        15,
        4,
        6,
        3,
        15,
        2,
        5,
        1,
        8,
        2,
        2,
        4,
        7,
        1,
        10,
        2
    ],
    "makespan": 1035,
    "normalized_makespan": 0.061062258177981006,
    "energy": 6787,
    "normalized_energy": 0.805925030229746,
    "tardiness": 3463,
    "normalized_tardiness": 0.24078709497983591,
    "bestObjectiveFunction": 1.107774383387563,
    "tiempo_por_iteracion": 2.1790378014246623
}