{
    "bestSolution": [
        15,
        0,
        5,
        0,
        11,
        2,
        1,
        4,
        13,
        2,
        16,
        2,
        12,
        3,
        3,
        0,
        10,
        1,
        16,
        0,
        13,
        4,
        4,
        2,
        7,
        1,
        11,
        1,
        4,
        2,
        17,
        3,
        15,
        4,
        3,
        0,
        5,
        0,
        3,
        4,
        15,
        3,
        3,
        1,
        18,
        3,
        0,
        0,
        13,
        1,
        17,
        2,
        16,
        0,
        16,
        0,
        8,
        4,
        2,
        4,
        2,
        1,
        11,
        0,
        4,
        2,
        10,
        1,
        7,
        0,
        3,
        1,
        5,
        1,
        12,
        3,
        19,
        2,
        8,
        1,
        10,
        2,
        17,
        2,
        16,
        1,
        10,
        1,
        15,
        4,
        19,
        3,
        0,
        4,
        14,
        1,
        9,
        0,
        19,
        0,
        18,
        4,
        13,
        0,
        7,
        3,
        8,
        2,
        7,
        0,
        0,
        0,
        17,
        0,
        19,
        2,
        6,
        0,
        5,
        3,
        14,
        0,
        12,
        0,
        0,
        3,
        4,
        0,
        2,
        4,
        18,
        2,
        18,
        4,
        8,
        0,
        0,
        0,
        14,
        0,
        1,
        1,
        11,
        0,
        6,
        2,
        17,
        1,
        1,
        0,
        15,
        2,
        9,
        1,
        4,
        4,
        2,
        0,
        10,
        0,
        7,
        0,
        18,
        1,
        19,
        1,
        14,
        3,
        11,
        2,
        9,
        2,
        12,
        4,
        6,
        4,
        13,
        0,
        6,
        1,
        9,
        1,
        5,
        0,
        14,
        1,
        2,
        2,
        9,
        1,
        1,
        2,
        8,
        2,
        12,
        3,
        1,
        3,
        6,
        4
    ],
    "makespan": 1378,
    "normalized_makespan": 0.08519169890960253,
    "energy": 5876,
    "normalized_energy": 0.6223297057638049,
    "tardiness": 4989,
    "normalized_tardiness": 0.34689194826866915,
    "bestObjectiveFunction": 1.0544133529420765,
    "tiempo_por_iteracion": 0.8485459228614708
}