{
    "bestSolution": [
        9,
        0,
        4,
        0,
        9,
        0,
        6,
        0,
        3,
        0,
        2,
        0,
        2,
        0,
        1,
        0,
        3,
        0,
        8,
        0,
        8,
        0,
        1,
        0,
        5,
        0,
        8,
        0,
        9,
        0,
        4,
        0,
        5,
        0,
        2,
        0,
        9,
        0,
        4,
        0,
        0,
        0,
        8,
        0,
        3,
        0,
        8,
        0,
        5,
        0,
        4,
        0,
        0,
        0,
        0,
        0,
        7,
        0,
        4,
        0,
        1,
        0,
        6,
        0,
        1,
        0,
        2,
        0,
        6,
        0,
        2,
        0,
        0,
        0,
        7,
        0,
        7,
        0,
        3,
        0,
        1,
        0,
        9,
        0,
        6,
        0,
        5,
        0,
        7,
        0,
        0,
        0,
        3,
        0,
        7,
        0,
        6,
        0,
        5,
        0
    ],
    "makespan": 475,
    "normalized_makespan": 0.1876790830945559,
    "energy": 3655,
    "normalized_energy": 0,
    "tardiness": 0,
    "normalized_tardiness": 0,
    "bestObjectiveFunction": 0.1876790830945559,
    "tiempo_por_iteracion": 2.513828992843628
}