{
    "bestSolution": [
        6,
        1,
        1,
        4,
        9,
        1,
        5,
        2,
        4,
        0,
        1,
        1,
        0,
        3,
        5,
        0,
        3,
        0,
        2,
        1,
        6,
        3,
        8,
        3,
        2,
        1,
        7,
        1,
        9,
        0,
        4,
        3,
        9,
        1,
        1,
        3,
        0,
        1,
        8,
        2,
        7,
        0,
        6,
        2,
        2,
        4,
        8,
        2,
        5,
        3,
        4,
        0,
        8,
        1,
        5,
        1,
        3,
        0,
        1,
        1,
        0,
        2,
        7,
        1,
        2,
        1,
        2,
        2,
        8,
        1,
        4,
        2,
        9,
        2,
        0,
        3,
        3,
        0,
        7,
        4,
        1,
        0,
        6,
        2,
        3,
        2,
        5,
        0,
        0,
        3,
        7,
        2,
        3,
        2,
        4,
        0,
        9,
        2,
        6,
        1
    ],
    "makespan": 642,
    "normalized_makespan": 0.07521235521235521,
    "energy": 3198,
    "normalized_energy": 0.6688227684346701,
    "tardiness": 1117,
    "normalized_tardiness": 0.1684766214177979,
    "bestObjectiveFunction": 0.9125117450648232,
    "tiempo_por_iteracion": 0.4864144187042679
}