{
    "bestSolution": [
        3,
        2,
        1,
        2,
        6,
        1,
        1,
        1,
        2,
        4,
        0,
        2,
        5,
        3,
        4,
        0,
        6,
        3,
        9,
        2,
        5,
        2,
        4,
        3,
        2,
        2,
        0,
        1,
        9,
        4,
        9,
        3,
        6,
        4,
        1,
        4,
        8,
        2,
        9,
        3,
        4,
        2,
        5,
        1,
        2,
        2,
        3,
        0,
        7,
        1,
        3,
        2,
        6,
        1,
        1,
        1,
        0,
        0,
        5,
        0,
        7,
        1,
        3,
        3,
        4,
        2,
        7,
        3,
        2,
        4,
        2,
        0,
        3,
        0,
        1,
        4,
        0,
        2,
        8,
        4,
        4,
        3,
        9,
        3,
        6,
        2,
        0,
        1,
        8,
        1,
        7,
        3,
        7,
        4,
        8,
        1,
        8,
        2,
        5,
        0
    ],
    "makespan": 700,
    "normalized_makespan": 0.08416988416988418,
    "energy": 3389,
    "normalized_energy": 0.751185855972402,
    "tardiness": 992,
    "normalized_tardiness": 0.14962292609351432,
    "bestObjectiveFunction": 0.9849786662358004,
    "tiempo_por_iteracion": 1.451839930769326
}