{
    "bestSolution": [
        10,
        2,
        8,
        1,
        17,
        1,
        5,
        2,
        4,
        2,
        7,
        1,
        0,
        1,
        10,
        1,
        5,
        1,
        3,
        1,
        19,
        1,
        16,
        2,
        0,
        0,
        4,
        2,
        8,
        2,
        2,
        1,
        6,
        0,
        4,
        1,
        7,
        0,
        15,
        2,
        13,
        1,
        8,
        2,
        11,
        1,
        1,
        0,
        14,
        0,
        5,
        1,
        10,
        1,
        13,
        0,
        11,
        0,
        12,
        1,
        11,
        1,
        10,
        1,
        9,
        1,
        3,
        0,
        14,
        2,
        0,
        2,
        10,
        0,
        7,
        1,
        15,
        1,
        6,
        1,
        13,
        0,
        11,
        1,
        9,
        1,
        15,
        1,
        6,
        1,
        6,
        2,
        12,
        0,
        5,
        0,
        18,
        2,
        17,
        2,
        15,
        2,
        11,
        0,
        1,
        0,
        9,
        0,
        14,
        0,
        18,
        0,
        14,
        0,
        8,
        2,
        13,
        1,
        2,
        0,
        16,
        0,
        1,
        1,
        2,
        1,
        7,
        0,
        0,
        2,
        15,
        1,
        12,
        1,
        17,
        2,
        2,
        2,
        3,
        1,
        2,
        2,
        8,
        2,
        3,
        0,
        4,
        1,
        12,
        2,
        18,
        2,
        5,
        1,
        19,
        2,
        4,
        0,
        0,
        1,
        17,
        1,
        16,
        0,
        1,
        0,
        6,
        1,
        12,
        0,
        13,
        2,
        18,
        2,
        19,
        2,
        9,
        2,
        7,
        1,
        19,
        2,
        18,
        0,
        19,
        1,
        14,
        0,
        16,
        0,
        1,
        2,
        3,
        2,
        17,
        0,
        9,
        2,
        16,
        1
    ],
    "makespan": 1213,
    "normalized_makespan": 0.08013088806026938,
    "energy": 6235,
    "normalized_energy": 0.6690014008405043,
    "tardiness": 4344,
    "normalized_tardiness": 0.32659198556499514,
    "bestObjectiveFunction": 1.075724274465769,
    "tiempo_por_iteracion": 1.0130196375440257
}