{
    "bestSolution": [
        2,
        0,
        7,
        2,
        5,
        3,
        0,
        0,
        7,
        0,
        6,
        2,
        8,
        1,
        4,
        0,
        0,
        2,
        7,
        3,
        0,
        0,
        2,
        2,
        1,
        2,
        5,
        0,
        4,
        3,
        0,
        0,
        2,
        0,
        6,
        1,
        9,
        2,
        0,
        0,
        9,
        0,
        8,
        0,
        4,
        1,
        3,
        3,
        6,
        0,
        1,
        4,
        2,
        0,
        2,
        0,
        4,
        0,
        6,
        1,
        1,
        0,
        3,
        0,
        8,
        1,
        3,
        2,
        7,
        0,
        6,
        0,
        6,
        1,
        9,
        0,
        9,
        0,
        3,
        2,
        5,
        1,
        2,
        3,
        6,
        4,
        5,
        4,
        0,
        1,
        5,
        0,
        8,
        0,
        3,
        0,
        8,
        1,
        0,
        1,
        9,
        2,
        2,
        1,
        7,
        0,
        8,
        1,
        4,
        0,
        0,
        0,
        6,
        0,
        9,
        0,
        5,
        0,
        1,
        0,
        5,
        0,
        7,
        4,
        8,
        0,
        4,
        0,
        3,
        2,
        7,
        2,
        1,
        0,
        8,
        0,
        5,
        0,
        2,
        0,
        2,
        0,
        9,
        1,
        9,
        1,
        7,
        4,
        5,
        0,
        1,
        1,
        3,
        0,
        8,
        0,
        9,
        1,
        0,
        4,
        5,
        1,
        3,
        3,
        4,
        0,
        7,
        0,
        6,
        0,
        3,
        0,
        1,
        0,
        1,
        3,
        4,
        0,
        7,
        0,
        0,
        0,
        2,
        2,
        1,
        0,
        3,
        0,
        8,
        3,
        4,
        0,
        1,
        1,
        6,
        1,
        9,
        0,
        4,
        0
    ],
    "makespan": 1601,
    "normalized_makespan": 0.10530862258520496,
    "energy": 4837,
    "normalized_energy": 0.3634682555989316,
    "tardiness": 0,
    "normalized_tardiness": 0,
    "bestObjectiveFunction": 0.46877687818413655,
    "tiempo_por_iteracion": 0.8537884891033173
}