{
    "bestSolution": [
        5,
        3,
        1,
        1,
        5,
        3,
        0,
        3,
        8,
        1,
        3,
        3,
        3,
        3,
        0,
        4,
        2,
        4,
        5,
        4,
        6,
        4,
        4,
        1,
        4,
        3,
        6,
        3,
        7,
        2,
        0,
        1,
        6,
        4,
        6,
        2,
        7,
        2,
        8,
        4,
        3,
        3,
        0,
        3,
        4,
        4,
        7,
        1,
        0,
        2,
        0,
        1,
        9,
        1,
        3,
        3,
        5,
        2,
        4,
        2,
        2,
        2,
        1,
        1,
        4,
        2,
        9,
        2,
        6,
        2,
        3,
        3,
        1,
        3,
        3,
        3,
        2,
        2,
        2,
        1,
        1,
        3,
        5,
        4,
        8,
        2,
        9,
        1,
        7,
        2,
        4,
        4,
        2,
        4,
        6,
        3,
        3,
        1,
        2,
        3,
        6,
        2,
        0,
        1,
        6,
        3,
        8,
        2,
        9,
        4,
        1,
        4,
        1,
        2,
        5,
        3,
        3,
        2,
        7,
        1,
        8,
        3,
        8,
        3,
        2,
        1,
        2,
        3,
        3,
        1,
        0,
        2,
        9,
        3,
        7,
        2,
        4,
        3,
        9,
        3,
        8,
        3,
        9,
        3,
        1,
        2,
        3,
        3,
        5,
        2,
        6,
        2,
        1,
        3,
        6,
        2,
        0,
        2,
        0,
        4,
        9,
        2,
        7,
        0,
        7,
        2,
        1,
        2,
        5,
        3,
        7,
        2,
        7,
        2,
        9,
        4,
        8,
        1,
        8,
        2,
        9,
        2,
        5,
        2,
        4,
        1,
        4,
        4,
        4,
        1,
        8,
        3,
        2,
        2,
        5,
        3,
        2,
        4,
        1,
        2
    ],
    "makespan": 234,
    "normalized_makespan": 0.06868600682593856,
    "energy": 9419,
    "normalized_energy": 0.8944374209860936,
    "tardiness": 226,
    "normalized_tardiness": 0.09350434422838229,
    "bestObjectiveFunction": 1.0566277720404145,
    "tiempo_por_iteracion": 1.8196837902069092
}