{
    "bestSolution": [
        3,
        2,
        18,
        2,
        5,
        1,
        7,
        0,
        17,
        2,
        16,
        1,
        3,
        4,
        13,
        1,
        0,
        0,
        15,
        1,
        1,
        1,
        10,
        2,
        19,
        3,
        16,
        4,
        15,
        2,
        17,
        3,
        8,
        0,
        13,
        3,
        14,
        4,
        17,
        0,
        16,
        3,
        3,
        1,
        6,
        2,
        8,
        0,
        0,
        1,
        13,
        4,
        7,
        2,
        13,
        0,
        11,
        4,
        11,
        2,
        10,
        0,
        19,
        4,
        14,
        2,
        4,
        0,
        18,
        0,
        16,
        2,
        8,
        1,
        5,
        2,
        2,
        1,
        12,
        0,
        3,
        0,
        16,
        4,
        6,
        2,
        19,
        1,
        14,
        1,
        13,
        2,
        0,
        2,
        11,
        0,
        9,
        0,
        7,
        0,
        1,
        1,
        0,
        2,
        12,
        1,
        7,
        2,
        1,
        4,
        15,
        1,
        2,
        0,
        5,
        4,
        2,
        1,
        18,
        0,
        6,
        1,
        4,
        1,
        1,
        1,
        7,
        1,
        17,
        1,
        4,
        3,
        11,
        1,
        2,
        2,
        12,
        3,
        12,
        3,
        10,
        4,
        5,
        3,
        15,
        2,
        14,
        1,
        9,
        2,
        4,
        1,
        0,
        0,
        6,
        3,
        18,
        0,
        3,
        1,
        15,
        4,
        9,
        0,
        12,
        0,
        2,
        0,
        9,
        1,
        18,
        4,
        6,
        2,
        14,
        1,
        19,
        4,
        8,
        1,
        11,
        2,
        10,
        1,
        10,
        1,
        5,
        0,
        17,
        2,
        1,
        2,
        4,
        2,
        9,
        1,
        19,
        3,
        8,
        1
    ],
    "makespan": 1206,
    "normalized_makespan": 0.07301744227102605,
    "energy": 6184,
    "normalized_energy": 0.6757420675537359,
    "tardiness": 4116,
    "normalized_tardiness": 0.2871694690574199,
    "bestObjectiveFunction": 1.0359289788821817,
    "tiempo_por_iteracion": 1.0311992385170676
}