{
    "bestSolution": [
        2,
        1,
        1,
        2,
        3,
        2,
        1,
        3,
        3,
        2,
        1,
        0,
        4,
        0,
        4,
        4,
        2,
        3,
        3,
        1,
        0,
        3,
        4,
        4,
        1,
        3,
        3,
        1,
        1,
        0,
        0,
        0,
        4,
        1,
        2,
        0,
        2,
        2,
        2,
        4,
        0,
        0,
        4,
        2,
        0,
        4,
        3,
        3,
        0,
        4
    ],
    "makespan": 105,
    "normalized_makespan": 0.127134724857685,
    "energy": 2305,
    "normalized_energy": 0.7344173441734417,
    "tardiness": 105,
    "normalized_tardiness": 0.18584070796460178,
    "bestObjectiveFunction": 1.0473927769957285,
    "tiempo_por_iteracion": 0.6446252083855043
}