{
    "bestSolution": [
        19,
        1,
        2,
        1,
        5,
        1,
        4,
        1,
        13,
        0,
        4,
        2,
        1,
        1,
        5,
        1,
        2,
        2,
        0,
        0,
        16,
        0,
        12,
        1,
        18,
        1,
        1,
        2,
        1,
        1,
        12,
        0,
        6,
        2,
        14,
        0,
        17,
        2,
        3,
        2,
        8,
        2,
        15,
        0,
        11,
        2,
        0,
        1,
        13,
        1,
        0,
        2,
        16,
        2,
        12,
        0,
        0,
        0,
        3,
        2,
        19,
        2,
        8,
        1,
        3,
        2,
        18,
        1,
        1,
        2,
        10,
        1,
        16,
        2,
        5,
        2,
        9,
        0,
        17,
        2,
        11,
        2,
        19,
        0,
        17,
        0,
        14,
        2,
        16,
        1,
        6,
        0,
        15,
        0,
        19,
        2,
        13,
        0,
        17,
        0,
        6,
        2,
        7,
        0,
        18,
        1,
        14,
        0,
        15,
        0,
        5,
        2,
        17,
        0,
        10,
        2,
        3,
        2,
        7,
        2,
        10,
        0,
        7,
        2,
        8,
        1,
        9,
        0,
        11,
        0,
        10,
        1,
        9,
        1,
        15,
        0,
        6,
        2,
        19,
        1,
        4,
        1,
        5,
        0,
        2,
        0,
        10,
        2,
        8,
        1,
        2,
        0,
        0,
        0,
        11,
        2,
        16,
        1,
        18,
        1,
        13,
        0,
        12,
        1,
        14,
        2,
        7,
        1,
        4,
        2,
        9,
        0,
        4,
        2,
        18,
        2,
        11,
        1,
        13,
        2,
        8,
        2,
        15,
        1,
        3,
        1,
        7,
        0,
        9,
        0,
        14,
        0,
        12,
        1,
        1,
        1,
        2,
        1,
        6,
        1
    ],
    "makespan": 252,
    "normalized_makespan": 0.09031979256698358,
    "energy": 9195,
    "normalized_energy": 0.7402849740932642,
    "tardiness": 710,
    "normalized_tardiness": 0.30123037759864235,
    "bestObjectiveFunction": 1.1318351442588903,
    "tiempo_por_iteracion": 1.7824014637568226
}