{
    "bestSolution": [
        3,
        0,
        0,
        0,
        2,
        2,
        1,
        1,
        3,
        0,
        2,
        1,
        4,
        1,
        2,
        1,
        2,
        2,
        0,
        2,
        4,
        0,
        1,
        1,
        0,
        2,
        1,
        2,
        0,
        0,
        0,
        2,
        2,
        2,
        0,
        1,
        3,
        2,
        3,
        1,
        1,
        1,
        4,
        2,
        2,
        1,
        3,
        0,
        4,
        0,
        0,
        2,
        1,
        2,
        3,
        2,
        0,
        1,
        4,
        1,
        1,
        0,
        4,
        2,
        0,
        1,
        4,
        1,
        3,
        1,
        3,
        2,
        1,
        2,
        2,
        1,
        3,
        2,
        0,
        2,
        0,
        2,
        4,
        2,
        1,
        2,
        2,
        0,
        3,
        1,
        0,
        1,
        3,
        1,
        4,
        1,
        2,
        2,
        2,
        1,
        0,
        1,
        1,
        0,
        4,
        1,
        3,
        1,
        2,
        1,
        3,
        2,
        4,
        2,
        1,
        1,
        1,
        1,
        2,
        0,
        0,
        1,
        3,
        2,
        1,
        2,
        0,
        2,
        3,
        2,
        2,
        1,
        1,
        2,
        4,
        2,
        1,
        1,
        4,
        1,
        0,
        1,
        1,
        2,
        0,
        1,
        3,
        2,
        0,
        0,
        3,
        2,
        2,
        1,
        2,
        1,
        4,
        1,
        3,
        0,
        2,
        0,
        1,
        0,
        2,
        2,
        4,
        1,
        3,
        1,
        4,
        0,
        2,
        1,
        0,
        2,
        1,
        2,
        4,
        2,
        4,
        1,
        1,
        1,
        1,
        1,
        3,
        1,
        2,
        0,
        2,
        1,
        1,
        1,
        4,
        1,
        4,
        0,
        0,
        0
    ],
    "makespan": 1540,
    "normalized_makespan": 0.06808754112430268,
    "energy": 6592,
    "normalized_energy": 0.757892536065231,
    "tardiness": 1191,
    "normalized_tardiness": 0.0817433081674674,
    "bestObjectiveFunction": 0.9077233853570011,
    "tiempo_por_iteracion": 1.2538412923996265
}