{
    "bestSolution": [
        0,
        1,
        3,
        1,
        3,
        3,
        2,
        0,
        1,
        2,
        1,
        3,
        0,
        2,
        3,
        1,
        0,
        0,
        1,
        1,
        0,
        2,
        3,
        4,
        4,
        3,
        2,
        2,
        4,
        3,
        2,
        2,
        2,
        0,
        0,
        1,
        4,
        0,
        2,
        4,
        1,
        0,
        3,
        0,
        0,
        2,
        4,
        0,
        0,
        0,
        3,
        4,
        3,
        4,
        3,
        3,
        3,
        2,
        2,
        2,
        3,
        0,
        4,
        1,
        0,
        1,
        2,
        1,
        0,
        4,
        2,
        1,
        4,
        1,
        4,
        1,
        1,
        1,
        1,
        0,
        4,
        0,
        2,
        0,
        4,
        3,
        4,
        0,
        3,
        0,
        0,
        0,
        2,
        1,
        2,
        4,
        1,
        3,
        3,
        2,
        3,
        4,
        0,
        0,
        1,
        1,
        4,
        0,
        1,
        1,
        1,
        2,
        3,
        2,
        0,
        1,
        1,
        4,
        2,
        4,
        4,
        0,
        2,
        0,
        4,
        3,
        0,
        4,
        2,
        0,
        1,
        1,
        0,
        1,
        1,
        2,
        3,
        1,
        1,
        1,
        4,
        2,
        3,
        4,
        1,
        1,
        3,
        1,
        2,
        2,
        0,
        0,
        0,
        2,
        3,
        2,
        2,
        1,
        1,
        1,
        4,
        2,
        0,
        1,
        3,
        1,
        4,
        3,
        0,
        1,
        1,
        0,
        1,
        0,
        1,
        3,
        3,
        0,
        4,
        0,
        2,
        0,
        1,
        2,
        4,
        1,
        2,
        0,
        0,
        1,
        2,
        4,
        0,
        1,
        2,
        4,
        4,
        0,
        4,
        1
    ],
    "makespan": 1474,
    "normalized_makespan": 0.07811377962179845,
    "energy": 5970,
    "normalized_energy": 0.6015863331299572,
    "tardiness": 529,
    "normalized_tardiness": 0.040604851089960085,
    "bestObjectiveFunction": 0.7203049638417157,
    "tiempo_por_iteracion": 1.0000144652737917
}