{
    "bestSolution": [
        3,
        2,
        9,
        3,
        7,
        3,
        9,
        2,
        6,
        0,
        5,
        4,
        4,
        1,
        4,
        1,
        3,
        1,
        5,
        2,
        1,
        1,
        9,
        0,
        3,
        1,
        0,
        0,
        4,
        3,
        3,
        1,
        8,
        1,
        2,
        2,
        2,
        0,
        9,
        1,
        7,
        1,
        0,
        0,
        9,
        1,
        3,
        2,
        8,
        1,
        1,
        1,
        0,
        0,
        5,
        2,
        7,
        0,
        6,
        4,
        3,
        3,
        8,
        3,
        8,
        3,
        4,
        4,
        2,
        1,
        8,
        2,
        7,
        3,
        8,
        2,
        5,
        4,
        5,
        0,
        7,
        3,
        8,
        1,
        8,
        1,
        0,
        4,
        4,
        4,
        8,
        0,
        4,
        0,
        1,
        1,
        9,
        4,
        0,
        1,
        1,
        3,
        6,
        3,
        5,
        0,
        3,
        3,
        7,
        3,
        6,
        1,
        2,
        0,
        5,
        1,
        9,
        0,
        9,
        1,
        0,
        1,
        3,
        4,
        9,
        1,
        4,
        2,
        5,
        2,
        7,
        0,
        8,
        0,
        2,
        2,
        2,
        1,
        3,
        0,
        1,
        0,
        4,
        3,
        2,
        2,
        0,
        3,
        0,
        1,
        4,
        1,
        4,
        1,
        0,
        3,
        2,
        0,
        9,
        4,
        6,
        4,
        6,
        1,
        1,
        4,
        6,
        0,
        0,
        4,
        5,
        1,
        1,
        2,
        1,
        0,
        6,
        3,
        7,
        1,
        5,
        2,
        3,
        0,
        1,
        0,
        1,
        0,
        2,
        3,
        7,
        4,
        6,
        4,
        7,
        0,
        6,
        2,
        2,
        4
    ],
    "makespan": 234,
    "normalized_makespan": 0.07635253054101222,
    "energy": 9180,
    "normalized_energy": 0.7262059973924381,
    "tardiness": 606,
    "normalized_tardiness": 0.2577626541897065,
    "bestObjectiveFunction": 1.0603211821231568,
    "tiempo_por_iteracion": 0.941262203039125
}