{
    "bestSolution": [
        12,
        1,
        15,
        2,
        0,
        2,
        14,
        0,
        1,
        2,
        13,
        0,
        4,
        1,
        10,
        0,
        0,
        0,
        11,
        0,
        1,
        0,
        2,
        1,
        17,
        0,
        11,
        1,
        7,
        0,
        7,
        0,
        18,
        2,
        4,
        0,
        19,
        1,
        7,
        1,
        2,
        0,
        10,
        0,
        15,
        0,
        9,
        2,
        0,
        0,
        8,
        0,
        16,
        2,
        18,
        0,
        5,
        0,
        12,
        2,
        16,
        2,
        0,
        0,
        6,
        0,
        5,
        0,
        4,
        0,
        14,
        2,
        15,
        0,
        18,
        0,
        17,
        0,
        9,
        0,
        7,
        1,
        13,
        1,
        5,
        0,
        12,
        2,
        19,
        0,
        3,
        2,
        14,
        0,
        17,
        1,
        10,
        2,
        8,
        2,
        3,
        0,
        2,
        1,
        15,
        0,
        1,
        2,
        12,
        0,
        15,
        2,
        19,
        0,
        14,
        0,
        0,
        2,
        17,
        2,
        8,
        2,
        13,
        2,
        18,
        0,
        12,
        1,
        1,
        0,
        9,
        0,
        8,
        2,
        5,
        0,
        16,
        1,
        19,
        1,
        3,
        0,
        6,
        1,
        10,
        0,
        2,
        0,
        11,
        0,
        9,
        0,
        5,
        0,
        16,
        0,
        19,
        0,
        6,
        0,
        1,
        1,
        11,
        0,
        9,
        2,
        13,
        0,
        11,
        2,
        3,
        0,
        4,
        0,
        7,
        0,
        6,
        0,
        16,
        0,
        17,
        0,
        14,
        2,
        4,
        2,
        3,
        0,
        18,
        0,
        2,
        0,
        13,
        0,
        10,
        0,
        6,
        0,
        8,
        2
    ],
    "makespan": 2715,
    "normalized_makespan": 0.1783184909894117,
    "energy": 4611,
    "normalized_energy": 0.3617927398093693,
    "tardiness": 0,
    "normalized_tardiness": 0,
    "bestObjectiveFunction": 0.540111230798781,
    "tiempo_por_iteracion": 1.424310809090024
}