{
    "bestSolution": [
        1,
        3,
        0,
        1,
        1,
        3,
        3,
        0,
        4,
        0,
        4,
        1,
        2,
        1,
        3,
        2,
        1,
        1,
        1,
        1,
        4,
        1,
        0,
        0,
        2,
        1,
        3,
        2,
        0,
        3,
        4,
        2,
        1,
        0,
        4,
        1,
        3,
        0,
        2,
        0,
        0,
        1,
        2,
        0,
        3,
        2,
        0,
        2,
        2,
        4
    ],
    "makespan": 441,
    "normalized_makespan": 0.10088616223585549,
    "energy": 1536,
    "normalized_energy": 0.6028547439126785,
    "tardiness": 153,
    "normalized_tardiness": 0.049691458265670674,
    "bestObjectiveFunction": 0.7534323644142046,
    "tiempo_por_iteracion": 0.30032230156251444
}