{
    "bestSolution": [
        3,
        0,
        4,
        0,
        1,
        2,
        0,
        1,
        1,
        1,
        0,
        4,
        4,
        2,
        1,
        4,
        1,
        1,
        2,
        1,
        3,
        4,
        3,
        2,
        2,
        1,
        3,
        0,
        2,
        0,
        4,
        1,
        4,
        4,
        0,
        4,
        1,
        0,
        0,
        1,
        4,
        4,
        0,
        1,
        2,
        1,
        2,
        2,
        3,
        4
    ],
    "makespan": 405,
    "normalized_makespan": 0.08861622358554874,
    "energy": 1611,
    "normalized_energy": 0.6658270361041142,
    "tardiness": 57,
    "normalized_tardiness": 0.01851250405975966,
    "bestObjectiveFunction": 0.7729557637494227,
    "tiempo_por_iteracion": 0.4329795454956159
}