{
    "bestSolution": [
        4,
        0,
        3,
        0,
        2,
        0,
        7,
        0,
        6,
        0,
        3,
        0,
        9,
        0,
        2,
        0,
        4,
        0,
        5,
        0,
        9,
        0,
        8,
        0,
        3,
        0,
        6,
        0,
        0,
        0,
        2,
        0,
        4,
        0,
        0,
        0,
        2,
        0,
        1,
        0,
        8,
        0,
        1,
        0,
        9,
        0,
        6,
        0,
        0,
        0,
        0,
        0,
        8,
        0,
        1,
        0,
        2,
        0,
        7,
        0,
        5,
        0,
        4,
        0,
        5,
        0,
        7,
        0,
        0,
        0,
        4,
        0,
        3,
        0,
        5,
        0,
        6,
        0,
        3,
        0,
        6,
        0,
        7,
        0,
        8,
        0,
        9,
        0,
        5,
        0,
        8,
        0,
        1,
        0,
        9,
        0,
        7,
        0,
        1,
        0
    ],
    "makespan": 106,
    "normalized_makespan": 0.16666666666666666,
    "energy": 4663,
    "normalized_energy": 0,
    "tardiness": 0,
    "normalized_tardiness": 0,
    "bestObjectiveFunction": 0.16666666666666666,
    "tiempo_por_iteracion": 0.38521599769592285
}