{
    "bestSolution": [
        3,
        0,
        0,
        0,
        3,
        0,
        0,
        0,
        1,
        0,
        2,
        0,
        1,
        0,
        2,
        0,
        2,
        0,
        4,
        0,
        3,
        0,
        0,
        0,
        1,
        0,
        1,
        0,
        4,
        0,
        2,
        0,
        3,
        0,
        1,
        0,
        1,
        0,
        2,
        0,
        3,
        0,
        4,
        0,
        2,
        0,
        0,
        0,
        2,
        0,
        1,
        0,
        3,
        0,
        0,
        0,
        1,
        0,
        3,
        0,
        3,
        0,
        2,
        0,
        3,
        0,
        3,
        0,
        1,
        0,
        4,
        0,
        2,
        0,
        4,
        0,
        4,
        0,
        0,
        0,
        2,
        0,
        3,
        0,
        2,
        0,
        4,
        0,
        1,
        0,
        2,
        0,
        4,
        0,
        2,
        0,
        1,
        0,
        4,
        0,
        2,
        0,
        3,
        0,
        3,
        0,
        0,
        0,
        0,
        0,
        2,
        0,
        0,
        0,
        0,
        0,
        2,
        0,
        1,
        0,
        3,
        0,
        0,
        0,
        2,
        0,
        1,
        0,
        0,
        0,
        3,
        0,
        3,
        0,
        2,
        0,
        4,
        0,
        4,
        0,
        4,
        0,
        4,
        0,
        3,
        0,
        4,
        0,
        4,
        0,
        1,
        0,
        0,
        0,
        1,
        0,
        1,
        0,
        0,
        0,
        3,
        0,
        4,
        0,
        1,
        0,
        0,
        0,
        3,
        0,
        4,
        0,
        0,
        0,
        1,
        0,
        2,
        0,
        2,
        0,
        4,
        0,
        4,
        0,
        0,
        0,
        0,
        0,
        0,
        0,
        4,
        0,
        3,
        0,
        1,
        0,
        0,
        0,
        1,
        0
    ],
    "makespan": 1726,
    "normalized_makespan": 0.33907595927956147,
    "energy": 7150,
    "normalized_energy": 0,
    "tardiness": 12,
    "normalized_tardiness": 0.0035149384885764497,
    "bestObjectiveFunction": 0.3425908977681379,
    "tiempo_por_iteracion": 1.8890666138042103
}