{
    "bestSolution": [
        0,
        0,
        1,
        0,
        4,
        0,
        2,
        0,
        0,
        0,
        2,
        0,
        1,
        2,
        1,
        0,
        2,
        2,
        3,
        0,
        4,
        0,
        3,
        2,
        1,
        0,
        0,
        0,
        4,
        0,
        0,
        2,
        2,
        0,
        4,
        0,
        2,
        0,
        1,
        0,
        3,
        2,
        3,
        0,
        3,
        0,
        4,
        0,
        0,
        0
    ],
    "makespan": 1190,
    "normalized_makespan": 0.2609147609147609,
    "energy": 828,
    "normalized_energy": 0.19278033794162827,
    "tardiness": 0,
    "normalized_tardiness": 0,
    "bestObjectiveFunction": 0.45369509885638915,
    "tiempo_por_iteracion": 0.7406617535485162
}