{
    "bestSolution": [
        0,
        1,
        3,
        1,
        4,
        1,
        0,
        0,
        2,
        1,
        4,
        1,
        0,
        1,
        3,
        2,
        1,
        0,
        1,
        0,
        0,
        1,
        2,
        0,
        4,
        1,
        3,
        1,
        3,
        0,
        0,
        1,
        4,
        0,
        4,
        1,
        2,
        0,
        4,
        1,
        2,
        2,
        0,
        0,
        2,
        1,
        1,
        1,
        1,
        0,
        3,
        1,
        2,
        2,
        3,
        0,
        1,
        2,
        0,
        1,
        2,
        0,
        4,
        1,
        0,
        1,
        3,
        1,
        1,
        0,
        3,
        1,
        0,
        1,
        4,
        2,
        2,
        1,
        4,
        0,
        2,
        1,
        1,
        2,
        1,
        0,
        1,
        1,
        2,
        1,
        0,
        1,
        3,
        2,
        4,
        0,
        3,
        2,
        1,
        0
    ],
    "makespan": 853,
    "normalized_makespan": 0.09776987718164189,
    "energy": 3103,
    "normalized_energy": 0.6446348429212566,
    "tardiness": 1168,
    "normalized_tardiness": 0.1814791796146675,
    "bestObjectiveFunction": 0.923883899717566,
    "tiempo_por_iteracion": 0.5846268551065288
}