{
    "bestSolution": [
        1,
        0,
        3,
        0,
        1,
        1,
        1,
        0,
        4,
        0,
        4,
        4,
        4,
        0,
        4,
        0,
        0,
        2,
        3,
        0,
        4,
        4,
        3,
        4,
        4,
        4,
        0,
        0,
        0,
        3,
        1,
        2,
        1,
        0,
        2,
        4,
        2,
        0,
        0,
        4,
        0,
        1,
        3,
        4,
        1,
        0,
        0,
        0,
        4,
        4,
        0,
        0,
        0,
        0,
        2,
        4,
        3,
        4,
        0,
        0,
        1,
        1,
        3,
        1,
        4,
        0,
        1,
        0,
        4,
        3,
        2,
        4,
        3,
        0,
        3,
        0,
        0,
        0,
        1,
        0,
        0,
        3,
        0,
        0,
        2,
        0,
        3,
        0,
        3,
        4,
        1,
        4,
        4,
        0,
        0,
        0,
        3,
        0,
        2,
        2,
        2,
        4,
        4,
        0,
        3,
        4,
        2,
        0,
        2,
        4,
        0,
        0,
        3,
        0,
        2,
        4,
        0,
        0,
        3,
        0,
        4,
        0,
        3,
        4,
        1,
        3,
        2,
        0,
        0,
        0,
        3,
        4,
        2,
        0,
        4,
        1,
        4,
        0,
        4,
        0,
        0,
        3,
        3,
        3,
        2,
        0,
        1,
        0,
        0,
        4,
        2,
        4,
        4,
        4,
        3,
        4,
        1,
        4,
        2,
        4,
        3,
        0,
        2,
        0,
        1,
        0,
        4,
        2,
        4,
        4,
        0,
        0,
        4,
        3,
        1,
        4,
        2,
        2,
        1,
        2,
        1,
        4,
        1,
        4,
        1,
        1,
        0,
        4,
        2,
        0,
        3,
        3,
        1,
        0,
        4,
        4,
        2,
        0,
        2,
        4
    ],
    "makespan": 504,
    "normalized_makespan": 0.18157181571815717,
    "energy": 8614,
    "normalized_energy": 0.3572815533980582,
    "tardiness": 0,
    "normalized_tardiness": 0,
    "bestObjectiveFunction": 0.5388533691162154,
    "tiempo_por_iteracion": 1.7156939545615775
}