{
    "bestSolution": [
        7,
        2,
        15,
        0,
        5,
        2,
        1,
        1,
        12,
        2,
        16,
        2,
        13,
        1,
        10,
        2,
        16,
        1,
        17,
        2,
        0,
        1,
        18,
        2,
        17,
        1,
        3,
        1,
        3,
        2,
        14,
        2,
        11,
        1,
        6,
        0,
        5,
        0,
        2,
        2,
        0,
        1,
        4,
        1,
        1,
        1,
        12,
        1,
        15,
        2,
        12,
        1,
        8,
        1,
        3,
        1,
        9,
        1,
        10,
        2,
        14,
        1,
        11,
        1,
        15,
        1,
        3,
        2,
        11,
        1,
        9,
        2,
        5,
        2,
        7,
        1,
        3,
        1,
        1,
        0,
        2,
        1,
        8,
        2,
        19,
        2,
        0,
        2,
        12,
        0,
        18,
        2,
        19,
        2,
        0,
        0,
        14,
        2,
        6,
        2,
        13,
        2,
        10,
        2,
        1,
        1,
        14,
        1,
        9,
        2,
        6,
        2,
        16,
        1,
        4,
        2,
        8,
        1,
        13,
        2,
        17,
        2,
        16,
        1,
        11,
        2,
        2,
        0,
        18,
        2,
        1,
        1,
        4,
        2,
        13,
        1,
        5,
        2,
        17,
        2,
        16,
        1,
        8,
        2,
        15,
        1,
        4,
        2,
        17,
        2,
        9,
        1,
        0,
        1,
        2,
        2,
        10,
        2,
        7,
        2,
        19,
        2,
        14,
        2,
        11,
        2,
        10,
        2,
        6,
        2,
        2,
        2,
        18,
        2,
        19,
        1,
        18,
        0,
        4,
        1,
        7,
        1,
        19,
        2,
        15,
        1,
        12,
        1,
        13,
        1,
        9,
        2,
        5,
        1,
        8,
        2,
        6,
        2,
        7,
        0
    ],
    "makespan": 206,
    "normalized_makespan": 0.07195174493752693,
    "energy": 9456,
    "normalized_energy": 0.9090909090909091,
    "tardiness": 398,
    "normalized_tardiness": 0.16864406779661018,
    "bestObjectiveFunction": 1.1496867218250462,
    "tiempo_por_iteracion": 1.9226837228326237
}