{
    "bestSolution": [
        12,
        2,
        15,
        1,
        17,
        0,
        1,
        1,
        12,
        1,
        16,
        0,
        5,
        2,
        10,
        2,
        12,
        0,
        3,
        2,
        13,
        0,
        14,
        0,
        18,
        0,
        16,
        0,
        17,
        1,
        6,
        0,
        11,
        0,
        3,
        2,
        3,
        2,
        4,
        1,
        1,
        1,
        8,
        2,
        17,
        1,
        9,
        0,
        19,
        0,
        18,
        2,
        2,
        2,
        0,
        2,
        0,
        2,
        5,
        0,
        10,
        1,
        4,
        2,
        8,
        1,
        9,
        2,
        2,
        1,
        9,
        2,
        11,
        2,
        4,
        2,
        19,
        0,
        13,
        0,
        14,
        1,
        17,
        1,
        6,
        2,
        13,
        1,
        7,
        1,
        19,
        0,
        10,
        2,
        3,
        0,
        12,
        0,
        13,
        0,
        11,
        0,
        7,
        2,
        2,
        0,
        0,
        2,
        17,
        2,
        1,
        1,
        2,
        1,
        11,
        2,
        6,
        0,
        18,
        1,
        14,
        0,
        5,
        0,
        14,
        0,
        15,
        0,
        11,
        1,
        15,
        0,
        2,
        1,
        7,
        0,
        9,
        2,
        6,
        2,
        1,
        0,
        19,
        2,
        16,
        0,
        0,
        0,
        5,
        0,
        16,
        0,
        6,
        2,
        3,
        2,
        7,
        0,
        12,
        1,
        4,
        2,
        18,
        1,
        8,
        1,
        10,
        0,
        19,
        0,
        15,
        1,
        0,
        0,
        15,
        1,
        7,
        0,
        8,
        0,
        8,
        1,
        10,
        2,
        1,
        1,
        18,
        1,
        4,
        1,
        14,
        0,
        5,
        0,
        9,
        0,
        13,
        0,
        16,
        1
    ],
    "makespan": 261,
    "normalized_makespan": 0.0956484274019819,
    "energy": 9053,
    "normalized_energy": 0.6564263322884013,
    "tardiness": 855,
    "normalized_tardiness": 0.3622881355932203,
    "bestObjectiveFunction": 1.1143628952836035,
    "tiempo_por_iteracion": 1.0829183838584207
}