{
    "bestSolution": [
        9,
        0,
        17,
        0,
        1,
        0,
        16,
        0,
        9,
        0,
        1,
        0,
        8,
        0,
        4,
        0,
        10,
        0,
        8,
        0,
        15,
        0,
        16,
        0,
        1,
        0,
        1,
        0,
        11,
        0,
        11,
        0,
        15,
        0,
        9,
        0,
        13,
        0,
        13,
        0,
        1,
        0,
        6,
        0,
        6,
        0,
        16,
        0,
        3,
        0,
        15,
        0,
        6,
        0,
        16,
        0,
        4,
        0,
        11,
        0,
        5,
        0,
        8,
        0,
        9,
        0,
        6,
        0,
        13,
        0,
        19,
        0,
        12,
        0,
        3,
        0,
        14,
        0,
        0,
        0,
        10,
        0,
        11,
        0,
        16,
        0,
        2,
        0,
        19,
        0,
        13,
        0,
        6,
        0,
        11,
        0,
        9,
        0,
        17,
        0,
        10,
        0,
        13,
        0,
        0,
        0,
        12,
        0,
        7,
        0,
        0,
        0,
        14,
        0,
        3,
        0,
        10,
        0,
        3,
        0,
        4,
        0,
        18,
        0,
        5,
        0,
        18,
        0,
        12,
        0,
        8,
        0,
        4,
        0,
        4,
        0,
        7,
        0,
        15,
        0,
        2,
        0,
        5,
        0,
        7,
        0,
        12,
        0,
        8,
        0,
        18,
        0,
        3,
        0,
        19,
        0,
        18,
        0,
        14,
        0,
        19,
        0,
        5,
        0,
        2,
        0,
        15,
        0,
        19,
        0,
        18,
        0,
        0,
        0,
        7,
        0,
        10,
        0,
        14,
        0,
        2,
        0,
        17,
        0,
        5,
        0,
        12,
        0,
        14,
        0,
        17,
        0,
        7,
        0,
        2,
        0,
        0,
        0,
        17,
        0
    ],
    "makespan": 790,
    "normalized_makespan": 0.19951840385276917,
    "energy": 7334,
    "normalized_energy": 0,
    "tardiness": 2019,
    "normalized_tardiness": 0.6477382098171318,
    "bestObjectiveFunction": 0.847256613669901,
    "tiempo_por_iteracion": 0.8906883307865687
}