{
    "bestSolution": [
        2,
        1,
        4,
        0,
        9,
        0,
        7,
        0,
        8,
        0,
        6,
        0,
        7,
        0,
        6,
        0,
        4,
        0,
        1,
        1,
        9,
        1,
        7,
        0,
        5,
        0,
        3,
        0,
        6,
        1,
        9,
        0,
        1,
        0,
        3,
        2,
        0,
        0,
        6,
        1,
        6,
        0,
        5,
        0,
        2,
        0,
        4,
        0,
        0,
        0,
        2,
        0,
        9,
        0,
        2,
        0,
        5,
        0,
        3,
        0,
        8,
        0,
        7,
        0,
        3,
        2,
        7,
        0,
        1,
        1,
        8,
        0,
        1,
        0,
        2,
        0,
        4,
        0,
        8,
        0,
        0,
        0,
        1,
        0,
        8,
        0,
        5,
        0,
        9,
        2,
        0,
        0,
        3,
        0,
        0,
        0,
        4,
        1,
        5,
        0
    ],
    "makespan": 1585,
    "normalized_makespan": 0.21651043241608708,
    "energy": 1862,
    "normalized_energy": 0.17107371794871795,
    "tardiness": 0,
    "normalized_tardiness": 0,
    "bestObjectiveFunction": 0.38758415036480504,
    "tiempo_por_iteracion": 0.6899754941463471
}