{
    "bestSolution": [
        18,
        2,
        16,
        0,
        4,
        0,
        14,
        4,
        15,
        4,
        15,
        1,
        14,
        0,
        12,
        2,
        9,
        2,
        10,
        3,
        6,
        1,
        3,
        1,
        0,
        1,
        15,
        3,
        8,
        2,
        2,
        2,
        9,
        4,
        8,
        0,
        9,
        0,
        13,
        0,
        19,
        4,
        10,
        0,
        7,
        2,
        5,
        4,
        12,
        4,
        18,
        4,
        11,
        4,
        1,
        1,
        5,
        3,
        2,
        4,
        5,
        4,
        18,
        1,
        3,
        3,
        13,
        1,
        15,
        1,
        11,
        4,
        10,
        2,
        12,
        3,
        4,
        4,
        9,
        4,
        19,
        4,
        19,
        4,
        8,
        2,
        13,
        4,
        18,
        4,
        17,
        1,
        10,
        2,
        7,
        3,
        7,
        4,
        2,
        2,
        11,
        0,
        5,
        4,
        0,
        4,
        19,
        2,
        13,
        4,
        17,
        0,
        0,
        4,
        19,
        0,
        5,
        4,
        8,
        4,
        14,
        2,
        13,
        3,
        2,
        0,
        2,
        3,
        17,
        1,
        14,
        0,
        11,
        3,
        3,
        3,
        17,
        0,
        8,
        4,
        17,
        4,
        1,
        1,
        6,
        0,
        16,
        4,
        0,
        1,
        0,
        4,
        3,
        2,
        12,
        2,
        4,
        2,
        12,
        3,
        18,
        4,
        16,
        3,
        16,
        4,
        15,
        4,
        10,
        1,
        6,
        3,
        16,
        0,
        1,
        4,
        6,
        1,
        14,
        1,
        4,
        2,
        11,
        2,
        6,
        1,
        3,
        4,
        9,
        2,
        7,
        2,
        1,
        2,
        1,
        1,
        7,
        4,
        4,
        4
    ],
    "makespan": 267,
    "normalized_makespan": 0.08091366627951994,
    "energy": 9235,
    "normalized_energy": 0.8070913461538461,
    "tardiness": 661,
    "normalized_tardiness": 0.2502839833396441,
    "bestObjectiveFunction": 1.13828899577301,
    "tiempo_por_iteracion": 2.3205738152776445
}