{
    "bestSolution": [
        4,
        0,
        2,
        1,
        4,
        2,
        2,
        1,
        1,
        4,
        0,
        0,
        2,
        0,
        3,
        1,
        4,
        4,
        3,
        0,
        0,
        3,
        1,
        0,
        4,
        1,
        3,
        4,
        3,
        0,
        2,
        2,
        1,
        1,
        0,
        0,
        2,
        0,
        3,
        2,
        0,
        2,
        4,
        0,
        2,
        1,
        2,
        1,
        1,
        0,
        4,
        2,
        0,
        0,
        1,
        2,
        3,
        0,
        1,
        0,
        1,
        0,
        2,
        0,
        1,
        0,
        2,
        0,
        4,
        0,
        4,
        0,
        0,
        4,
        3,
        0,
        0,
        0,
        0,
        0,
        0,
        4,
        0,
        1,
        3,
        1,
        1,
        0,
        4,
        2,
        1,
        0,
        3,
        0,
        2,
        0,
        4,
        0,
        3,
        1
    ],
    "makespan": 1045,
    "normalized_makespan": 0.14438693557023025,
    "energy": 2611,
    "normalized_energy": 0.3673913043478261,
    "tardiness": 0,
    "normalized_tardiness": 0,
    "bestObjectiveFunction": 0.5117782399180564,
    "tiempo_por_iteracion": 0.7523377789391412
}