{
    "bestSolution": [
        1,
        0,
        1,
        2,
        3,
        1,
        4,
        2,
        2,
        2,
        1,
        1,
        1,
        1,
        1,
        1,
        4,
        2,
        2,
        1,
        4,
        1,
        1,
        2,
        4,
        2,
        0,
        2,
        4,
        0,
        2,
        2,
        4,
        2,
        2,
        0,
        2,
        1,
        4,
        0,
        4,
        1,
        3,
        1,
        3,
        0,
        2,
        2,
        0,
        1,
        3,
        2,
        1,
        0,
        2,
        1,
        0,
        2,
        4,
        2,
        2,
        2,
        1,
        0,
        0,
        1,
        0,
        2,
        4,
        2,
        3,
        2,
        2,
        1,
        1,
        0,
        4,
        1,
        2,
        1,
        0,
        1,
        3,
        0,
        1,
        1,
        3,
        2,
        2,
        1,
        2,
        0,
        1,
        2,
        3,
        1,
        3,
        2,
        4,
        1,
        4,
        0,
        0,
        1,
        0,
        0,
        2,
        2,
        1,
        0,
        0,
        2,
        3,
        1,
        4,
        0,
        3,
        2,
        3,
        1,
        0,
        1,
        3,
        1,
        2,
        0,
        0,
        0,
        1,
        0,
        2,
        0,
        0,
        1,
        2,
        0,
        3,
        2,
        0,
        0,
        4,
        1,
        3,
        1,
        1,
        0,
        0,
        1,
        2,
        1,
        4,
        2,
        3,
        0,
        2,
        2,
        1,
        0,
        3,
        2,
        0,
        2,
        1,
        2,
        4,
        0,
        3,
        0,
        4,
        1,
        0,
        2,
        2,
        0,
        0,
        0,
        4,
        0,
        3,
        2,
        1,
        0,
        0,
        1,
        1,
        0,
        3,
        1,
        2,
        2,
        0,
        1,
        1,
        2,
        1,
        1,
        4,
        2,
        0,
        2
    ],
    "makespan": 252,
    "normalized_makespan": 0.06775067750677506,
    "energy": 9236,
    "normalized_energy": 0.7598705501618123,
    "tardiness": 495,
    "normalized_tardiness": 0.21373056994818654,
    "bestObjectiveFunction": 1.0413517976167739,
    "tiempo_por_iteracion": 1.5108350967538768
}