{
    "bestSolution": [
        4,
        0,
        2,
        0,
        1,
        0,
        4,
        0,
        3,
        0,
        4,
        0,
        0,
        0,
        0,
        0,
        0,
        0,
        1,
        0,
        3,
        0,
        2,
        0,
        4,
        0,
        1,
        0,
        3,
        0,
        2,
        0,
        3,
        0,
        3,
        0,
        0,
        0,
        2,
        0,
        0,
        0,
        4,
        0,
        2,
        0,
        1,
        0,
        1,
        0
    ],
    "makespan": 376,
    "normalized_makespan": 0.3522935779816514,
    "energy": 1866,
    "normalized_energy": 0,
    "tardiness": 21,
    "normalized_tardiness": 0.02880658436213992,
    "bestObjectiveFunction": 0.3811001623437913,
    "tiempo_por_iteracion": 0.17370474626278054
}