{
    "status": "SATISFIED",
    "solution": {
        "objective": 0.4771221102175907,
        "start_time": [
            [
                160,
                60,
                276,
                219,
                135
            ],
            [
                361,
                248,
                40,
                166,
                103
            ],
            [
                203,
                0,
                169,
                58,
                229
            ],
            [
                187,
                290,
                90,
                21,
                209
            ],
            [
                229,
                90,
                140,
                0,
                169
            ]
        ],
        "SpeedScaling": [
            [
                1,
                1,
                1,
                1,
                1
            ],
            [
                1,
                1,
                1,
                1,
                1
            ],
            [
                1,
                1,
                1,
                1,
                1
            ],
            [
                1,
                1,
                1,
                1,
                1
            ],
            [
                1,
                1,
                1,
                1,
                1
            ]
        ],
        "_output_item": "Objective function normalized: M-0.352293577981651 + E-0.0 + T-0.1248285322359396 = 0.4771221102175907 \nObjective function: M-376.0 + E-1866.0 + T-91.0 = 0.4771221102175907 \nStart Times: [160, 60, 276, 219, 135, 361, 248, 40, 166, 103, 203, 0, 169, 58, 229, 187, 290, 90, 21, 209, 229, 90, 140, 0, 169]\nSpeed Scaling; [1, 1, 1, 1, 1, 1, 1, 1, 1, 1, 1, 1, 1, 1, 1, 1, 1, 1, 1, 1, 1, 1, 1, 1, 1]\n",
        "_checker": ""
    },
    "statistics": {
        "paths": 0,
        "flatBoolVars": 100,
        "flatIntVars": 126,
        "flatFloatVars": 28,
        "flatBoolConstraints": 50,
        "flatIntConstraints": 251,
        "flatFloatConstraints": 28,
        "evaluatedHalfReifiedConstraints": 100,
        "method": "minimize",
        "flatTime": 51.515,
        "time": 10134.0,
        "initTime": 1.9889999999999999,
        "solveTime": 100854.0,
        "solutions": 9,
        "variables": 226,
        "propagators": 329,
        "propagations": 1019375862,
        "nodes": 276593085,
        "failures": 138296509,
        "restarts": 0,
        "peakDepth": 40,
        "nSolutions": 9
    }
}