{
    "bestSolution": [
        1,
        3,
        3,
        1,
        6,
        3,
        0,
        3,
        5,
        2,
        1,
        3,
        1,
        2,
        6,
        1,
        9,
        4,
        7,
        2,
        4,
        1,
        2,
        4,
        9,
        4,
        3,
        3,
        0,
        2,
        2,
        1,
        2,
        4,
        4,
        4,
        7,
        2,
        6,
        1,
        0,
        2,
        9,
        4,
        0,
        3,
        3,
        3,
        1,
        1,
        7,
        1,
        8,
        2,
        5,
        4,
        6,
        2,
        9,
        2,
        9,
        1,
        0,
        0,
        1,
        4,
        7,
        1,
        5,
        4,
        8,
        4,
        4,
        1,
        3,
        1,
        7,
        1,
        2,
        1,
        5,
        1,
        2,
        4,
        8,
        1,
        3,
        4,
        8,
        2,
        4,
        4,
        8,
        1,
        5,
        4,
        6,
        1,
        4,
        4
    ],
    "makespan": 494,
    "normalized_makespan": 0.043662344535591424,
    "energy": 3405,
    "normalized_energy": 0.8386446147640177,
    "tardiness": 442,
    "normalized_tardiness": 0.05723905723905724,
    "bestObjectiveFunction": 0.9395460165386663,
    "tiempo_por_iteracion": 0.8750968599972659
}