{
    "bestSolution": [
        8,
        0,
        4,
        0,
        7,
        0,
        6,
        0,
        4,
        0,
        9,
        0,
        8,
        0,
        9,
        0,
        1,
        0,
        6,
        0,
        8,
        0,
        7,
        0,
        9,
        0,
        2,
        0,
        6,
        0,
        7,
        0,
        5,
        0,
        8,
        0,
        0,
        0,
        5,
        0,
        2,
        0,
        1,
        0,
        8,
        0,
        9,
        0,
        3,
        0,
        9,
        0,
        2,
        0,
        6,
        0,
        1,
        0,
        4,
        0,
        6,
        0,
        0,
        0,
        3,
        0,
        2,
        0,
        3,
        0,
        5,
        0,
        3,
        0,
        7,
        0,
        4,
        0,
        4,
        0,
        1,
        0,
        5,
        0,
        2,
        0,
        0,
        0,
        1,
        0,
        5,
        0,
        0,
        0,
        7,
        0,
        0,
        0,
        3,
        0
    ],
    "makespan": 425,
    "normalized_makespan": 0.14996496145760335,
    "energy": 3605,
    "normalized_energy": 0,
    "tardiness": 8,
    "normalized_tardiness": 0.004884004884004884,
    "bestObjectiveFunction": 0.15484896634160825,
    "tiempo_por_iteracion": 0.24207269117749972
}