{
    "bestSolution": [
        8,
        2,
        6,
        4,
        7,
        1,
        8,
        4,
        3,
        2,
        6,
        1,
        1,
        3,
        0,
        2,
        0,
        1,
        8,
        3,
        3,
        2,
        7,
        4,
        6,
        4,
        5,
        1,
        0,
        4,
        2,
        2,
        8,
        4,
        9,
        2,
        7,
        1,
        7,
        1,
        8,
        4,
        5,
        3,
        3,
        3,
        2,
        1,
        1,
        3,
        0,
        2,
        9,
        2,
        4,
        3,
        6,
        1,
        2,
        4,
        3,
        3,
        7,
        1,
        4,
        4,
        9,
        3,
        5,
        1,
        1,
        1,
        3,
        3,
        8,
        2,
        8,
        2,
        1,
        3,
        8,
        2,
        7,
        2,
        9,
        3,
        5,
        2,
        7,
        3,
        0,
        2,
        6,
        2,
        1,
        3,
        7,
        3,
        9,
        1,
        0,
        4,
        1,
        4,
        5,
        2,
        6,
        0,
        6,
        3,
        5,
        1,
        0,
        2,
        9,
        2,
        5,
        4,
        5,
        1,
        1,
        3,
        1,
        3,
        3,
        1,
        4,
        2,
        8,
        2,
        4,
        0,
        3,
        4,
        2,
        2,
        0,
        2,
        6,
        2,
        9,
        2,
        4,
        3,
        7,
        2,
        9,
        1,
        2,
        3,
        5,
        4,
        0,
        4,
        4,
        1,
        4,
        2,
        2,
        2,
        2,
        4,
        8,
        3,
        1,
        2,
        9,
        1,
        4,
        2,
        6,
        1,
        6,
        2,
        0,
        3,
        3,
        0,
        3,
        1,
        4,
        3,
        9,
        3,
        2,
        2,
        2,
        2,
        7,
        2,
        5,
        2,
        4,
        1,
        3,
        4,
        1,
        3,
        2,
        2
    ],
    "makespan": 250,
    "normalized_makespan": 0.06548739179525781,
    "energy": 9323,
    "normalized_energy": 0.877693651718113,
    "tardiness": 428,
    "normalized_tardiness": 0.1566044639590194,
    "bestObjectiveFunction": 1.0997855074723901,
    "tiempo_por_iteracion": 1.9361250194219441
}