{
    "bestSolution": [
        2,
        0,
        5,
        2,
        7,
        0,
        2,
        2,
        0,
        0,
        7,
        0,
        2,
        0,
        1,
        0,
        6,
        0,
        2,
        0,
        0,
        0,
        6,
        0,
        3,
        0,
        5,
        0,
        9,
        0,
        1,
        0,
        1,
        0,
        8,
        0,
        3,
        1,
        6,
        0,
        4,
        0,
        6,
        0,
        3,
        0,
        7,
        0,
        5,
        0,
        8,
        0,
        3,
        0,
        9,
        0,
        4,
        0,
        9,
        1,
        7,
        0,
        8,
        0,
        4,
        0,
        5,
        0,
        1,
        0,
        9,
        1,
        3,
        0,
        5,
        2,
        9,
        0,
        1,
        0,
        8,
        0,
        0,
        0,
        6,
        1,
        4,
        0,
        4,
        0,
        7,
        0,
        0,
        1,
        8,
        0,
        0,
        0,
        2,
        0
    ],
    "makespan": 398,
    "normalized_makespan": 0.27225130890052357,
    "energy": 3945,
    "normalized_energy": 0.05414746543778802,
    "tardiness": 0,
    "normalized_tardiness": 0,
    "bestObjectiveFunction": 0.3263987743383116,
    "tiempo_por_iteracion": 0.42454733993067884
}