{
    "bestSolution": [
        6,
        4,
        1,
        0,
        3,
        0,
        3,
        0,
        1,
        0,
        4,
        1,
        9,
        0,
        7,
        0,
        2,
        4,
        8,
        2,
        4,
        0,
        6,
        0,
        1,
        3,
        8,
        0,
        7,
        1,
        1,
        4,
        9,
        3,
        1,
        2,
        5,
        1,
        3,
        0,
        4,
        0,
        9,
        3,
        3,
        0,
        0,
        1,
        9,
        0,
        6,
        0,
        3,
        0,
        0,
        0,
        5,
        1,
        3,
        0,
        5,
        0,
        1,
        0,
        9,
        0,
        0,
        1,
        6,
        2,
        8,
        0,
        7,
        0,
        5,
        2,
        0,
        0,
        6,
        1,
        1,
        0,
        0,
        0,
        4,
        0,
        9,
        0,
        5,
        0,
        8,
        4,
        3,
        3,
        5,
        0,
        4,
        1,
        2,
        0,
        2,
        0,
        5,
        0,
        2,
        0,
        9,
        4,
        8,
        4,
        0,
        0,
        6,
        0,
        6,
        0,
        7,
        1,
        1,
        0,
        3,
        0,
        0,
        1,
        7,
        0,
        7,
        2,
        2,
        1,
        8,
        2,
        9,
        3,
        2,
        4,
        8,
        0,
        6,
        2,
        4,
        1,
        1,
        3,
        6,
        0,
        3,
        1,
        7,
        2,
        4,
        0,
        7,
        0,
        9,
        0,
        0,
        3,
        7,
        2,
        4,
        4,
        2,
        0,
        8,
        0,
        4,
        0,
        8,
        0,
        7,
        0,
        2,
        1,
        0,
        2,
        0,
        1,
        6,
        0,
        1,
        0,
        4,
        2,
        5,
        1,
        5,
        1,
        9,
        0,
        3,
        3,
        8,
        4,
        5,
        0,
        2,
        1,
        2,
        1
    ],
    "makespan": 416,
    "normalized_makespan": 0.14559543230016314,
    "energy": 8392,
    "normalized_energy": 0.2929171668667467,
    "tardiness": 0,
    "normalized_tardiness": 0,
    "bestObjectiveFunction": 0.4385125991669098,
    "tiempo_por_iteracion": 1.11927549131624
}