{
    "bestSolution": [
        5,
        0,
        4,
        0,
        4,
        0,
        3,
        0,
        7,
        0,
        1,
        0,
        0,
        0,
        6,
        0,
        3,
        0,
        2,
        0,
        8,
        0,
        1,
        0,
        4,
        0,
        3,
        0,
        6,
        0,
        1,
        0,
        4,
        0,
        9,
        0,
        5,
        0,
        0,
        0,
        2,
        0,
        7,
        0,
        3,
        0,
        8,
        0,
        7,
        0,
        0,
        0,
        3,
        0,
        3,
        0,
        6,
        0,
        8,
        0,
        1,
        0,
        0,
        0,
        8,
        0,
        5,
        0,
        6,
        0,
        4,
        0,
        2,
        0,
        2,
        0,
        4,
        0,
        9,
        0,
        1,
        0,
        4,
        0,
        7,
        0,
        1,
        0,
        8,
        0,
        7,
        0,
        5,
        0,
        2,
        0,
        9,
        0,
        4,
        0,
        6,
        0,
        3,
        0,
        9,
        0,
        7,
        0,
        8,
        0,
        1,
        0,
        0,
        0,
        3,
        0,
        2,
        0,
        8,
        0,
        3,
        0,
        9,
        0,
        4,
        0,
        5,
        0,
        0,
        0,
        6,
        0,
        4,
        0,
        6,
        0,
        3,
        0,
        2,
        0,
        5,
        0,
        2,
        0,
        0,
        0,
        8,
        0,
        1,
        0,
        9,
        0,
        9,
        0,
        6,
        0,
        7,
        0,
        9,
        0,
        1,
        0,
        5,
        0,
        0,
        0,
        9,
        0,
        6,
        0,
        2,
        0,
        8,
        0,
        0,
        0,
        6,
        0,
        0,
        0,
        5,
        0,
        8,
        0,
        2,
        0,
        9,
        0,
        1,
        0,
        7,
        0,
        5,
        0,
        7,
        0,
        5,
        0,
        7,
        0
    ],
    "makespan": 782,
    "normalized_makespan": 0.144608727010458,
    "energy": 7308,
    "normalized_energy": 0,
    "tardiness": 254,
    "normalized_tardiness": 0.08053265694356374,
    "bestObjectiveFunction": 0.22514138395402172,
    "tiempo_por_iteracion": 0.799618985503912
}