{
    "status": "OPTIMAL_SOLUTION",
    "solution": {
        "objective": 0.3327868852459014,
        "start_time": [
            [
                31,
                13,
                0,
                32,
                51
            ],
            [
                32,
                52,
                189,
                0,
                72
            ],
            [
                206,
                198,
                95,
                226,
                220
            ],
            [
                235,
                93,
                226,
                216,
                215
            ],
            [
                93,
                81,
                13,
                71,
                107
            ]
        ],
        "SpeedScaling": [
            [
                1,
                1,
                1,
                1,
                1
            ],
            [
                1,
                1,
                1,
                1,
                1
            ],
            [
                1,
                1,
                1,
                1,
                1
            ],
            [
                1,
                1,
                1,
                1,
                1
            ],
            [
                1,
                1,
                1,
                1,
                1
            ]
        ],
        "_output_item": "Objective function: 0.3327868852459017 + -3.05311331771918e-16 = 0.3327868852459014 \nObjective function : M-236.0 + E-1999.0 = 0.3327868852459014 \nStart Times: [31, 13, 0, 32, 51, 32, 52, 189, 0, 72, 206, 198, 95, 226, 220, 235, 93, 226, 216, 215, 93, 81, 13, 71, 107]\nSpeed Scaling; [1, 1, 1, 1, 1, 1, 1, 1, 1, 1, 1, 1, 1, 1, 1, 1, 1, 1, 1, 1, 1, 1, 1, 1, 1]\n",
        "_checker": ""
    },
    "statistics": {
        "paths": 0,
        "flatIntVars": 286,
        "flatFloatVars": 26,
        "flatIntConstraints": 339,
        "flatFloatConstraints": 26,
        "evaluatedHalfReifiedConstraints": 100,
        "method": "minimize",
        "flatTime": 84.104,
        "objective": 0.332786885246,
        "objectiveBound": 0.332786885246,
        "nodes": 203,
        "openNodes": 29,
        "solveTime": 47.0,
        "time": 143.0,
        "nSolutions": 6
    }
}