{
    "bestSolution": [
        2,
        0,
        3,
        0,
        2,
        1,
        4,
        0,
        3,
        1,
        1,
        0,
        0,
        0,
        1,
        2,
        1,
        0,
        2,
        0,
        2,
        0,
        3,
        0,
        1,
        0,
        2,
        0,
        4,
        0,
        4,
        0,
        3,
        0,
        4,
        0,
        3,
        2,
        0,
        0,
        0,
        0,
        4,
        2,
        0,
        0,
        0,
        0,
        1,
        0
    ],
    "makespan": 224,
    "normalized_makespan": 0.31311475409836065,
    "energy": 2070,
    "normalized_energy": 0.17929292929292928,
    "tardiness": 0,
    "normalized_tardiness": 0,
    "bestObjectiveFunction": 0.49240768339128993,
    "tiempo_por_iteracion": 0.6583504967573213
}