{
    "bestSolution": [
        2,
        1,
        3,
        1,
        1,
        1,
        3,
        1,
        2,
        0,
        3,
        0,
        4,
        2,
        1,
        2,
        0,
        2,
        4,
        1,
        1,
        0,
        2,
        2,
        3,
        1,
        2,
        1,
        0,
        1,
        4,
        0,
        3,
        0,
        2,
        1,
        1,
        0,
        4,
        1,
        0,
        0,
        0,
        0,
        4,
        0,
        1,
        0,
        0,
        0
    ],
    "makespan": 571,
    "normalized_makespan": 0.1079289313179528,
    "energy": 1327,
    "normalized_energy": 0.5476381104883907,
    "tardiness": 603,
    "normalized_tardiness": 0.15324015247776365,
    "bestObjectiveFunction": 0.8088071942841072,
    "tiempo_por_iteracion": 0.42279258039262557
}