{
    "bestSolution": [
        7,
        0,
        9,
        0,
        5,
        0,
        7,
        0,
        6,
        0,
        2,
        0,
        2,
        0,
        9,
        0,
        1,
        0,
        6,
        0,
        9,
        0,
        3,
        0,
        2,
        0,
        8,
        0,
        3,
        0,
        5,
        0,
        1,
        0,
        5,
        0,
        0,
        0,
        9,
        0,
        0,
        0,
        8,
        0,
        9,
        0,
        2,
        0,
        4,
        0,
        7,
        0,
        5,
        0,
        3,
        0,
        4,
        0,
        5,
        0,
        1,
        0,
        6,
        0,
        7,
        0,
        3,
        0,
        0,
        0,
        0,
        0,
        8,
        0,
        3,
        0,
        7,
        0,
        4,
        0,
        8,
        0,
        6,
        0,
        4,
        0,
        2,
        0,
        6,
        0,
        0,
        0,
        1,
        0,
        8,
        0,
        1,
        0,
        4,
        0
    ],
    "makespan": 441,
    "normalized_makespan": 0.16440314510364545,
    "energy": 3648,
    "normalized_energy": 0,
    "tardiness": 18,
    "normalized_tardiness": 0.011180124223602485,
    "bestObjectiveFunction": 0.17558326932724794,
    "tiempo_por_iteracion": 0.4749143527725996
}