{
    "bestSolution": [
        0,
        0,
        4,
        0,
        1,
        0,
        1,
        0,
        3,
        0,
        1,
        0,
        4,
        0,
        3,
        0,
        2,
        0,
        1,
        0,
        4,
        0,
        3,
        0,
        2,
        0,
        2,
        0,
        3,
        0,
        0,
        0,
        3,
        0,
        2,
        0,
        1,
        0,
        4,
        0,
        2,
        0,
        4,
        0,
        4,
        0,
        0,
        0,
        4,
        0,
        1,
        0,
        3,
        0,
        2,
        0,
        4,
        0,
        0,
        0,
        0,
        0,
        3,
        0,
        3,
        0,
        3,
        0,
        4,
        0,
        4,
        0,
        0,
        0,
        0,
        0,
        1,
        0,
        2,
        0,
        1,
        0,
        0,
        0,
        3,
        0,
        1,
        0,
        0,
        0,
        2,
        0,
        4,
        0,
        3,
        0,
        3,
        0,
        2,
        0,
        1,
        0,
        1,
        0,
        0,
        0,
        4,
        0,
        2,
        0,
        0,
        0,
        4,
        0,
        4,
        0,
        4,
        0,
        1,
        0,
        0,
        0,
        3,
        0,
        0,
        0,
        1,
        0,
        2,
        0,
        2,
        0,
        0,
        0,
        3,
        0,
        2,
        0,
        2,
        0,
        1,
        0,
        0,
        0,
        0,
        0,
        4,
        0,
        0,
        0,
        4,
        0,
        3,
        0,
        2,
        0,
        3,
        0,
        0,
        0,
        2,
        0,
        4,
        0,
        1,
        0,
        4,
        0,
        1,
        0,
        1,
        0,
        3,
        0,
        1,
        0,
        0,
        0,
        2,
        0,
        1,
        0,
        3,
        0,
        2,
        0,
        3,
        0,
        4,
        0,
        2,
        0,
        2,
        0,
        1,
        0,
        3,
        0,
        0,
        0
    ],
    "makespan": 902,
    "normalized_makespan": 0.044444444444444446,
    "energy": 7062,
    "normalized_energy": 0,
    "tardiness": 0,
    "normalized_tardiness": 0.0,
    "bestObjectiveFunction": 0.044444444444444446,
    "tiempo_por_iteracion": 0.8560805254512363
}