{
    "bestSolution": [
        4,
        1,
        7,
        2,
        1,
        1,
        2,
        0,
        8,
        2,
        8,
        1,
        0,
        0,
        7,
        0,
        3,
        0,
        6,
        0,
        5,
        2,
        2,
        0,
        0,
        0,
        0,
        1,
        8,
        1,
        5,
        0,
        1,
        0,
        3,
        1,
        6,
        0,
        4,
        4,
        3,
        0,
        8,
        0,
        0,
        0,
        2,
        4,
        4,
        0,
        0,
        1,
        5,
        2,
        3,
        0,
        2,
        0,
        1,
        2,
        9,
        1,
        0,
        3,
        7,
        0,
        9,
        0,
        5,
        0,
        5,
        0,
        6,
        2,
        9,
        3,
        7,
        1,
        6,
        0,
        9,
        3,
        4,
        0,
        4,
        0,
        3,
        2,
        2,
        0,
        8,
        1,
        1,
        0,
        9,
        0,
        1,
        1,
        6,
        0,
        9,
        4,
        0,
        2,
        7,
        0,
        8,
        0,
        1,
        0,
        6,
        1,
        4,
        1,
        7,
        3,
        6,
        0,
        0,
        0,
        2,
        0,
        1,
        0,
        8,
        0,
        9,
        0,
        5,
        0,
        4,
        0,
        6,
        4,
        1,
        3,
        0,
        0,
        9,
        0,
        3,
        2,
        3,
        0,
        3,
        0,
        8,
        0,
        5,
        3,
        3,
        3,
        2,
        0,
        5,
        3,
        6,
        0,
        7,
        0,
        5,
        0,
        7,
        0,
        1,
        0,
        9,
        1,
        8,
        0,
        5,
        0,
        3,
        3,
        9,
        0,
        4,
        0,
        7,
        2,
        0,
        0,
        2,
        0,
        2,
        0,
        4,
        1,
        6,
        3,
        1,
        0,
        2,
        1,
        8,
        2,
        4,
        0,
        7,
        0
    ],
    "makespan": 1546,
    "normalized_makespan": 0.0976054732041049,
    "energy": 4533,
    "normalized_energy": 0.3310662132426485,
    "tardiness": 0,
    "normalized_tardiness": 0,
    "bestObjectiveFunction": 0.4286716864467534,
    "tiempo_por_iteracion": 0.9093277965273175
}