{
    "bestSolution": [
        1,
        2,
        4,
        2,
        7,
        1,
        0,
        2,
        3,
        1,
        4,
        1,
        3,
        2,
        6,
        2,
        8,
        1,
        0,
        2,
        1,
        2,
        7,
        1,
        2,
        2,
        5,
        1,
        8,
        1,
        9,
        2,
        8,
        1,
        3,
        1,
        3,
        2,
        5,
        2,
        6,
        2,
        5,
        2,
        2,
        2,
        7,
        1,
        1,
        2,
        9,
        2,
        9,
        1,
        5,
        1,
        4,
        2,
        7,
        2,
        6,
        2,
        6,
        1,
        5,
        2,
        1,
        1,
        1,
        2,
        9,
        1,
        2,
        1,
        4,
        2,
        9,
        1,
        4,
        1,
        2,
        1,
        7,
        1,
        2,
        2,
        2,
        2,
        0,
        1,
        3,
        2,
        9,
        1,
        5,
        1,
        0,
        2,
        8,
        2,
        0,
        1,
        6,
        2,
        8,
        1,
        0,
        2,
        1,
        1,
        3,
        2,
        9,
        1,
        2,
        0,
        7,
        2,
        6,
        2,
        1,
        1,
        9,
        2,
        9,
        2,
        8,
        2,
        0,
        2,
        7,
        1,
        9,
        1,
        8,
        1,
        7,
        2,
        6,
        2,
        6,
        1,
        1,
        1,
        5,
        1,
        4,
        1,
        2,
        2,
        8,
        2,
        3,
        2,
        4,
        2,
        2,
        1,
        2,
        2,
        4,
        2,
        0,
        2,
        1,
        1,
        6,
        1,
        8,
        2,
        0,
        2,
        5,
        2,
        3,
        2,
        3,
        2,
        5,
        1,
        1,
        2,
        0,
        1,
        4,
        1,
        8,
        2,
        6,
        1,
        7,
        2,
        4,
        1,
        5,
        2,
        7,
        1,
        3,
        1
    ],
    "makespan": 813,
    "normalized_makespan": 0.04106522578155152,
    "energy": 7571,
    "normalized_energy": 0.9332257413758321,
    "tardiness": 446,
    "normalized_tardiness": 0.033695980658809306,
    "bestObjectiveFunction": 1.007986947816193,
    "tiempo_por_iteracion": 2.167014998904729
}