{
    "status": "SATISFIED",
    "solution": {
        "objective": 1.18933889265676,
        "start_time": [
            [
                702,
                1017,
                596,
                766,
                269
            ],
            [
                983,
                440,
                367,
                65,
                650
            ],
            [
                50,
                625,
                440,
                884,
                942
            ],
            [
                367,
                766,
                269,
                579,
                40
            ],
            [
                749,
                99,
                65,
                0,
                420
            ]
        ],
        "SpeedScaling": [
            [
                1,
                1,
                1,
                1,
                1
            ],
            [
                1,
                1,
                1,
                1,
                1
            ],
            [
                1,
                1,
                1,
                1,
                1
            ],
            [
                1,
                1,
                1,
                1,
                1
            ],
            [
                1,
                1,
                1,
                1,
                1
            ]
        ],
        "_output_item": "Objective function normalized: M-0.29719387755102 + E-1.07552855510562e-16 + T-0.8921450151057402 = 1.18933889265676 \nObjective function : M-1106.0 + E-828.0 + T-2953.0 = 1.18933889265676 \nStart Times: [702, 1017, 596, 766, 269, 983, 440, 367, 65, 650, 50, 625, 440, 884, 942, 367, 766, 269, 579, 40, 749, 99, 65, 0, 420]\nSpeed Scaling; [1, 1, 1, 1, 1, 1, 1, 1, 1, 1, 1, 1, 1, 1, 1, 1, 1, 1, 1, 1, 1, 1, 1, 1, 1]\n",
        "_checker": ""
    },
    "statistics": {
        "paths": 0,
        "flatBoolVars": 100,
        "flatIntVars": 152,
        "flatFloatVars": 35,
        "flatBoolConstraints": 50,
        "flatIntConstraints": 252,
        "flatFloatConstraints": 35,
        "evaluatedHalfReifiedConstraints": 100,
        "method": "minimize",
        "flatTime": 47.241,
        "time": 79.0,
        "initTime": 2.8600000000000003,
        "solveTime": 53396.700000000004,
        "solutions": 6,
        "variables": 252,
        "propagators": 337,
        "propagations": 671324307,
        "nodes": 35941655,
        "failures": 17970646,
        "restarts": 0,
        "peakDepth": 112,
        "nSolutions": 6
    }
}