{
    "bestSolution": [
        0,
        1,
        4,
        2,
        3,
        1,
        1,
        0,
        2,
        1,
        0,
        0,
        4,
        1,
        1,
        1,
        1,
        1,
        0,
        2,
        1,
        2,
        0,
        1,
        2,
        1,
        3,
        1,
        1,
        2,
        3,
        1,
        0,
        1,
        2,
        2,
        4,
        1,
        3,
        0,
        3,
        1,
        4,
        2,
        3,
        1,
        2,
        1,
        3,
        1,
        2,
        0,
        3,
        1,
        0,
        2,
        1,
        2,
        0,
        2,
        1,
        2,
        4,
        1,
        4,
        1,
        4,
        1,
        0,
        1,
        1,
        0,
        4,
        1,
        2,
        2,
        0,
        1,
        0,
        1,
        1,
        0,
        2,
        0,
        2,
        1,
        1,
        1,
        3,
        0,
        4,
        1,
        3,
        1,
        2,
        1,
        4,
        0,
        2,
        0
    ],
    "makespan": 841,
    "normalized_makespan": 0.09293563579277865,
    "energy": 3315,
    "normalized_energy": 0.7423014586709886,
    "tardiness": 659,
    "normalized_tardiness": 0.09956186735156368,
    "bestObjectiveFunction": 0.934798961815331,
    "tiempo_por_iteracion": 1.5592486829292485
}