{
    "bestSolution": [
        7,
        2,
        2,
        2,
        7,
        0,
        1,
        1,
        9,
        2,
        2,
        2,
        2,
        0,
        8,
        2,
        5,
        3,
        1,
        1,
        3,
        2,
        8,
        1,
        9,
        1,
        1,
        3,
        0,
        3,
        5,
        1,
        9,
        1,
        3,
        4,
        6,
        1,
        5,
        3,
        3,
        4,
        8,
        3,
        4,
        0,
        3,
        3,
        6,
        0,
        8,
        2,
        0,
        2,
        9,
        1,
        8,
        3,
        7,
        4,
        5,
        4,
        6,
        3,
        6,
        3,
        1,
        3,
        3,
        3,
        0,
        1,
        7,
        2,
        4,
        4,
        5,
        0,
        1,
        1,
        0,
        4,
        7,
        3,
        2,
        1,
        4,
        1,
        4,
        1,
        2,
        4,
        6,
        3,
        9,
        2,
        4,
        4,
        0,
        4
    ],
    "makespan": 153,
    "normalized_makespan": 0.10144927536231885,
    "energy": 4668,
    "normalized_energy": 0.8284960422163589,
    "tardiness": 179,
    "normalized_tardiness": 0.14830157415078707,
    "bestObjectiveFunction": 1.0782468917294648,
    "tiempo_por_iteracion": 1.0051477003097533
}