{
    "bestSolution": [
        3,
        3,
        2,
        3,
        3,
        2,
        2,
        0,
        1,
        1,
        4,
        2,
        1,
        2,
        0,
        3,
        3,
        0,
        4,
        2,
        1,
        4,
        2,
        2,
        3,
        1,
        3,
        1,
        2,
        1,
        4,
        3,
        0,
        4,
        4,
        3,
        1,
        2,
        0,
        1,
        2,
        4,
        4,
        1,
        0,
        1,
        0,
        0,
        1,
        0
    ],
    "makespan": 450,
    "normalized_makespan": 0.0758419517369398,
    "energy": 1539,
    "normalized_energy": 0.7173738991192954,
    "tardiness": 153,
    "normalized_tardiness": 0.03888182973316391,
    "bestObjectiveFunction": 0.8320976805893991,
    "tiempo_por_iteracion": 0.463196817105704
}