{
    "bestSolution": [
        3,
        0,
        2,
        1,
        4,
        0,
        3,
        1,
        3,
        2,
        4,
        2,
        0,
        4,
        1,
        0,
        3,
        4,
        3,
        3,
        1,
        3,
        2,
        1,
        2,
        2,
        0,
        1,
        2,
        3,
        4,
        3,
        3,
        4,
        4,
        1,
        2,
        1,
        4,
        3,
        2,
        1,
        0,
        1,
        1,
        4,
        3,
        0,
        0,
        1,
        4,
        1,
        2,
        2,
        4,
        0,
        0,
        1,
        4,
        4,
        1,
        1,
        1,
        1,
        1,
        1,
        4,
        1,
        2,
        4,
        1,
        3,
        2,
        1,
        3,
        4,
        0,
        2,
        0,
        2,
        1,
        4,
        0,
        3,
        4,
        4,
        1,
        0,
        3,
        0,
        2,
        0,
        0,
        3,
        3,
        2,
        0,
        2,
        1,
        1
    ],
    "makespan": 745,
    "normalized_makespan": 0.07902986305890117,
    "energy": 3354,
    "normalized_energy": 0.7344656172328086,
    "tardiness": 459,
    "normalized_tardiness": 0.07254623044096728,
    "bestObjectiveFunction": 0.886041710732677,
    "tiempo_por_iteracion": 0.7709506855157143
}