{
    "bestSolution": [
        2,
        2,
        2,
        1,
        1,
        0,
        3,
        3,
        3,
        2,
        4,
        1,
        1,
        3,
        0,
        0,
        1,
        2,
        3,
        0,
        4,
        0,
        3,
        1,
        1,
        1,
        1,
        4,
        3,
        2,
        0,
        1,
        0,
        1,
        4,
        3,
        0,
        1,
        0,
        1,
        4,
        3,
        1,
        0,
        3,
        2,
        2,
        1,
        3,
        1,
        2,
        0,
        4,
        1,
        0,
        0,
        2,
        0,
        1,
        1,
        4,
        1,
        3,
        1,
        3,
        1,
        0,
        0,
        1,
        2,
        3,
        1,
        2,
        2,
        0,
        1,
        0,
        2,
        4,
        1,
        3,
        4,
        4,
        1,
        3,
        2,
        2,
        2,
        1,
        3,
        4,
        3,
        0,
        4,
        3,
        3,
        2,
        4,
        4,
        0,
        0,
        0,
        0,
        0,
        0,
        3,
        3,
        4,
        2,
        2,
        1,
        0,
        0,
        2,
        0,
        4,
        2,
        0,
        4,
        3,
        2,
        1,
        2,
        0,
        3,
        0,
        2,
        2,
        1,
        1,
        4,
        0,
        1,
        3,
        4,
        0,
        4,
        3,
        3,
        0,
        0,
        0,
        1,
        2,
        3,
        4,
        2,
        3,
        1,
        4,
        3,
        0,
        0,
        4,
        4,
        2,
        0,
        0,
        2,
        4,
        2,
        0,
        4,
        1,
        1,
        0,
        4,
        0,
        2,
        1,
        3,
        0,
        0,
        4,
        2,
        0,
        1,
        0,
        1,
        4,
        4,
        0,
        2,
        4,
        1,
        2,
        1,
        3,
        4,
        1,
        4,
        0,
        3,
        0,
        2,
        0,
        1,
        3,
        0,
        0
    ],
    "makespan": 1406,
    "normalized_makespan": 0.07135016465422613,
    "energy": 5792,
    "normalized_energy": 0.5842115728773116,
    "tardiness": 253,
    "normalized_tardiness": 0.01909433962264151,
    "bestObjectiveFunction": 0.6746560771541793,
    "tiempo_por_iteracion": 0.8579536409754502
}