{
    "bestSolution": [
        3,
        2,
        2,
        2,
        2,
        3,
        3,
        2,
        3,
        0,
        0,
        0,
        1,
        3,
        1,
        0,
        4,
        0,
        0,
        2,
        0,
        1,
        1,
        1,
        4,
        0,
        4,
        3,
        3,
        1,
        4,
        1,
        0,
        0,
        2,
        1,
        3,
        0,
        0,
        3,
        2,
        0,
        1,
        1,
        1,
        4,
        1,
        0,
        3,
        4,
        4,
        0,
        3,
        3,
        1,
        2,
        1,
        2,
        2,
        3,
        0,
        1,
        2,
        1,
        2,
        3,
        4,
        3,
        1,
        0,
        0,
        1,
        1,
        4,
        2,
        4,
        3,
        1,
        3,
        0,
        2,
        1,
        2,
        1,
        0,
        0,
        2,
        0,
        4,
        0,
        0,
        4,
        3,
        4,
        0,
        3,
        4,
        1,
        3,
        2,
        0,
        0,
        4,
        1,
        4,
        3,
        3,
        0,
        2,
        4,
        2,
        1,
        0,
        0,
        1,
        0,
        3,
        3,
        4,
        0,
        4,
        4,
        3,
        4,
        0,
        1,
        1,
        1,
        1,
        3,
        3,
        1,
        1,
        0,
        4,
        4,
        1,
        1,
        2,
        0,
        4,
        0,
        3,
        1,
        0,
        4,
        2,
        0,
        2,
        3,
        3,
        4,
        0,
        1,
        4,
        4,
        2,
        1,
        0,
        3,
        4,
        4,
        4,
        0,
        3,
        3,
        1,
        2,
        0,
        0,
        2,
        0,
        2,
        4,
        4,
        0,
        1,
        1,
        3,
        2,
        2,
        0,
        0,
        3,
        1,
        3,
        0,
        2,
        0,
        3,
        1,
        0,
        1,
        3,
        4,
        2,
        3,
        3,
        4,
        3
    ],
    "makespan": 1397,
    "normalized_makespan": 0.07064450368511839,
    "energy": 5898,
    "normalized_energy": 0.6052893219327898,
    "tardiness": 176,
    "normalized_tardiness": 0.013283018867924528,
    "bestObjectiveFunction": 0.6892168444858328,
    "tiempo_por_iteracion": 3.0789095844541277
}