{
    "bestSolution": [
        8,
        0,
        7,
        0,
        6,
        0,
        1,
        0,
        3,
        0,
        6,
        0,
        1,
        0,
        2,
        0,
        0,
        0,
        5,
        0,
        1,
        0,
        7,
        0,
        4,
        0,
        8,
        0,
        1,
        0,
        3,
        0,
        8,
        0,
        4,
        0,
        3,
        0,
        9,
        0,
        6,
        0,
        2,
        0,
        1,
        0,
        7,
        0,
        4,
        0,
        5,
        0,
        0,
        0,
        7,
        0,
        8,
        0,
        5,
        0,
        2,
        0,
        0,
        0,
        2,
        0,
        5,
        0,
        7,
        0,
        3,
        0,
        6,
        0,
        3,
        0,
        9,
        0,
        4,
        0,
        9,
        0,
        2,
        0,
        0,
        0,
        6,
        0,
        5,
        0,
        4,
        0,
        8,
        0,
        9,
        0,
        9,
        0,
        0,
        0
    ],
    "makespan": 543,
    "normalized_makespan": 0.21083890126206384,
    "energy": 3635,
    "normalized_energy": 0,
    "tardiness": 302,
    "normalized_tardiness": 0.18804483188044832,
    "bestObjectiveFunction": 0.39888373314251213,
    "tiempo_por_iteracion": 0.5017280767459681
}