{
    "bestSolution": [
        1,
        0,
        9,
        0,
        9,
        0,
        0,
        0,
        8,
        0,
        9,
        0,
        3,
        0,
        9,
        0,
        2,
        0,
        1,
        0,
        7,
        0,
        5,
        0,
        6,
        0,
        8,
        0,
        3,
        0,
        1,
        0,
        4,
        0,
        8,
        0,
        2,
        0,
        6,
        0,
        4,
        0,
        5,
        0,
        9,
        0,
        7,
        0,
        0,
        0,
        2,
        0,
        6,
        0,
        3,
        0,
        3,
        0,
        4,
        0,
        7,
        0,
        8,
        0,
        0,
        0,
        1,
        0,
        5,
        0,
        2,
        0,
        2,
        0,
        6,
        0,
        5,
        0,
        7,
        0,
        1,
        0,
        7,
        0,
        4,
        0,
        0,
        0,
        3,
        0,
        4,
        0,
        6,
        0,
        8,
        0,
        5,
        0,
        0,
        0
    ],
    "makespan": 543,
    "normalized_makespan": 0.21083890126206384,
    "energy": 3635,
    "normalized_energy": 0,
    "tardiness": 341,
    "normalized_tardiness": 0.21232876712328766,
    "bestObjectiveFunction": 0.42316766838535147,
    "tiempo_por_iteracion": 1.3437767187754313
}