{
    "bestSolution": [
        0,
        0,
        6,
        3,
        5,
        4,
        1,
        3,
        8,
        3,
        8,
        1,
        4,
        4,
        5,
        0,
        7,
        2,
        9,
        1,
        0,
        1,
        8,
        1,
        3,
        1,
        5,
        4,
        6,
        2,
        3,
        4,
        9,
        2,
        0,
        3,
        1,
        3,
        8,
        2,
        4,
        0,
        2,
        2,
        6,
        3,
        9,
        1,
        5,
        2,
        1,
        3,
        3,
        1,
        7,
        0,
        3,
        2,
        4,
        1,
        6,
        1,
        2,
        2,
        9,
        0,
        1,
        0,
        6,
        1,
        4,
        1,
        7,
        1,
        2,
        4,
        1,
        2,
        7,
        0,
        3,
        0,
        2,
        1,
        5,
        3,
        8,
        1,
        0,
        3,
        4,
        2,
        9,
        3,
        7,
        1,
        0,
        1,
        2,
        1
    ],
    "makespan": 609,
    "normalized_makespan": 0.07539811504712382,
    "energy": 3341,
    "normalized_energy": 0.723251895534962,
    "tardiness": 1083,
    "normalized_tardiness": 0.17193205270677886,
    "bestObjectiveFunction": 0.9705820632888646,
    "tiempo_por_iteracion": 0.716714528956023
}