{
    "bestSolution": [
        8,
        2,
        5,
        4,
        5,
        3,
        4,
        1,
        7,
        2,
        0,
        3,
        9,
        3,
        4,
        3,
        1,
        3,
        6,
        2,
        4,
        4,
        3,
        3,
        8,
        4,
        0,
        4,
        7,
        0,
        6,
        2,
        3,
        1,
        5,
        3,
        1,
        1,
        4,
        2,
        7,
        1,
        8,
        4,
        3,
        1,
        9,
        2,
        7,
        2,
        8,
        2,
        6,
        2,
        7,
        3,
        1,
        2,
        5,
        2,
        5,
        4,
        2,
        4,
        8,
        3,
        9,
        2,
        2,
        2,
        9,
        2,
        3,
        2,
        2,
        2,
        0,
        3,
        6,
        1,
        6,
        2,
        0,
        3,
        3,
        3,
        1,
        3,
        2,
        1,
        9,
        3,
        4,
        4,
        2,
        3,
        1,
        1,
        0,
        2
    ],
    "makespan": 479,
    "normalized_makespan": 0.054273643158921026,
    "energy": 3699,
    "normalized_energy": 0.8740522325189554,
    "tardiness": 509,
    "normalized_tardiness": 0.08080647721860613,
    "bestObjectiveFunction": 1.0091323528964826,
    "tiempo_por_iteracion": 0.9511115562241033
}