{
    "bestSolution": [
        2,
        0,
        1,
        0,
        0,
        0,
        3,
        0,
        1,
        0,
        3,
        0,
        4,
        0,
        2,
        0,
        1,
        0,
        0,
        0,
        2,
        0,
        3,
        0,
        4,
        0,
        1,
        0,
        2,
        0,
        4,
        0,
        2,
        0,
        1,
        0,
        0,
        0,
        4,
        0,
        0,
        0,
        2,
        0,
        4,
        0,
        2,
        0,
        0,
        0,
        1,
        0,
        3,
        0,
        0,
        0,
        1,
        0,
        1,
        0,
        3,
        0,
        4,
        0,
        4,
        0,
        2,
        0,
        0,
        0,
        3,
        0,
        1,
        0,
        4,
        0,
        3,
        0,
        3,
        0,
        2,
        0,
        2,
        0,
        0,
        0,
        3,
        0,
        0,
        0,
        0,
        0,
        2,
        0,
        2,
        0,
        1,
        0,
        2,
        0,
        3,
        0,
        0,
        0,
        0,
        0,
        1,
        0,
        4,
        0,
        0,
        0,
        1,
        0,
        2,
        0,
        1,
        0,
        3,
        0,
        2,
        0,
        1,
        0,
        4,
        0,
        1,
        0,
        3,
        0,
        4,
        0,
        4,
        0,
        1,
        0,
        3,
        0,
        4,
        0,
        3,
        0,
        0,
        0,
        2,
        0,
        1,
        0,
        3,
        0,
        1,
        0,
        3,
        0,
        4,
        0,
        0,
        0,
        4,
        0,
        0,
        0,
        1,
        0,
        3,
        0,
        4,
        0,
        3,
        0,
        2,
        0,
        3,
        0,
        2,
        0,
        0,
        0,
        1,
        0,
        0,
        0,
        4,
        0,
        0,
        0,
        2,
        0,
        4,
        0,
        2,
        0,
        4,
        0,
        3,
        0,
        0,
        0,
        4,
        0
    ],
    "makespan": 723,
    "normalized_makespan": 0.021702838063439065,
    "energy": 7374,
    "normalized_energy": 0,
    "tardiness": 0,
    "normalized_tardiness": 0,
    "bestObjectiveFunction": 0.021702838063439065,
    "tiempo_por_iteracion": 0.6968769345964704
}