{
    "bestSolution": [
        2,
        3,
        2,
        0,
        4,
        4,
        2,
        0,
        0,
        3,
        1,
        0,
        4,
        1,
        0,
        1,
        3,
        3,
        4,
        1,
        0,
        0,
        3,
        3,
        4,
        1,
        4,
        0,
        3,
        0,
        0,
        0,
        2,
        0,
        1,
        2,
        3,
        2,
        3,
        1,
        0,
        3,
        2,
        3,
        1,
        0,
        1,
        4,
        1,
        1
    ],
    "makespan": 122,
    "normalized_makespan": 0.10604026845637583,
    "energy": 2205,
    "normalized_energy": 0.6700819672131147,
    "tardiness": 140,
    "normalized_tardiness": 0.17766497461928935,
    "bestObjectiveFunction": 0.9537872102887799,
    "tiempo_por_iteracion": 0.2674295264796207
}