{
    "bestSolution": [
        2,
        3,
        4,
        1,
        2,
        2,
        2,
        0,
        2,
        4,
        2,
        0,
        0,
        4,
        1,
        4,
        3,
        2,
        4,
        4,
        4,
        2,
        4,
        1,
        0,
        4,
        4,
        4,
        1,
        2,
        3,
        3,
        1,
        0,
        1,
        1,
        3,
        4,
        3,
        4,
        0,
        0,
        3,
        1,
        0,
        1,
        0,
        0,
        1,
        0
    ],
    "makespan": 106,
    "normalized_makespan": 0.08456375838926175,
    "energy": 2276,
    "normalized_energy": 0.8155737704918032,
    "tardiness": 50,
    "normalized_tardiness": 0.06345177664974619,
    "bestObjectiveFunction": 0.9635893055308112,
    "tiempo_por_iteracion": 0.4594036893568177
}