{
    "bestSolution": [
        4,
        0,
        4,
        0,
        2,
        0,
        1,
        0,
        0,
        0,
        4,
        0,
        0,
        0,
        1,
        0,
        2,
        0,
        0,
        0,
        0,
        0,
        1,
        0,
        3,
        0,
        3,
        0,
        1,
        0,
        2,
        0,
        1,
        0,
        2,
        0,
        2,
        0,
        0,
        0,
        1,
        0,
        4,
        0,
        2,
        0,
        2,
        0,
        4,
        0,
        0,
        0,
        3,
        0,
        1,
        0,
        4,
        0,
        4,
        0,
        2,
        0,
        0,
        0,
        0,
        0,
        3,
        0,
        4,
        0,
        3,
        0,
        3,
        0,
        1,
        0,
        2,
        0,
        1,
        0,
        0,
        0,
        3,
        0,
        1,
        0,
        2,
        0,
        4,
        0,
        0,
        0,
        3,
        0,
        0,
        0,
        2,
        0,
        2,
        0,
        1,
        0,
        3,
        0,
        1,
        0,
        1,
        0,
        3,
        0,
        0,
        0,
        1,
        0,
        0,
        0,
        4,
        0,
        4,
        0,
        1,
        0,
        4,
        0,
        3,
        0,
        4,
        0,
        3,
        0,
        3,
        0,
        3,
        0,
        4,
        0,
        1,
        0,
        2,
        0,
        3,
        0,
        4,
        0,
        3,
        0,
        2,
        0,
        2,
        0,
        2,
        0,
        2,
        0,
        1,
        0,
        1,
        0,
        1,
        0,
        2,
        0,
        3,
        0,
        3,
        0,
        0,
        0,
        4,
        0,
        4,
        0,
        0,
        0,
        0,
        0,
        1,
        0,
        0,
        0,
        0,
        0,
        2,
        0,
        2,
        0,
        0,
        0,
        0,
        0,
        3,
        0,
        4,
        0,
        3,
        0,
        4,
        0,
        4,
        0
    ],
    "makespan": 881,
    "normalized_makespan": 0.03907962016070124,
    "energy": 7088,
    "normalized_energy": 0,
    "tardiness": 0,
    "normalized_tardiness": 0,
    "bestObjectiveFunction": 0.03907962016070124,
    "tiempo_por_iteracion": 0.7149639470236642
}