{
    "bestSolution": [
        13,
        2,
        10,
        4,
        6,
        2,
        4,
        3,
        19,
        1,
        16,
        2,
        8,
        3,
        10,
        3,
        15,
        1,
        1,
        1,
        15,
        3,
        12,
        2,
        1,
        3,
        13,
        2,
        13,
        3,
        2,
        2,
        15,
        4,
        16,
        1,
        12,
        2,
        5,
        2,
        17,
        2,
        3,
        2,
        10,
        4,
        9,
        1,
        16,
        2,
        6,
        3,
        12,
        3,
        10,
        3,
        9,
        3,
        1,
        4,
        15,
        2,
        15,
        4,
        13,
        2,
        5,
        1,
        5,
        1,
        19,
        2,
        3,
        3,
        12,
        3,
        16,
        2,
        7,
        3,
        19,
        3,
        1,
        3,
        10,
        2,
        17,
        2,
        6,
        2,
        9,
        3,
        2,
        3,
        16,
        3,
        8,
        2,
        4,
        3,
        8,
        1,
        5,
        3,
        0,
        2,
        6,
        2,
        18,
        1,
        1,
        2,
        11,
        1,
        13,
        3,
        5,
        3,
        17,
        3,
        7,
        4,
        0,
        2,
        7,
        4,
        2,
        2,
        19,
        2,
        14,
        3,
        18,
        4,
        11,
        1,
        7,
        4,
        0,
        4,
        11,
        2,
        0,
        2,
        17,
        1,
        8,
        4,
        17,
        2,
        9,
        2,
        11,
        4,
        18,
        4,
        2,
        1,
        3,
        2,
        3,
        1,
        11,
        2,
        18,
        1,
        8,
        1,
        14,
        3,
        9,
        3,
        14,
        2,
        4,
        2,
        3,
        3,
        14,
        2,
        0,
        2,
        4,
        4,
        2,
        4,
        19,
        3,
        7,
        2,
        4,
        2,
        14,
        2,
        6,
        3,
        12,
        2,
        18,
        2
    ],
    "makespan": 781,
    "normalized_makespan": 0.0518375862622372,
    "energy": 7450,
    "normalized_energy": 0.8872102649006622,
    "tardiness": 2142,
    "normalized_tardiness": 0.1700404858299595,
    "bestObjectiveFunction": 1.109088336992859,
    "tiempo_por_iteracion": 2.1350177506931494
}