{
    "status": "OPTIMAL_SOLUTION",
    "solution": {
        "objective": 0.8811731412824375,
        "start_time": [
            [
                188,
                324,
                250,
                0,
                134
            ],
            [
                259,
                45,
                226,
                203,
                0
            ],
            [
                327,
                124,
                358,
                53,
                190
            ],
            [
                140,
                100,
                10,
                226,
                431
            ],
            [
                358,
                167,
                324,
                134,
                40
            ]
        ],
        "SpeedScaling": [
            [
                2,
                2,
                2,
                2,
                2
            ],
            [
                1,
                2,
                2,
                2,
                2
            ],
            [
                2,
                2,
                1,
                2,
                1
            ],
            [
                2,
                2,
                2,
                1,
                1
            ],
            [
                1,
                1,
                3,
                2,
                1
            ]
        ],
        "_output_item": "Objective function normalized: M-0.08514438821077702 + E-0.6136724960254374 + T-0.1823562570462232 = 0.8811731412824375 \nObjective function: M-475.0 + E-1459.0 + T-647.0 = 0.8811731412824375 \nStart Times: [188, 324, 250, 0, 134, 259, 45, 226, 203, 0, 327, 124, 358, 53, 190, 140, 100, 10, 226, 431, 358, 167, 324, 134, 40]\nSpeed Scaling; [2, 2, 2, 2, 2, 1, 2, 2, 2, 2, 2, 2, 1, 2, 1, 2, 2, 2, 1, 1, 1, 1, 3, 2, 1]\n",
        "_checker": ""
    },
    "statistics": {
        "paths": 0,
        "flatIntVars": 451,
        "flatFloatVars": 54,
        "flatIntConstraints": 576,
        "flatFloatConstraints": 54,
        "evaluatedHalfReifiedConstraints": 100,
        "method": "minimize",
        "flatTime": 125.62499999999999,
        "objective": 0.881173141282,
        "objectiveBound": 0.881173141282,
        "nodes": 76130,
        "solveTime": 98099.5,
        "time": 32600.0,
        "openNodes": 4836,
        "nSolutions": 22
    }
}