{
    "bestSolution": [
        15,
        2,
        18,
        1,
        15,
        2,
        8,
        4,
        5,
        1,
        2,
        2,
        16,
        3,
        10,
        3,
        11,
        3,
        4,
        4,
        6,
        2,
        13,
        2,
        3,
        1,
        19,
        3,
        15,
        0,
        0,
        0,
        11,
        1,
        11,
        1,
        12,
        4,
        10,
        2,
        9,
        2,
        4,
        4,
        6,
        3,
        17,
        1,
        4,
        4,
        2,
        2,
        13,
        3,
        17,
        3,
        10,
        3,
        7,
        2,
        3,
        2,
        15,
        2,
        8,
        4,
        11,
        4,
        1,
        3,
        1,
        1,
        5,
        4,
        4,
        0,
        4,
        2,
        13,
        1,
        11,
        1,
        9,
        4,
        18,
        3,
        8,
        3,
        15,
        2,
        8,
        3,
        2,
        1,
        8,
        4,
        3,
        1,
        6,
        2,
        16,
        2,
        7,
        3,
        14,
        2,
        7,
        3,
        5,
        1,
        12,
        0,
        1,
        2,
        16,
        4,
        19,
        1,
        0,
        2,
        3,
        1,
        0,
        4,
        17,
        4,
        18,
        3,
        6,
        2,
        7,
        2,
        13,
        1,
        13,
        2,
        1,
        4,
        0,
        1,
        16,
        1,
        14,
        3,
        19,
        3,
        1,
        2,
        9,
        3,
        3,
        3,
        18,
        4,
        17,
        1,
        5,
        4,
        2,
        2,
        12,
        0,
        6,
        3,
        14,
        1,
        14,
        1,
        19,
        4,
        0,
        1,
        10,
        4,
        17,
        2,
        18,
        2,
        19,
        3,
        12,
        2,
        14,
        4,
        7,
        4,
        5,
        2,
        12,
        4,
        10,
        4,
        9,
        2,
        2,
        4,
        9,
        3,
        16,
        1
    ],
    "makespan": 903,
    "normalized_makespan": 0.05397706522533051,
    "energy": 7040,
    "normalized_energy": 0.8362122788761707,
    "tardiness": 2705,
    "normalized_tardiness": 0.19523637675929267,
    "bestObjectiveFunction": 1.0854257208607938,
    "tiempo_por_iteracion": 2.3922529529642174
}