{
    "bestSolution": [
        1,
        2,
        4,
        0,
        3,
        0,
        1,
        0,
        2,
        0,
        4,
        0,
        3,
        0,
        2,
        0,
        0,
        0,
        2,
        0,
        0,
        0,
        2,
        1,
        1,
        0,
        2,
        1,
        3,
        0,
        4,
        0,
        3,
        0,
        1,
        1,
        3,
        2,
        0,
        2,
        1,
        1,
        1,
        0,
        3,
        0,
        0,
        0,
        4,
        0,
        3,
        1,
        0,
        2,
        4,
        2,
        1,
        0,
        4,
        2,
        2,
        0,
        2,
        0,
        1,
        0,
        3,
        0,
        0,
        0,
        0,
        2,
        0,
        1,
        4,
        0,
        0,
        1,
        4,
        2,
        4,
        0,
        2,
        1,
        2,
        0,
        1,
        0,
        3,
        2,
        1,
        0,
        4,
        0,
        0,
        0,
        3,
        0,
        2,
        0
    ],
    "makespan": 308,
    "normalized_makespan": 0.20819397993311037,
    "energy": 4084,
    "normalized_energy": 0.14720194647201945,
    "tardiness": 0,
    "normalized_tardiness": 0,
    "bestObjectiveFunction": 0.35539592640512985,
    "tiempo_por_iteracion": 0.5656570998989806
}