{
    "bestSolution": [
        15,
        0,
        3,
        0,
        8,
        0,
        1,
        0,
        3,
        0,
        16,
        0,
        3,
        0,
        10,
        0,
        8,
        0,
        18,
        0,
        13,
        0,
        6,
        0,
        4,
        0,
        16,
        0,
        1,
        0,
        17,
        0,
        19,
        0,
        12,
        0,
        2,
        0,
        8,
        0,
        0,
        0,
        7,
        0,
        11,
        0,
        6,
        0,
        0,
        0,
        4,
        0,
        8,
        0,
        0,
        0,
        7,
        0,
        5,
        0,
        10,
        0,
        17,
        0,
        16,
        0,
        3,
        0,
        8,
        0,
        0,
        0,
        12,
        0,
        5,
        0,
        3,
        0,
        0,
        0,
        12,
        0,
        13,
        0,
        18,
        0,
        10,
        0,
        16,
        0,
        9,
        0,
        2,
        0,
        5,
        0,
        19,
        0,
        10,
        0,
        15,
        0,
        13,
        0,
        4,
        0,
        12,
        0,
        9,
        0,
        2,
        0,
        16,
        0,
        1,
        0,
        15,
        0,
        11,
        0,
        10,
        0,
        12,
        0,
        4,
        0,
        9,
        0,
        6,
        0,
        14,
        0,
        13,
        0,
        14,
        0,
        13,
        0,
        18,
        0,
        19,
        0,
        19,
        0,
        5,
        0,
        7,
        0,
        17,
        0,
        11,
        0,
        14,
        0,
        4,
        0,
        2,
        0,
        15,
        0,
        6,
        0,
        9,
        0,
        2,
        0,
        17,
        0,
        15,
        0,
        18,
        0,
        11,
        0,
        19,
        0,
        11,
        0,
        7,
        0,
        1,
        0,
        14,
        0,
        5,
        0,
        14,
        0,
        1,
        0,
        17,
        0,
        18,
        0,
        6,
        0,
        9,
        0,
        7,
        0
    ],
    "makespan": 833,
    "normalized_makespan": 0.20989704417137164,
    "energy": 7251,
    "normalized_energy": 0,
    "tardiness": 2244,
    "normalized_tardiness": 0.6986301369863014,
    "bestObjectiveFunction": 0.9085271811576731,
    "tiempo_por_iteracion": 0.877974557876587
}