{
    "status": "OPTIMAL_SOLUTION",
    "solution": {
        "objective": 0.06290322580645158,
        "start_time": [
            [
                34,
                190,
                28,
                8,
                69
            ],
            [
                110,
                160,
                192,
                48,
                177
            ],
            [
                52,
                46,
                0,
                110,
                192
            ],
            [
                161,
                85,
                34,
                192,
                145
            ],
            [
                100,
                0,
                85,
                118,
                40
            ]
        ],
        "SpeedScaling": [
            [
                1,
                1,
                1,
                1,
                1
            ],
            [
                1,
                1,
                1,
                1,
                1
            ],
            [
                1,
                1,
                1,
                1,
                1
            ],
            [
                1,
                1,
                1,
                1,
                1
            ],
            [
                1,
                1,
                1,
                1,
                1
            ]
        ],
        "_output_item": "Objective function: 0.06290322580645158 + 0.0 = 0.06290322580645158 \nObjective function : M-252.0 + E-1813.0 = 0.06290322580645158 \nStart Times: [34, 190, 28, 8, 69, 110, 160, 192, 48, 177, 52, 46, 0, 110, 192, 161, 85, 34, 192, 145, 100, 0, 85, 118, 40]\nSpeed Scaling; [1, 1, 1, 1, 1, 1, 1, 1, 1, 1, 1, 1, 1, 1, 1, 1, 1, 1, 1, 1, 1, 1, 1, 1, 1]\n",
        "_checker": ""
    },
    "statistics": {
        "paths": 0,
        "flatIntVars": 151,
        "flatFloatVars": 2,
        "flatIntConstraints": 251,
        "flatFloatConstraints": 2,
        "evaluatedHalfReifiedConstraints": 100,
        "method": "minimize",
        "flatTime": 73.47,
        "objective": 0.0629032258065,
        "objectiveBound": 0.0629032258065,
        "nodes": 96,
        "openNodes": 2,
        "solveTime": 19.0,
        "time": 101.0,
        "nSolutions": 11
    }
}