{
    "bestSolution": [
        18,
        1,
        8,
        0,
        1,
        0,
        11,
        0,
        12,
        1,
        18,
        1,
        14,
        2,
        14,
        0,
        5,
        1,
        8,
        1,
        0,
        0,
        12,
        1,
        13,
        2,
        4,
        0,
        17,
        2,
        6,
        2,
        2,
        0,
        7,
        1,
        9,
        1,
        10,
        0,
        13,
        0,
        15,
        0,
        17,
        0,
        5,
        1,
        11,
        2,
        12,
        0,
        6,
        0,
        19,
        1,
        7,
        1,
        9,
        1,
        3,
        2,
        1,
        1,
        2,
        2,
        3,
        0,
        8,
        1,
        12,
        1,
        9,
        1,
        19,
        1,
        5,
        0,
        10,
        0,
        11,
        1,
        3,
        0,
        4,
        0,
        12,
        0,
        6,
        0,
        0,
        2,
        0,
        1,
        1,
        2,
        2,
        1,
        19,
        1,
        11,
        1,
        16,
        0,
        4,
        2,
        7,
        1,
        6,
        2,
        8,
        1,
        14,
        1,
        18,
        1,
        3,
        0,
        17,
        1,
        15,
        1,
        15,
        1,
        4,
        1,
        1,
        0,
        6,
        1,
        8,
        1,
        9,
        0,
        11,
        1,
        0,
        2,
        16,
        2,
        7,
        0,
        16,
        0,
        19,
        1,
        2,
        1,
        19,
        1,
        15,
        0,
        2,
        1,
        10,
        1,
        5,
        0,
        13,
        0,
        18,
        0,
        18,
        1,
        16,
        0,
        9,
        2,
        10,
        2,
        13,
        1,
        10,
        2,
        14,
        1,
        5,
        1,
        0,
        0,
        7,
        1,
        16,
        1,
        3,
        0,
        15,
        1,
        1,
        2,
        13,
        1,
        17,
        1,
        14,
        2,
        17,
        2,
        4,
        0
    ],
    "makespan": 1303,
    "normalized_makespan": 0.0849590469099032,
    "energy": 6112,
    "normalized_energy": 0.6350789692435578,
    "tardiness": 4695,
    "normalized_tardiness": 0.345423778693349,
    "bestObjectiveFunction": 1.06546179484681,
    "tiempo_por_iteracion": 1.1103746547537334
}