{
    "bestSolution": [
        5,
        1,
        15,
        2,
        5,
        2,
        10,
        2,
        14,
        1,
        11,
        1,
        11,
        2,
        1,
        2,
        4,
        2,
        17,
        2,
        4,
        2,
        3,
        1,
        15,
        2,
        10,
        1,
        13,
        2,
        2,
        2,
        7,
        2,
        18,
        1,
        19,
        2,
        6,
        2,
        12,
        1,
        12,
        1,
        0,
        0,
        16,
        2,
        14,
        2,
        13,
        2,
        6,
        1,
        19,
        0,
        18,
        1,
        17,
        1,
        0,
        1,
        13,
        1,
        18,
        1,
        11,
        1,
        5,
        1,
        17,
        1,
        19,
        2,
        14,
        2,
        12,
        1,
        3,
        2,
        11,
        1,
        2,
        2,
        5,
        2,
        10,
        1,
        13,
        2,
        4,
        1,
        18,
        0,
        9,
        1,
        13,
        2,
        3,
        1,
        9,
        2,
        16,
        2,
        6,
        1,
        17,
        2,
        9,
        2,
        12,
        1,
        12,
        2,
        14,
        1,
        8,
        2,
        15,
        2,
        6,
        1,
        3,
        1,
        17,
        2,
        16,
        1,
        16,
        2,
        0,
        2,
        4,
        1,
        2,
        2,
        8,
        1,
        15,
        0,
        0,
        0,
        1,
        0,
        2,
        2,
        7,
        1,
        1,
        1,
        2,
        2,
        4,
        1,
        19,
        1,
        11,
        0,
        15,
        1,
        14,
        0,
        19,
        2,
        7,
        2,
        6,
        2,
        8,
        2,
        7,
        1,
        8,
        1,
        5,
        0,
        9,
        2,
        3,
        1,
        16,
        1,
        8,
        1,
        7,
        1,
        0,
        1,
        10,
        2,
        1,
        2,
        10,
        2,
        1,
        2,
        9,
        2,
        18,
        2
    ],
    "makespan": 920,
    "normalized_makespan": 0.056440804169769175,
    "energy": 7230,
    "normalized_energy": 0.8674147963424771,
    "tardiness": 2634,
    "normalized_tardiness": 0.19379046497939964,
    "bestObjectiveFunction": 1.1176460654916458,
    "tiempo_por_iteracion": 1.7851093174660042
}