{
    "bestSolution": [
        8,
        2,
        0,
        0,
        7,
        1,
        6,
        0,
        3,
        0,
        4,
        0,
        9,
        0,
        4,
        1,
        0,
        0,
        5,
        1,
        2,
        0,
        6,
        2,
        7,
        2,
        4,
        0,
        5,
        0,
        3,
        0,
        5,
        0,
        9,
        2,
        4,
        0,
        0,
        0,
        0,
        1,
        6,
        2,
        2,
        0,
        6,
        0,
        8,
        0,
        3,
        0,
        4,
        0,
        6,
        0,
        7,
        1,
        9,
        2,
        1,
        0,
        9,
        2,
        6,
        0,
        0,
        0,
        8,
        0,
        7,
        0,
        3,
        0,
        8,
        0,
        1,
        0,
        4,
        2,
        7,
        0,
        1,
        0,
        4,
        0,
        9,
        0,
        1,
        1,
        1,
        2,
        0,
        1,
        2,
        2,
        2,
        0,
        8,
        1,
        0,
        0,
        5,
        0,
        8,
        2,
        5,
        1,
        2,
        0,
        2,
        1,
        0,
        0,
        5,
        0,
        3,
        1,
        2,
        0,
        4,
        0,
        5,
        0,
        1,
        0,
        3,
        0,
        0,
        2,
        1,
        0,
        0,
        1,
        7,
        0,
        5,
        0,
        4,
        0,
        2,
        1,
        8,
        2,
        3,
        0,
        5,
        0,
        9,
        1,
        6,
        1,
        6,
        0,
        7,
        0,
        4,
        0,
        3,
        0,
        9,
        0,
        7,
        0,
        7,
        0,
        3,
        0,
        6,
        2,
        9,
        2,
        1,
        0,
        9,
        2,
        2,
        0,
        8,
        0,
        5,
        2,
        8,
        1,
        7,
        0,
        8,
        0,
        3,
        0,
        1,
        2,
        2,
        0,
        9,
        2,
        6,
        0,
        1,
        2
    ],
    "makespan": 2587,
    "normalized_makespan": 0.15963583292793107,
    "energy": 4379,
    "normalized_energy": 0.327901830617582,
    "tardiness": 0,
    "normalized_tardiness": 0,
    "bestObjectiveFunction": 0.4875376635455131,
    "tiempo_por_iteracion": 1.4071017146110534
}