{
    "bestSolution": [
        7,
        2,
        1,
        2,
        6,
        0,
        3,
        2,
        5,
        0,
        9,
        0,
        5,
        0,
        6,
        2,
        4,
        0,
        7,
        0,
        6,
        2,
        4,
        0,
        6,
        0,
        0,
        0,
        2,
        0,
        3,
        0,
        3,
        0,
        2,
        2,
        5,
        0,
        9,
        0,
        1,
        2,
        7,
        2,
        3,
        0,
        9,
        1,
        7,
        2,
        4,
        0,
        2,
        0,
        8,
        0,
        6,
        0,
        0,
        0,
        4,
        2,
        4,
        0,
        3,
        0,
        1,
        0,
        1,
        0,
        3,
        0,
        5,
        2,
        1,
        2,
        8,
        0,
        1,
        2,
        1,
        0,
        9,
        0,
        1,
        2,
        7,
        0,
        0,
        0,
        4,
        2,
        2,
        0,
        2,
        2,
        4,
        0,
        7,
        0,
        3,
        2,
        8,
        0,
        2,
        1,
        6,
        2,
        9,
        0,
        5,
        0,
        0,
        0,
        3,
        1,
        9,
        1,
        8,
        0,
        2,
        0,
        5,
        0,
        5,
        0,
        7,
        1,
        4,
        0,
        8,
        0,
        4,
        0,
        8,
        0,
        0,
        0,
        9,
        0,
        1,
        0,
        2,
        0,
        0,
        0,
        4,
        0,
        7,
        0,
        0,
        0,
        8,
        0,
        3,
        0,
        6,
        2,
        9,
        2,
        8,
        0,
        5,
        1,
        0,
        0,
        1,
        0,
        7,
        0,
        6,
        1,
        3,
        2,
        0,
        1,
        6,
        0,
        2,
        0,
        8,
        1,
        2,
        0,
        8,
        0,
        6,
        2,
        9,
        2,
        0,
        0,
        5,
        0,
        7,
        0,
        5,
        0,
        9,
        0
    ],
    "makespan": 2301,
    "normalized_makespan": 0.13975953853638196,
    "energy": 4261,
    "normalized_energy": 0.30416415208207603,
    "tardiness": 0,
    "normalized_tardiness": 0,
    "bestObjectiveFunction": 0.443923690618458,
    "tiempo_por_iteracion": 1.987390501158578
}