{
    "bestSolution": [
        9,
        0,
        2,
        0,
        0,
        0,
        3,
        0,
        6,
        0,
        5,
        0,
        5,
        0,
        1,
        0,
        2,
        0,
        3,
        0,
        4,
        0,
        4,
        0,
        8,
        0,
        8,
        0,
        6,
        0,
        7,
        0,
        9,
        0,
        8,
        0,
        5,
        0,
        4,
        0,
        1,
        0,
        8,
        0,
        1,
        0,
        4,
        0,
        3,
        0,
        2,
        0,
        5,
        0,
        6,
        0,
        7,
        0,
        7,
        0,
        9,
        0,
        4,
        0,
        3,
        0,
        9,
        0,
        8,
        0,
        3,
        0,
        0,
        0,
        7,
        0,
        2,
        0,
        6,
        0,
        6,
        0,
        0,
        0,
        9,
        0,
        1,
        0,
        1,
        0,
        5,
        0,
        7,
        0,
        0,
        0,
        0,
        0,
        2,
        0
    ],
    "makespan": 404,
    "normalized_makespan": 0.1270053475935829,
    "energy": 3561,
    "normalized_energy": 0,
    "tardiness": 0,
    "normalized_tardiness": 0,
    "bestObjectiveFunction": 0.1270053475935829,
    "tiempo_por_iteracion": 0.37905389070510864
}