{
    "bestSolution": [
        5,
        0,
        0,
        0,
        7,
        0,
        5,
        0,
        8,
        0,
        1,
        0,
        2,
        0,
        3,
        0,
        7,
        0,
        1,
        0,
        2,
        0,
        0,
        0,
        4,
        0,
        7,
        0,
        5,
        0,
        8,
        0,
        5,
        0,
        1,
        0,
        3,
        0,
        8,
        0,
        1,
        0,
        3,
        0,
        2,
        0,
        6,
        0,
        1,
        0,
        9,
        0,
        4,
        0,
        4,
        0,
        9,
        0,
        7,
        0,
        2,
        0,
        4,
        0,
        7,
        0,
        6,
        0,
        3,
        0,
        8,
        0,
        0,
        0,
        9,
        0,
        4,
        0,
        6,
        0,
        3,
        0,
        5,
        0,
        8,
        0,
        0,
        0,
        2,
        0,
        0,
        0,
        9,
        0,
        9,
        0,
        6,
        0,
        6,
        0
    ],
    "makespan": 454,
    "normalized_makespan": 0.16042780748663102,
    "energy": 3561,
    "normalized_energy": 0,
    "tardiness": 0,
    "normalized_tardiness": 0,
    "bestObjectiveFunction": 0.16042780748663102,
    "tiempo_por_iteracion": 2.518568992614746
}