{
    "status": "SATISFIED",
    "solution": {
        "objective": 1.308111263837774,
        "start_time": [
            [
                206,
                903,
                284,
                405,
                753
            ],
            [
                753,
                1227,
                1059,
                150,
                601
            ],
            [
                60,
                206,
                412,
                530,
                903
            ],
            [
                895,
                732,
                530,
                60,
                150
            ],
            [
                1059,
                601,
                940,
                732,
                396
            ]
        ],
        "SpeedScaling": [
            [
                1,
                1,
                1,
                1,
                1
            ],
            [
                1,
                1,
                1,
                1,
                1
            ],
            [
                1,
                1,
                1,
                1,
                1
            ],
            [
                1,
                1,
                1,
                1,
                1
            ],
            [
                1,
                1,
                1,
                1,
                1
            ]
        ],
        "_output_item": "Objective function normalized: M-0.37719298245614 + E-0.0 + T-0.9309182813816343 = 1.308111263837774 \nObjective function: M-1431.0 + E-671.0 + T-3315.0 = 1.308111263837774 \nStart Times: [206, 903, 284, 405, 753, 753, 1227, 1059, 150, 601, 60, 206, 412, 530, 903, 895, 732, 530, 60, 150, 1059, 601, 940, 732, 396]\nSpeed Scaling; [1, 1, 1, 1, 1, 1, 1, 1, 1, 1, 1, 1, 1, 1, 1, 1, 1, 1, 1, 1, 1, 1, 1, 1, 1]\n",
        "_checker": ""
    },
    "statistics": {
        "paths": 0,
        "flatBoolVars": 100,
        "flatIntVars": 201,
        "flatFloatVars": 54,
        "flatBoolConstraints": 50,
        "flatIntConstraints": 301,
        "flatFloatConstraints": 54,
        "evaluatedHalfReifiedConstraints": 100,
        "method": "minimize",
        "flatTime": 50.891,
        "time": 79.0,
        "initTime": 3.312,
        "solveTime": 200791.0,
        "solutions": 1,
        "variables": 301,
        "propagators": 405,
        "propagations": 228808256,
        "nodes": 183367551,
        "failures": 91682860,
        "restarts": 0,
        "peakDepth": 1068,
        "nSolutions": 1
    }
}