{
    "status": "OPTIMAL_SOLUTION",
    "solution": {
        "objective": 0.8055143247873513,
        "start_time": [
            [
                0,
                246,
                83,
                136,
                178
            ],
            [
                167,
                307,
                214,
                50,
                110
            ],
            [
                102,
                175,
                248,
                302,
                352
            ],
            [
                434,
                378,
                318,
                96,
                230
            ],
            [
                322,
                130,
                277,
                203,
                40
            ]
        ],
        "SpeedScaling": [
            [
                1,
                2,
                2,
                2,
                2
            ],
            [
                2,
                2,
                4,
                2,
                2
            ],
            [
                2,
                2,
                3,
                2,
                1
            ],
            [
                1,
                2,
                2,
                2,
                2
            ],
            [
                1,
                2,
                2,
                2,
                2
            ]
        ],
        "_output_item": "Objective function normalized: M-0.09298245614035087 + E-0.6251968503937009 + T-0.08733501825329963 = 0.8055143247873513 \nObjective function: M-459.0 + E-1465.0 + T-311.0 = 0.8055143247873513 \nStart Times: [0, 246, 83, 136, 178, 167, 307, 214, 50, 110, 102, 175, 248, 302, 352, 434, 378, 318, 96, 230, 322, 130, 277, 203, 40]\nSpeed Scaling; [1, 2, 2, 2, 2, 2, 2, 4, 2, 2, 2, 2, 3, 2, 1, 1, 2, 2, 2, 2, 1, 2, 2, 2, 2]\n",
        "_checker": ""
    },
    "statistics": {
        "paths": 0,
        "flatIntVars": 501,
        "flatFloatVars": 54,
        "flatIntConstraints": 576,
        "flatFloatConstraints": 54,
        "evaluatedHalfReifiedConstraints": 100,
        "method": "minimize",
        "flatTime": 141.898,
        "objective": 0.805514324787,
        "objectiveBound": 0.805514324787,
        "nodes": 32337,
        "openNodes": 4491,
        "solveTime": 37705.0,
        "time": 15619.0,
        "nSolutions": 12
    }
}