{
    "bestSolution": [
        4,
        1,
        0,
        1,
        2,
        1,
        1,
        2,
        1,
        2,
        0,
        0,
        3,
        1,
        0,
        4,
        3,
        4,
        4,
        4,
        1,
        0,
        2,
        1,
        0,
        1,
        4,
        1,
        2,
        3,
        0,
        1,
        2,
        1,
        3,
        1,
        4,
        4,
        3,
        1,
        4,
        3,
        3,
        4,
        2,
        0,
        1,
        2,
        1,
        3
    ],
    "makespan": 437,
    "normalized_makespan": 0.08654970760233918,
    "energy": 1574,
    "normalized_energy": 0.7110236220472441,
    "tardiness": 269,
    "normalized_tardiness": 0.07554057848918844,
    "bestObjectiveFunction": 0.8731139081387718,
    "tiempo_por_iteracion": 0.9042105449212564
}