{
    "bestSolution": [
        9,
        0,
        9,
        2,
        8,
        0,
        3,
        2,
        7,
        0,
        5,
        0,
        2,
        0,
        6,
        0,
        4,
        0,
        4,
        0,
        7,
        0,
        5,
        0,
        0,
        0,
        1,
        0,
        6,
        1,
        9,
        0,
        0,
        2,
        8,
        0,
        1,
        0,
        2,
        2,
        4,
        0,
        9,
        0,
        8,
        0,
        9,
        1,
        2,
        1,
        0,
        0,
        5,
        0,
        8,
        2,
        2,
        0,
        9,
        1,
        3,
        0,
        1,
        0,
        1,
        0,
        6,
        0,
        7,
        1,
        5,
        0,
        4,
        0,
        1,
        0,
        7,
        2,
        8,
        0,
        3,
        0,
        1,
        1,
        9,
        1,
        4,
        0,
        5,
        0,
        6,
        2,
        3,
        1,
        2,
        2,
        0,
        1,
        2,
        0,
        9,
        0,
        8,
        0,
        8,
        1,
        1,
        0,
        6,
        1,
        0,
        1,
        0,
        0,
        7,
        1,
        2,
        0,
        7,
        0,
        6,
        1,
        5,
        1,
        7,
        2,
        4,
        0,
        0,
        1,
        9,
        0,
        9,
        1,
        5,
        0,
        2,
        0,
        3,
        0,
        3,
        0,
        6,
        0,
        0,
        0,
        7,
        0,
        1,
        0,
        6,
        0,
        3,
        0,
        5,
        0,
        6,
        0,
        1,
        0,
        8,
        2,
        0,
        0,
        4,
        1,
        1,
        0,
        8,
        0,
        4,
        1,
        8,
        0,
        6,
        2,
        4,
        0,
        3,
        1,
        7,
        0,
        7,
        1,
        2,
        0,
        3,
        1,
        5,
        0,
        5,
        2,
        4,
        0,
        2,
        0,
        0,
        2,
        3,
        0
    ],
    "makespan": 1959,
    "normalized_makespan": 0.1332965908196205,
    "energy": 4519,
    "normalized_energy": 0.29708658186294623,
    "tardiness": 0,
    "normalized_tardiness": 0,
    "bestObjectiveFunction": 0.43038317268256676,
    "tiempo_por_iteracion": 1.2748938582160256
}