{
    "bestSolution": [
        8,
        0,
        0,
        0,
        8,
        0,
        5,
        0,
        9,
        0,
        2,
        0,
        7,
        0,
        9,
        0,
        1,
        0,
        4,
        0,
        7,
        0,
        8,
        0,
        5,
        0,
        2,
        0,
        5,
        0,
        2,
        0,
        9,
        0,
        0,
        0,
        9,
        0,
        3,
        0,
        0,
        0,
        4,
        0,
        1,
        0,
        2,
        0,
        4,
        0,
        3,
        0,
        1,
        0,
        6,
        0,
        6,
        0,
        8,
        0,
        1,
        0,
        6,
        0,
        4,
        0,
        1,
        0,
        5,
        0,
        7,
        0,
        3,
        0,
        1,
        0,
        4,
        0,
        9,
        0,
        2,
        0,
        0,
        0,
        6,
        0,
        1,
        0,
        4,
        0,
        0,
        0,
        2,
        0,
        2,
        0,
        0,
        0,
        3,
        0,
        9,
        0,
        4,
        0,
        8,
        0,
        5,
        0,
        8,
        0,
        2,
        0,
        9,
        0,
        1,
        0,
        6,
        0,
        8,
        0,
        7,
        0,
        0,
        0,
        3,
        0,
        2,
        0,
        0,
        0,
        6,
        0,
        6,
        0,
        7,
        0,
        3,
        0,
        8,
        0,
        1,
        0,
        7,
        0,
        5,
        0,
        0,
        0,
        0,
        0,
        3,
        0,
        7,
        0,
        3,
        0,
        4,
        0,
        1,
        0,
        9,
        0,
        6,
        0,
        6,
        0,
        9,
        0,
        4,
        0,
        5,
        0,
        3,
        0,
        5,
        0,
        7,
        0,
        6,
        0,
        4,
        0,
        5,
        0,
        7,
        0,
        3,
        0,
        2,
        0,
        8,
        0,
        8,
        0,
        9,
        0,
        7,
        0,
        5,
        0
    ],
    "makespan": 717,
    "normalized_makespan": 0.12201963534361851,
    "energy": 7240,
    "normalized_energy": 0,
    "tardiness": 0,
    "normalized_tardiness": 0,
    "bestObjectiveFunction": 0.12201963534361851,
    "tiempo_por_iteracion": 0.719148317972819
}