{
    "bestSolution": [
        18,
        1,
        2,
        0,
        12,
        1,
        7,
        2,
        8,
        2,
        3,
        1,
        15,
        4,
        18,
        3,
        10,
        3,
        16,
        2,
        15,
        4,
        0,
        1,
        16,
        2,
        15,
        3,
        6,
        1,
        11,
        4,
        6,
        0,
        1,
        1,
        14,
        2,
        13,
        3,
        19,
        4,
        7,
        4,
        5,
        1,
        7,
        1,
        8,
        0,
        11,
        3,
        10,
        2,
        17,
        1,
        13,
        1,
        13,
        4,
        4,
        4,
        5,
        3,
        0,
        1,
        15,
        4,
        15,
        0,
        11,
        1,
        10,
        1,
        2,
        2,
        14,
        4,
        16,
        2,
        11,
        0,
        8,
        3,
        1,
        0,
        1,
        1,
        4,
        0,
        17,
        0,
        13,
        2,
        6,
        3,
        11,
        1,
        9,
        2,
        4,
        2,
        18,
        3,
        13,
        0,
        9,
        3,
        4,
        0,
        2,
        2,
        17,
        4,
        2,
        2,
        3,
        4,
        12,
        2,
        7,
        0,
        9,
        3,
        3,
        0,
        5,
        1,
        0,
        0,
        16,
        0,
        19,
        2,
        0,
        0,
        3,
        1,
        5,
        3,
        6,
        2,
        12,
        3,
        0,
        0,
        19,
        2,
        18,
        1,
        18,
        4,
        4,
        1,
        19,
        1,
        1,
        0,
        17,
        1,
        12,
        4,
        9,
        0,
        5,
        4,
        16,
        4,
        8,
        4,
        2,
        2,
        10,
        1,
        17,
        0,
        1,
        1,
        8,
        1,
        14,
        0,
        14,
        2,
        7,
        3,
        9,
        1,
        10,
        4,
        3,
        1,
        14,
        2,
        6,
        3,
        12,
        0,
        19,
        2
    ],
    "makespan": 1037,
    "normalized_makespan": 0.06515264333581534,
    "energy": 6440,
    "normalized_energy": 0.7032418952618454,
    "tardiness": 3731,
    "normalized_tardiness": 0.2744997057092407,
    "bestObjectiveFunction": 1.0428942443069016,
    "tiempo_por_iteracion": 1.1391159595723925
}