{
    "bestSolution": [
        7,
        0,
        1,
        0,
        5,
        0,
        4,
        0,
        9,
        0,
        1,
        0,
        0,
        0,
        3,
        0,
        8,
        0,
        2,
        0,
        7,
        0,
        5,
        0,
        0,
        0,
        8,
        0,
        6,
        0,
        1,
        0,
        6,
        0,
        2,
        0,
        3,
        0,
        8,
        0,
        2,
        0,
        0,
        0,
        4,
        0,
        1,
        0,
        6,
        0,
        5,
        0,
        2,
        0,
        6,
        0,
        9,
        0,
        2,
        0,
        7,
        0,
        3,
        0,
        9,
        0,
        3,
        0,
        6,
        0,
        0,
        0,
        8,
        0,
        5,
        0,
        1,
        0,
        9,
        0,
        8,
        0,
        7,
        0,
        9,
        0,
        4,
        0,
        4,
        0,
        0,
        0,
        5,
        0,
        4,
        0,
        3,
        0,
        7,
        0
    ],
    "makespan": 533,
    "normalized_makespan": 0.21592442645074225,
    "energy": 3585,
    "normalized_energy": 0,
    "tardiness": 510,
    "normalized_tardiness": 0.3008849557522124,
    "bestObjectiveFunction": 0.5168093822029547,
    "tiempo_por_iteracion": 1.0576819355289142
}