{
    "bestSolution": [
        2,
        1,
        11,
        0,
        2,
        2,
        10,
        1,
        19,
        0,
        10,
        0,
        7,
        1,
        14,
        0,
        18,
        0,
        14,
        0,
        4,
        2,
        13,
        0,
        12,
        0,
        11,
        0,
        16,
        0,
        0,
        0,
        0,
        0,
        9,
        0,
        0,
        0,
        12,
        0,
        8,
        0,
        13,
        2,
        16,
        0,
        2,
        0,
        4,
        0,
        19,
        0,
        11,
        1,
        14,
        1,
        6,
        0,
        5,
        0,
        18,
        0,
        1,
        0,
        1,
        1,
        3,
        0,
        9,
        0,
        3,
        0,
        0,
        0,
        14,
        0,
        15,
        1,
        7,
        1,
        2,
        0,
        19,
        1,
        16,
        0,
        1,
        0,
        5,
        0,
        10,
        0,
        4,
        0,
        18,
        0,
        17,
        1,
        8,
        1,
        12,
        0,
        6,
        0,
        16,
        1,
        7,
        0,
        8,
        0,
        9,
        1,
        15,
        0,
        17,
        0,
        7,
        0,
        12,
        0,
        9,
        0,
        14,
        0,
        19,
        2,
        6,
        0,
        17,
        0,
        8,
        0,
        11,
        0,
        3,
        1,
        5,
        0,
        10,
        0,
        13,
        1,
        15,
        0,
        1,
        0,
        0,
        0,
        2,
        0,
        1,
        0,
        19,
        1,
        15,
        2,
        18,
        0,
        12,
        0,
        9,
        2,
        6,
        1,
        17,
        0,
        17,
        0,
        5,
        2,
        13,
        0,
        7,
        0,
        4,
        0,
        16,
        1,
        5,
        0,
        8,
        0,
        10,
        0,
        3,
        0,
        18,
        0,
        13,
        0,
        3,
        0,
        4,
        0,
        6,
        0,
        15,
        0,
        11,
        0
    ],
    "makespan": 2728,
    "normalized_makespan": 0.19318438275784247,
    "energy": 3995,
    "normalized_energy": 0.21971830985915494,
    "tardiness": 0,
    "normalized_tardiness": 0,
    "bestObjectiveFunction": 0.4129026926169974,
    "tiempo_por_iteracion": 0.6999720172448591
}