{
    "bestSolution": [
        7,
        0,
        18,
        2,
        5,
        0,
        9,
        0,
        14,
        2,
        2,
        0,
        11,
        0,
        15,
        0,
        7,
        2,
        0,
        2,
        13,
        0,
        2,
        1,
        9,
        0,
        17,
        0,
        6,
        2,
        7,
        0,
        9,
        0,
        14,
        0,
        18,
        2,
        19,
        2,
        19,
        2,
        13,
        0,
        2,
        0,
        3,
        2,
        16,
        0,
        6,
        0,
        5,
        0,
        11,
        2,
        19,
        0,
        7,
        0,
        10,
        0,
        4,
        0,
        12,
        0,
        5,
        0,
        11,
        2,
        4,
        0,
        17,
        0,
        12,
        0,
        17,
        0,
        5,
        0,
        1,
        2,
        1,
        2,
        3,
        0,
        6,
        0,
        19,
        2,
        12,
        0,
        18,
        0,
        13,
        1,
        2,
        0,
        16,
        0,
        12,
        0,
        11,
        2,
        11,
        2,
        8,
        0,
        5,
        0,
        0,
        2,
        14,
        0,
        3,
        0,
        9,
        0,
        13,
        0,
        18,
        0,
        10,
        0,
        0,
        2,
        15,
        0,
        8,
        1,
        6,
        0,
        9,
        0,
        12,
        0,
        2,
        0,
        8,
        2,
        17,
        0,
        1,
        0,
        10,
        2,
        10,
        2,
        0,
        2,
        17,
        0,
        18,
        2,
        14,
        1,
        13,
        0,
        4,
        0,
        7,
        0,
        4,
        2,
        15,
        0,
        0,
        2,
        16,
        2,
        3,
        2,
        14,
        1,
        8,
        2,
        8,
        0,
        19,
        0,
        1,
        2,
        4,
        2,
        10,
        0,
        16,
        0,
        3,
        0,
        15,
        2,
        15,
        0,
        16,
        2,
        1,
        0,
        6,
        0
    ],
    "makespan": 2315,
    "normalized_makespan": 0.16211539908222372,
    "energy": 4736,
    "normalized_energy": 0.3688128772635815,
    "tardiness": 0,
    "normalized_tardiness": 0,
    "bestObjectiveFunction": 0.5309282763458052,
    "tiempo_por_iteracion": 2.810387763110074
}