{
    "status": "OPTIMAL_SOLUTION",
    "solution": {
        "objective": 0.2894736842105263,
        "start_time": [
            [
                0,
                561,
                112,
                233,
                357
            ],
            [
                357,
                739,
                571,
                0,
                205
            ],
            [
                78,
                224,
                453,
                571,
                759
            ],
            [
                1106,
                943,
                759,
                423,
                513
            ],
            [
                1052,
                430,
                933,
                725,
                0
            ]
        ],
        "SpeedScaling": [
            [
                1,
                1,
                1,
                1,
                1
            ],
            [
                1,
                1,
                1,
                1,
                1
            ],
            [
                1,
                1,
                1,
                1,
                1
            ],
            [
                1,
                1,
                1,
                1,
                1
            ],
            [
                1,
                1,
                1,
                1,
                1
            ]
        ],
        "_output_item": "Objective function: 0.2894736842105263 + 1.387778780781446e-17 = 0.2894736842105263 \nObjective function : M-1131.0 + E-671.0 = 0.2894736842105263 \nStart Times: [0, 561, 112, 233, 357, 357, 739, 571, 0, 205, 78, 224, 453, 571, 759, 1106, 943, 759, 423, 513, 1052, 430, 933, 725, 0]\nSpeed Scaling; [1, 1, 1, 1, 1, 1, 1, 1, 1, 1, 1, 1, 1, 1, 1, 1, 1, 1, 1, 1, 1, 1, 1, 1, 1]\n",
        "_checker": ""
    },
    "statistics": {
        "paths": 0,
        "flatIntVars": 301,
        "flatFloatVars": 29,
        "flatIntConstraints": 351,
        "flatFloatConstraints": 29,
        "evaluatedHalfReifiedConstraints": 100,
        "method": "minimize",
        "flatTime": 128.934,
        "objective": 0.289473684211,
        "objectiveBound": 0.289473684211,
        "nodes": 240,
        "solveTime": 360.8,
        "time": 332.0,
        "openNodes": 40,
        "nSolutions": 11
    }
}