{
    "bestSolution": [
        4,
        0,
        4,
        0,
        0,
        0,
        4,
        0,
        2,
        0,
        3,
        0,
        1,
        0,
        4,
        0,
        2,
        0,
        1,
        0,
        0,
        0,
        1,
        0,
        4,
        0,
        3,
        0,
        2,
        0,
        1,
        0,
        3,
        0,
        0,
        0,
        2,
        0,
        0,
        0,
        1,
        0,
        3,
        0,
        0,
        0,
        2,
        0,
        3,
        0
    ],
    "makespan": 264,
    "normalized_makespan": 0.13414634146341464,
    "energy": 1848,
    "normalized_energy": 0,
    "tardiness": 0,
    "normalized_tardiness": 0.0,
    "bestObjectiveFunction": 0.13414634146341464,
    "tiempo_por_iteracion": 0.139093384375939
}