{
    "bestSolution": [
        4,
        0,
        2,
        0,
        3,
        0,
        1,
        0,
        1,
        0,
        0,
        0,
        3,
        0,
        2,
        0,
        0,
        0,
        4,
        0,
        2,
        0,
        0,
        0,
        3,
        0,
        3,
        0,
        0,
        0,
        1,
        0,
        4,
        0,
        1,
        0,
        4,
        0,
        1,
        0,
        0,
        0,
        2,
        0,
        4,
        0,
        3,
        0,
        2,
        0
    ],
    "makespan": 265,
    "normalized_makespan": 0.13588850174216027,
    "energy": 1848,
    "normalized_energy": 0,
    "tardiness": 0,
    "normalized_tardiness": 0.0,
    "bestObjectiveFunction": 0.13588850174216027,
    "tiempo_por_iteracion": 0.7930958411272835
}