{
    "bestSolution": [
        1,
        2,
        3,
        1,
        3,
        2,
        2,
        1,
        0,
        1,
        1,
        0,
        2,
        1,
        4,
        0,
        0,
        1,
        4,
        0,
        3,
        0,
        2,
        2,
        0,
        0,
        2,
        1,
        1,
        1,
        2,
        2,
        4,
        2,
        0,
        1,
        0,
        1,
        4,
        1,
        1,
        0,
        1,
        2,
        4,
        0,
        2,
        2,
        0,
        2,
        2,
        0,
        2,
        0,
        3,
        0,
        0,
        2,
        0,
        0,
        3,
        1,
        0,
        0,
        4,
        2,
        1,
        0,
        3,
        2,
        0,
        0,
        2,
        1,
        4,
        0,
        3,
        1,
        1,
        1,
        3,
        2,
        3,
        0,
        1,
        0,
        1,
        2,
        3,
        0,
        2,
        0,
        4,
        1,
        4,
        1,
        1,
        1,
        4,
        2
    ],
    "makespan": 761,
    "normalized_makespan": 0.07026071586389748,
    "energy": 2877,
    "normalized_energy": 0.5923541247484909,
    "tardiness": 335,
    "normalized_tardiness": 0.04736321221546727,
    "bestObjectiveFunction": 0.7099780528278556,
    "tiempo_por_iteracion": 0.448321811423814
}