{
    "bestSolution": [
        1,
        1,
        0,
        2,
        4,
        1,
        4,
        0,
        0,
        0,
        1,
        0,
        2,
        0,
        3,
        2,
        2,
        1,
        0,
        2,
        2,
        0,
        3,
        0,
        3,
        1,
        4,
        2,
        1,
        1,
        2,
        2,
        3,
        2,
        1,
        2,
        0,
        0,
        4,
        1,
        2,
        2,
        1,
        1,
        3,
        1,
        1,
        0,
        4,
        2,
        1,
        2,
        2,
        2,
        2,
        0,
        4,
        2,
        0,
        2,
        0,
        1,
        4,
        0,
        4,
        1,
        2,
        2,
        4,
        0,
        3,
        0,
        0,
        2,
        0,
        2,
        3,
        2,
        1,
        0,
        3,
        1,
        2,
        1,
        3,
        2,
        0,
        1,
        1,
        2,
        2,
        0,
        4,
        2,
        3,
        2,
        0,
        1,
        1,
        2
    ],
    "makespan": 714,
    "normalized_makespan": 0.06333775224628074,
    "energy": 3123,
    "normalized_energy": 0.6913480885311871,
    "tardiness": 144,
    "normalized_tardiness": 0.020359112116499364,
    "bestObjectiveFunction": 0.7750449528939672,
    "tiempo_por_iteracion": 0.9391600123622961
}