{
    "bestSolution": [
        1,
        0,
        5,
        3,
        3,
        2,
        0,
        3,
        4,
        3,
        2,
        4,
        5,
        1,
        6,
        4,
        9,
        0,
        1,
        3,
        3,
        4,
        9,
        3,
        6,
        2,
        7,
        4,
        0,
        2,
        5,
        4,
        5,
        4,
        5,
        1,
        8,
        3,
        6,
        1,
        8,
        4,
        7,
        2,
        2,
        3,
        4,
        3,
        8,
        3,
        6,
        2,
        1,
        2,
        9,
        1,
        1,
        3,
        8,
        0,
        4,
        4,
        4,
        4,
        6,
        0,
        4,
        2,
        3,
        2,
        2,
        4,
        0,
        3,
        3,
        4,
        7,
        1,
        1,
        2,
        9,
        0,
        7,
        0,
        0,
        1,
        3,
        4,
        2,
        3,
        0,
        2,
        8,
        1,
        7,
        2,
        2,
        1,
        9,
        4
    ],
    "makespan": 152,
    "normalized_makespan": 0.09575353871773522,
    "energy": 4629,
    "normalized_energy": 0.8007518796992481,
    "tardiness": 276,
    "normalized_tardiness": 0.22294022617124395,
    "bestObjectiveFunction": 1.1194456445882273,
    "tiempo_por_iteracion": 0.8920423117550936
}