{
    "bestSolution": [
        11,
        0,
        14,
        4,
        0,
        0,
        10,
        0,
        2,
        0,
        3,
        0,
        6,
        2,
        7,
        2,
        17,
        1,
        5,
        3,
        3,
        0,
        0,
        1,
        0,
        0,
        7,
        0,
        17,
        0,
        5,
        1,
        13,
        4,
        16,
        0,
        3,
        0,
        1,
        1,
        13,
        0,
        19,
        3,
        18,
        0,
        11,
        1,
        6,
        1,
        15,
        3,
        7,
        4,
        16,
        0,
        13,
        0,
        8,
        0,
        0,
        0,
        11,
        0,
        18,
        4,
        2,
        2,
        12,
        0,
        7,
        0,
        17,
        0,
        13,
        0,
        1,
        1,
        1,
        0,
        4,
        0,
        6,
        0,
        14,
        0,
        17,
        0,
        8,
        0,
        4,
        0,
        4,
        0,
        3,
        1,
        5,
        0,
        11,
        0,
        1,
        0,
        18,
        0,
        10,
        0,
        10,
        0,
        19,
        0,
        9,
        3,
        16,
        0,
        8,
        0,
        14,
        0,
        16,
        0,
        9,
        0,
        19,
        0,
        6,
        0,
        8,
        0,
        17,
        0,
        15,
        0,
        2,
        1,
        12,
        4,
        9,
        0,
        15,
        0,
        1,
        0,
        10,
        0,
        3,
        3,
        4,
        2,
        18,
        0,
        7,
        0,
        12,
        0,
        0,
        0,
        8,
        0,
        11,
        2,
        16,
        1,
        5,
        0,
        12,
        0,
        2,
        0,
        18,
        0,
        14,
        0,
        15,
        4,
        19,
        0,
        2,
        0,
        9,
        0,
        13,
        0,
        14,
        1,
        6,
        0,
        19,
        0,
        12,
        1,
        9,
        0,
        5,
        3,
        4,
        0,
        15,
        0,
        10,
        1
    ],
    "makespan": 2401,
    "normalized_makespan": 0.17377125553226183,
    "energy": 4244,
    "normalized_energy": 0.24519033974621368,
    "tardiness": 0,
    "normalized_tardiness": 0,
    "bestObjectiveFunction": 0.41896159527847554,
    "tiempo_por_iteracion": 0.8211115608065147
}