{
    "bestSolution": [
        1,
        1,
        1,
        0,
        2,
        1,
        12,
        0,
        8,
        2,
        12,
        1,
        0,
        2,
        18,
        0,
        5,
        0,
        11,
        0,
        17,
        0,
        7,
        2,
        13,
        0,
        3,
        2,
        17,
        0,
        7,
        0,
        0,
        0,
        11,
        0,
        10,
        0,
        14,
        0,
        0,
        2,
        5,
        0,
        7,
        0,
        17,
        2,
        3,
        2,
        6,
        0,
        18,
        2,
        15,
        1,
        4,
        2,
        14,
        0,
        10,
        0,
        13,
        0,
        8,
        0,
        11,
        0,
        11,
        0,
        7,
        2,
        6,
        0,
        12,
        2,
        19,
        0,
        9,
        2,
        12,
        0,
        6,
        0,
        14,
        0,
        18,
        0,
        8,
        2,
        1,
        2,
        16,
        0,
        10,
        0,
        8,
        2,
        13,
        0,
        10,
        0,
        3,
        0,
        9,
        2,
        2,
        0,
        11,
        2,
        7,
        0,
        1,
        0,
        6,
        2,
        17,
        0,
        15,
        0,
        5,
        2,
        19,
        2,
        16,
        2,
        14,
        0,
        12,
        2,
        15,
        2,
        2,
        2,
        1,
        0,
        16,
        2,
        9,
        2,
        0,
        1,
        18,
        2,
        4,
        2,
        0,
        2,
        17,
        0,
        3,
        0,
        5,
        2,
        16,
        2,
        9,
        0,
        18,
        0,
        8,
        1,
        10,
        0,
        13,
        2,
        4,
        2,
        14,
        2,
        15,
        2,
        2,
        0,
        9,
        0,
        3,
        0,
        19,
        0,
        19,
        0,
        19,
        2,
        15,
        0,
        4,
        0,
        4,
        0,
        6,
        2,
        2,
        0,
        5,
        2,
        16,
        0,
        13,
        0
    ],
    "makespan": 537,
    "normalized_makespan": 0.20300446609825415,
    "energy": 8429,
    "normalized_energy": 0.3032886723507917,
    "tardiness": 0,
    "normalized_tardiness": 0,
    "bestObjectiveFunction": 0.5062931384490459,
    "tiempo_por_iteracion": 1.703555252816942
}