{
    "bestSolution": [
        3,
        1,
        0,
        1,
        3,
        2,
        2,
        1,
        4,
        0,
        0,
        0,
        1,
        2,
        1,
        1,
        4,
        1,
        1,
        1,
        2,
        0,
        0,
        2,
        1,
        1,
        3,
        1,
        4,
        1,
        4,
        2,
        3,
        2,
        0,
        1,
        2,
        2,
        2,
        1,
        1,
        0,
        2,
        1,
        0,
        1,
        4,
        0,
        3,
        1
    ],
    "makespan": 417,
    "normalized_makespan": 0.09270620313565099,
    "energy": 1737,
    "normalized_energy": 0.7716204869857263,
    "tardiness": 231,
    "normalized_tardiness": 0.07502435855797336,
    "bestObjectiveFunction": 0.9393510486793507,
    "tiempo_por_iteracion": 0.5233020989362859
}