{
    "bestSolution": [
        2,
        0,
        9,
        0,
        8,
        2,
        3,
        0,
        1,
        2,
        3,
        2,
        3,
        2,
        1,
        1,
        8,
        2,
        8,
        0,
        5,
        1,
        5,
        2,
        9,
        2,
        8,
        0,
        7,
        2,
        1,
        0,
        9,
        0,
        4,
        0,
        4,
        2,
        9,
        1,
        4,
        2,
        7,
        2,
        0,
        0,
        8,
        2,
        1,
        0,
        0,
        0,
        7,
        1,
        6,
        2,
        7,
        2,
        3,
        2,
        6,
        2,
        1,
        1,
        2,
        2,
        2,
        0,
        4,
        0,
        0,
        2,
        2,
        2,
        0,
        2,
        4,
        0,
        5,
        2,
        6,
        2,
        5,
        0,
        9,
        2,
        6,
        1,
        7,
        2,
        0,
        2,
        5,
        0,
        2,
        0,
        3,
        1,
        6,
        1
    ],
    "makespan": 169,
    "normalized_makespan": 0.11508951406649616,
    "energy": 4613,
    "normalized_energy": 0.7559366754617414,
    "tardiness": 270,
    "normalized_tardiness": 0.22369511184755592,
    "bestObjectiveFunction": 1.0947213013757935,
    "tiempo_por_iteracion": 1.2082419828935103
}