{
    "bestSolution": [
        6,
        3,
        0,
        2,
        2,
        4,
        8,
        1,
        3,
        2,
        0,
        1,
        5,
        1,
        2,
        3,
        5,
        3,
        0,
        4,
        6,
        1,
        8,
        3,
        8,
        3,
        4,
        3,
        0,
        4,
        7,
        4,
        3,
        2,
        4,
        2,
        9,
        3,
        7,
        3,
        6,
        4,
        1,
        0,
        3,
        1,
        2,
        2,
        6,
        3,
        4,
        2,
        8,
        1,
        9,
        1,
        9,
        2,
        2,
        2,
        7,
        2,
        9,
        0,
        1,
        4,
        5,
        3,
        2,
        3,
        1,
        1,
        6,
        3,
        5,
        0,
        9,
        1,
        4,
        2,
        0,
        4,
        8,
        2,
        3,
        3,
        4,
        4,
        1,
        3,
        7,
        3,
        5,
        4,
        3,
        2,
        7,
        2,
        1,
        1
    ],
    "makespan": 507,
    "normalized_makespan": 0.05573097568676982,
    "energy": 3582,
    "normalized_energy": 0.8407695456406058,
    "tardiness": 552,
    "normalized_tardiness": 0.08508014796547472,
    "bestObjectiveFunction": 0.9815806692928503,
    "tiempo_por_iteracion": 1.1467855439867292
}