{
    "bestSolution": [
        2,
        1,
        0,
        0,
        4,
        1,
        2,
        4,
        2,
        1,
        1,
        3,
        3,
        0,
        3,
        1,
        1,
        4,
        1,
        1,
        2,
        1,
        4,
        1,
        1,
        0,
        0,
        1,
        4,
        0,
        0,
        4,
        3,
        2,
        3,
        3,
        0,
        0,
        4,
        3,
        1,
        1,
        1,
        0,
        4,
        1,
        3,
        0,
        3,
        1,
        0,
        1,
        1,
        1,
        2,
        0,
        0,
        4,
        4,
        0,
        4,
        3,
        0,
        4,
        1,
        2,
        3,
        2,
        2,
        2,
        2,
        1,
        1,
        3,
        2,
        2,
        3,
        0,
        4,
        1,
        4,
        0,
        3,
        1,
        0,
        0,
        3,
        1,
        2,
        1,
        1,
        0,
        4,
        0,
        0,
        1,
        0,
        2,
        2,
        0
    ],
    "makespan": 879,
    "normalized_makespan": 0.09302686752601336,
    "energy": 2836,
    "normalized_energy": 0.549795918367347,
    "tardiness": 379,
    "normalized_tardiness": 0.05640720345289477,
    "bestObjectiveFunction": 0.6992299893462551,
    "tiempo_por_iteracion": 0.5358776517492957
}