{
    "bestSolution": [
        1,
        2,
        5,
        1,
        3,
        1,
        7,
        1,
        9,
        2,
        0,
        0,
        1,
        0,
        2,
        0,
        8,
        1,
        6,
        1,
        7,
        0,
        9,
        0,
        9,
        2,
        8,
        0,
        5,
        2,
        6,
        2,
        4,
        1,
        0,
        1,
        1,
        1,
        3,
        2,
        9,
        1,
        6,
        2,
        4,
        1,
        3,
        0,
        0,
        0,
        1,
        2,
        5,
        0,
        6,
        1,
        4,
        1,
        2,
        2,
        8,
        1,
        6,
        1,
        7,
        0,
        4,
        2,
        3,
        1,
        5,
        0,
        1,
        0,
        3,
        1,
        8,
        1,
        2,
        0,
        0,
        1,
        0,
        1,
        2,
        0,
        9,
        0,
        7,
        0,
        5,
        2,
        4,
        0,
        2,
        1,
        7,
        2,
        8,
        1
    ],
    "makespan": 644,
    "normalized_makespan": 0.07151196730881494,
    "energy": 3084,
    "normalized_energy": 0.6578621543541064,
    "tardiness": 1558,
    "normalized_tardiness": 0.22238081644304883,
    "bestObjectiveFunction": 0.9517549381059702,
    "tiempo_por_iteracion": 0.6235343840064071
}