{
    "status": "SATISFIED",
    "solution": {
        "objective": 0.4033412887828169,
        "start_time": [
            [
                30,
                27,
                88,
                18,
                0
            ],
            [
                127,
                0,
                161,
                128,
                98
            ],
            [
                169,
                161,
                140,
                162,
                127
            ],
            [
                88,
                30,
                96,
                60,
                140
            ],
            [
                128,
                18,
                0,
                6,
                27
            ]
        ],
        "SpeedScaling": [
            [
                1,
                1,
                1,
                1,
                1
            ],
            [
                1,
                1,
                1,
                1,
                1
            ],
            [
                1,
                1,
                1,
                1,
                1
            ],
            [
                1,
                1,
                1,
                1,
                1
            ],
            [
                1,
                1,
                1,
                1,
                1
            ]
        ],
        "_output_item": "Objective function: 0.403341288782816 + 9.71445146547012e-16 = 0.4033412887828169 \nObjective function : M-192.0 + E-2115.0 = 0.4033412887828169 \nStart Times: [30, 27, 88, 18, 0, 127, 0, 161, 128, 98, 169, 161, 140, 162, 127, 88, 30, 96, 60, 140, 128, 18, 0, 6, 27]\nSpeed Scaling; [1, 1, 1, 1, 1, 1, 1, 1, 1, 1, 1, 1, 1, 1, 1, 1, 1, 1, 1, 1, 1, 1, 1, 1, 1]\n",
        "_checker": ""
    },
    "statistics": {
        "paths": 0,
        "flatBoolVars": 100,
        "flatIntVars": 120,
        "flatFloatVars": 26,
        "flatBoolConstraints": 50,
        "flatIntConstraints": 226,
        "flatFloatConstraints": 26,
        "evaluatedHalfReifiedConstraints": 100,
        "method": "minimize",
        "flatTime": 46.556,
        "time": 66.0,
        "initTime": 2.034,
        "solveTime": 27162.199999999997,
        "solutions": 1,
        "variables": 220,
        "propagators": 296,
        "propagations": 41650607,
        "nodes": 33388945,
        "failures": 16694409,
        "restarts": 0,
        "peakDepth": 97,
        "nSolutions": 1
    }
}