{
    "bestSolution": [
        7,
        0,
        4,
        1,
        6,
        0,
        0,
        0,
        3,
        2,
        8,
        0,
        4,
        0,
        7,
        1,
        6,
        2,
        8,
        0,
        0,
        2,
        4,
        1,
        3,
        0,
        5,
        0,
        3,
        1,
        3,
        1,
        7,
        2,
        5,
        2,
        6,
        1,
        7,
        0,
        4,
        0,
        0,
        1,
        1,
        1,
        4,
        1,
        9,
        2,
        2,
        1,
        3,
        1,
        1,
        1,
        6,
        2,
        8,
        2,
        5,
        1,
        7,
        1,
        9,
        1,
        9,
        0,
        1,
        0,
        1,
        1,
        0,
        0,
        5,
        0,
        2,
        0,
        1,
        1,
        0,
        1,
        2,
        2,
        8,
        2,
        9,
        2,
        9,
        1,
        6,
        0,
        2,
        0,
        5,
        0,
        2,
        0,
        8,
        1
    ],
    "makespan": 141,
    "normalized_makespan": 0.10302457466918714,
    "energy": 4601,
    "normalized_energy": 0.7142857142857143,
    "tardiness": 244,
    "normalized_tardiness": 0.22385321100917432,
    "bestObjectiveFunction": 1.0411634999640758,
    "tiempo_por_iteracion": 0.4228910058736801
}