{
    "bestSolution": [
        1,
        4,
        0,
        1,
        2,
        3,
        4,
        3,
        4,
        2,
        0,
        1,
        2,
        1,
        3,
        1,
        3,
        2,
        4,
        4,
        4,
        1,
        1,
        2,
        1,
        1,
        1,
        3,
        1,
        2,
        2,
        2,
        4,
        4,
        2,
        3,
        0,
        1,
        1,
        2,
        0,
        3,
        0,
        1,
        4,
        1,
        2,
        3,
        1,
        0,
        3,
        4,
        4,
        1,
        2,
        1,
        0,
        4,
        0,
        4,
        1,
        4,
        1,
        3,
        4,
        1,
        1,
        4,
        3,
        2,
        3,
        1,
        3,
        0,
        3,
        2,
        2,
        4,
        3,
        3,
        2,
        1,
        4,
        1,
        0,
        3,
        0,
        2,
        4,
        2,
        1,
        1,
        3,
        4,
        2,
        2,
        3,
        0,
        4,
        3,
        3,
        1,
        2,
        2,
        3,
        2,
        2,
        2,
        4,
        3,
        4,
        1,
        0,
        2,
        2,
        4,
        1,
        2,
        3,
        2,
        0,
        2,
        4,
        2,
        3,
        3,
        3,
        0,
        1,
        4,
        3,
        3,
        2,
        3,
        0,
        2,
        2,
        1,
        2,
        3,
        4,
        4,
        0,
        3,
        0,
        0,
        1,
        2,
        1,
        4,
        1,
        2,
        3,
        1,
        4,
        4,
        3,
        2,
        1,
        1,
        0,
        2,
        1,
        4,
        0,
        1,
        2,
        0,
        3,
        4,
        4,
        3,
        3,
        0,
        4,
        4,
        1,
        1,
        0,
        4,
        4,
        2,
        0,
        1,
        2,
        1,
        4,
        3,
        2,
        0,
        2,
        0,
        2,
        0,
        0,
        1,
        0,
        3,
        1,
        2
    ],
    "makespan": 279,
    "normalized_makespan": 0.053328290468986385,
    "energy": 9317,
    "normalized_energy": 0.8757292882147024,
    "tardiness": 254,
    "normalized_tardiness": 0.09130122214234364,
    "bestObjectiveFunction": 1.0203588008260325,
    "tiempo_por_iteracion": 0.9255811423737539
}