{
    "bestSolution": [
        3,
        2,
        3,
        0,
        4,
        0,
        4,
        0,
        0,
        0,
        0,
        0,
        1,
        3,
        3,
        4,
        4,
        2,
        2,
        1,
        2,
        0,
        4,
        1,
        1,
        0,
        0,
        0,
        4,
        0,
        1,
        0,
        3,
        1,
        3,
        0,
        2,
        1,
        3,
        2,
        2,
        1,
        0,
        3,
        1,
        4,
        1,
        1,
        2,
        1,
        2,
        1,
        1,
        1,
        1,
        1,
        4,
        1,
        4,
        4,
        4,
        2,
        2,
        1,
        0,
        0,
        2,
        4,
        4,
        4,
        2,
        4,
        0,
        1,
        2,
        0,
        3,
        0,
        3,
        3,
        1,
        1,
        0,
        2,
        3,
        2,
        3,
        4,
        0,
        2,
        3,
        3,
        1,
        0,
        0,
        2,
        4,
        0,
        1,
        1,
        1,
        4,
        3,
        1,
        4,
        1,
        3,
        2,
        0,
        1,
        0,
        3,
        1,
        1,
        4,
        4,
        2,
        0,
        3,
        3,
        0,
        2,
        2,
        3,
        2,
        4,
        4,
        2,
        0,
        0,
        1,
        0,
        1,
        2,
        0,
        1,
        3,
        0,
        2,
        4,
        3,
        1,
        0,
        2,
        4,
        1,
        2,
        0,
        1,
        0,
        0,
        0,
        3,
        2,
        0,
        2,
        3,
        4,
        4,
        3,
        1,
        1,
        0,
        1,
        1,
        3,
        4,
        3,
        2,
        2,
        4,
        0,
        1,
        1,
        3,
        0,
        1,
        3,
        4,
        1,
        2,
        3,
        0,
        3,
        4,
        1,
        1,
        1,
        4,
        4,
        2,
        0,
        0,
        2,
        3,
        0,
        2,
        1,
        2,
        2
    ],
    "makespan": 1546,
    "normalized_makespan": 0.07020314406718829,
    "energy": 5834,
    "normalized_energy": 0.6071942446043166,
    "tardiness": 189,
    "normalized_tardiness": 0.01303538175046555,
    "bestObjectiveFunction": 0.6904327704219705,
    "tiempo_por_iteracion": 1.1471134068673117
}