{
    "bestSolution": [
        2,
        0,
        3,
        0,
        4,
        0,
        1,
        0,
        2,
        0,
        0,
        0,
        3,
        0,
        2,
        0,
        4,
        0,
        1,
        0,
        3,
        0,
        0,
        0,
        1,
        0,
        0,
        0,
        0,
        0,
        4,
        0,
        3,
        0,
        3,
        0,
        1,
        0,
        2,
        0,
        4,
        0,
        2,
        0,
        0,
        0,
        4,
        0,
        1,
        0
    ],
    "makespan": 212,
    "normalized_makespan": 0.05137614678899083,
    "energy": 1866,
    "normalized_energy": 0,
    "tardiness": 0,
    "normalized_tardiness": 0,
    "bestObjectiveFunction": 0.05137614678899083,
    "tiempo_por_iteracion": 1.2703418731689453
}