{
    "bestSolution": [
        3,
        2,
        4,
        0,
        4,
        0,
        0,
        2,
        3,
        1,
        4,
        2,
        0,
        2,
        2,
        1,
        0,
        1,
        1,
        1,
        3,
        0,
        1,
        0,
        3,
        0,
        2,
        2,
        0,
        2,
        3,
        2,
        1,
        2,
        0,
        0,
        2,
        2,
        4,
        1,
        3,
        1,
        0,
        0,
        3,
        1,
        1,
        0,
        2,
        2,
        1,
        1,
        2,
        1,
        1,
        1,
        4,
        1,
        2,
        2,
        4,
        0,
        2,
        1,
        1,
        1,
        0,
        2,
        0,
        2,
        2,
        0,
        3,
        0,
        4,
        0,
        1,
        0,
        4,
        1,
        2,
        2,
        4,
        2,
        1,
        2,
        4,
        1,
        2,
        0,
        3,
        1,
        1,
        0,
        0,
        1,
        3,
        1,
        0,
        1
    ],
    "makespan": 201,
    "normalized_makespan": 0.11484823625922888,
    "energy": 4564,
    "normalized_energy": 0.7246558197747184,
    "tardiness": 134,
    "normalized_tardiness": 0.1046875,
    "bestObjectiveFunction": 0.9441915560339473,
    "tiempo_por_iteracion": 1.0480566211775237
}