{
    "bestSolution": [
        4,
        2,
        1,
        1,
        2,
        1,
        2,
        1,
        0,
        1,
        1,
        0,
        3,
        2,
        1,
        2,
        3,
        2,
        2,
        2,
        0,
        2,
        4,
        2,
        2,
        2,
        0,
        1,
        2,
        0,
        4,
        2,
        3,
        0,
        4,
        2,
        4,
        2,
        3,
        1,
        3,
        2,
        0,
        1,
        0,
        1,
        2,
        2,
        4,
        2,
        1,
        0,
        4,
        0,
        3,
        1,
        1,
        2,
        3,
        1,
        3,
        0,
        4,
        2,
        4,
        1,
        1,
        2,
        1,
        2,
        4,
        0,
        1,
        0,
        0,
        0,
        0,
        2,
        3,
        2,
        1,
        2,
        0,
        2,
        0,
        2,
        0,
        1,
        2,
        0,
        2,
        0,
        3,
        1,
        4,
        1,
        1,
        2,
        0,
        0,
        0,
        1,
        4,
        2,
        0,
        2,
        1,
        2,
        4,
        1,
        2,
        2,
        0,
        0,
        2,
        2,
        4,
        1,
        3,
        2,
        1,
        0,
        3,
        2,
        2,
        1,
        4,
        1,
        1,
        0,
        1,
        2,
        3,
        2,
        1,
        2,
        1,
        0,
        0,
        2,
        1,
        0,
        0,
        0,
        3,
        0,
        3,
        1,
        2,
        0,
        4,
        0,
        2,
        2,
        0,
        2,
        4,
        1,
        3,
        0,
        4,
        0,
        1,
        2,
        1,
        1,
        3,
        2,
        0,
        0,
        2,
        2,
        4,
        2,
        1,
        0,
        2,
        0,
        3,
        0,
        2,
        2,
        4,
        2,
        0,
        1,
        2,
        0,
        2,
        1,
        0,
        2,
        3,
        2,
        2,
        1,
        3,
        2,
        2,
        1
    ],
    "makespan": 1358,
    "normalized_makespan": 0.05559450364554122,
    "energy": 6208,
    "normalized_energy": 0.6900041305245767,
    "tardiness": 20,
    "normalized_tardiness": 0.0013487086115044845,
    "bestObjectiveFunction": 0.7469473427816223,
    "tiempo_por_iteracion": 1.8611118332032235
}