{
    "bestSolution": [
        11,
        4,
        9,
        0,
        7,
        0,
        8,
        1,
        5,
        0,
        19,
        1,
        18,
        1,
        10,
        1,
        16,
        1,
        12,
        1,
        14,
        2,
        6,
        0,
        5,
        4,
        3,
        4,
        3,
        1,
        4,
        0,
        9,
        1,
        7,
        1,
        6,
        4,
        11,
        1,
        2,
        1,
        1,
        0,
        0,
        1,
        14,
        0,
        13,
        1,
        13,
        0,
        17,
        0,
        8,
        0,
        18,
        2,
        9,
        0,
        18,
        3,
        11,
        0,
        1,
        2,
        2,
        0,
        0,
        0,
        13,
        0,
        4,
        1,
        15,
        0,
        16,
        2,
        14,
        0,
        8,
        0,
        0,
        2,
        4,
        0,
        0,
        0,
        2,
        2,
        6,
        0,
        13,
        3,
        17,
        4,
        1,
        3,
        10,
        0,
        19,
        0,
        8,
        2,
        16,
        0,
        10,
        3,
        18,
        0,
        12,
        0,
        2,
        0,
        3,
        0,
        17,
        0,
        11,
        0,
        5,
        0,
        4,
        0,
        7,
        0,
        18,
        0,
        19,
        0,
        1,
        0,
        9,
        0,
        17,
        2,
        5,
        3,
        7,
        1,
        15,
        0,
        19,
        2,
        16,
        0,
        16,
        1,
        3,
        0,
        17,
        0,
        4,
        0,
        7,
        3,
        2,
        3,
        10,
        0,
        13,
        3,
        15,
        0,
        12,
        0,
        0,
        2,
        15,
        0,
        14,
        1,
        1,
        0,
        9,
        1,
        6,
        0,
        3,
        0,
        8,
        4,
        14,
        2,
        11,
        0,
        12,
        0,
        6,
        4,
        15,
        0,
        12,
        1,
        19,
        2,
        10,
        1,
        5,
        2
    ],
    "makespan": 1922,
    "normalized_makespan": 0.13104988830975428,
    "energy": 4957,
    "normalized_energy": 0.3950540315876974,
    "tardiness": 0,
    "normalized_tardiness": 0,
    "bestObjectiveFunction": 0.5261039198974518,
    "tiempo_por_iteracion": 0.7600281860517419
}