{
    "bestSolution": [
        3,
        4,
        0,
        1,
        6,
        0,
        1,
        1,
        9,
        1,
        8,
        4,
        2,
        3,
        2,
        2,
        2,
        3,
        1,
        4,
        6,
        1,
        3,
        1,
        4,
        0,
        1,
        3,
        7,
        1,
        5,
        4,
        4,
        4,
        9,
        1,
        7,
        2,
        3,
        1,
        5,
        1,
        5,
        1,
        9,
        2,
        7,
        3,
        6,
        1,
        8,
        3,
        0,
        3,
        2,
        2,
        3,
        4,
        8,
        3,
        4,
        1,
        9,
        1,
        8,
        2,
        0,
        4,
        2,
        1,
        3,
        0,
        1,
        1,
        8,
        3,
        9,
        1,
        0,
        4,
        6,
        1,
        8,
        4,
        7,
        0,
        3,
        1,
        1,
        4,
        7,
        1,
        4,
        3,
        8,
        3,
        1,
        1,
        8,
        1,
        2,
        1,
        5,
        3,
        6,
        2,
        2,
        2,
        4,
        1,
        0,
        2,
        5,
        4,
        5,
        1,
        9,
        0,
        9,
        2,
        3,
        1,
        4,
        2,
        5,
        1,
        9,
        1,
        7,
        2,
        0,
        0,
        2,
        1,
        7,
        4,
        8,
        2,
        6,
        1,
        9,
        0,
        0,
        4,
        1,
        0,
        3,
        0,
        4,
        4,
        1,
        1,
        7,
        0,
        5,
        1,
        0,
        3,
        5,
        0,
        4,
        1,
        2,
        1,
        3,
        0,
        8,
        0,
        6,
        2,
        9,
        1,
        6,
        3,
        7,
        3,
        4,
        1,
        1,
        0,
        0,
        1,
        1,
        2,
        2,
        0,
        6,
        1,
        6,
        3,
        7,
        2,
        5,
        4,
        4,
        2,
        3,
        2,
        0,
        0
    ],
    "makespan": 984,
    "normalized_makespan": 0.057878861987446,
    "energy": 6607,
    "normalized_energy": 0.7091250783044477,
    "tardiness": 1715,
    "normalized_tardiness": 0.13675145522685592,
    "bestObjectiveFunction": 0.9037553955187496,
    "tiempo_por_iteracion": 1.1762158662773843
}