{
    "bestSolution": [
        6,
        4,
        8,
        4,
        5,
        3,
        7,
        1,
        9,
        2,
        6,
        0,
        1,
        2,
        4,
        2,
        2,
        3,
        1,
        4,
        7,
        2,
        8,
        4,
        1,
        2,
        7,
        1,
        3,
        4,
        0,
        1,
        5,
        2,
        2,
        1,
        4,
        4,
        9,
        3,
        2,
        2,
        0,
        4,
        0,
        2,
        8,
        0,
        7,
        1,
        2,
        2,
        0,
        2,
        1,
        2,
        4,
        4,
        8,
        4,
        5,
        1,
        6,
        2,
        2,
        2,
        7,
        3,
        1,
        3,
        8,
        2,
        0,
        3,
        0,
        3,
        6,
        3,
        9,
        4,
        6,
        3,
        4,
        3,
        9,
        2,
        3,
        2,
        5,
        4,
        8,
        2,
        7,
        2,
        7,
        1,
        6,
        4,
        8,
        1,
        4,
        2,
        5,
        0,
        1,
        3,
        8,
        2,
        0,
        4,
        6,
        2,
        3,
        1,
        0,
        2,
        4,
        3,
        1,
        2,
        5,
        4,
        8,
        3,
        2,
        3,
        1,
        1,
        1,
        2,
        9,
        2,
        3,
        1,
        3,
        2,
        1,
        3,
        4,
        3,
        9,
        4,
        7,
        2,
        9,
        4,
        0,
        3,
        2,
        2,
        6,
        3,
        6,
        3,
        7,
        2,
        5,
        2,
        3,
        2,
        5,
        4,
        3,
        3,
        2,
        3,
        9,
        4,
        8,
        4,
        0,
        2,
        4,
        2,
        6,
        3,
        9,
        4,
        7,
        4,
        4,
        4,
        9,
        4,
        5,
        4,
        2,
        3,
        5,
        2,
        3,
        3,
        3,
        3,
        2,
        3,
        3,
        0,
        4,
        2
    ],
    "makespan": 882,
    "normalized_makespan": 0.04956387054699601,
    "energy": 7406,
    "normalized_energy": 0.8759657548548757,
    "tardiness": 826,
    "normalized_tardiness": 0.06586396619089387,
    "bestObjectiveFunction": 0.9913935915927655,
    "tiempo_por_iteracion": 2.1604617180362826
}