{
    "bestSolution": [
        0,
        0,
        1,
        0,
        0,
        0,
        2,
        2,
        0,
        1,
        2,
        1,
        4,
        2,
        2,
        0,
        0,
        2,
        0,
        1,
        1,
        0,
        4,
        1,
        2,
        1,
        1,
        2,
        1,
        1,
        3,
        0,
        3,
        2,
        1,
        1,
        4,
        0,
        2,
        0,
        3,
        1,
        3,
        2,
        4,
        0,
        4,
        1,
        3,
        1
    ],
    "makespan": 85,
    "normalized_makespan": 0.09380530973451327,
    "energy": 2309,
    "normalized_energy": 0.7772151898734178,
    "tardiness": 44,
    "normalized_tardiness": 0.07370184254606366,
    "bestObjectiveFunction": 0.9447223421539948,
    "tiempo_por_iteracion": 0.5668134537148983
}