{
    "bestSolution": [
        4,
        2,
        3,
        1,
        4,
        1,
        3,
        1,
        0,
        0,
        2,
        1,
        1,
        1,
        4,
        1,
        2,
        1,
        0,
        1,
        4,
        0,
        1,
        1,
        3,
        1,
        3,
        0,
        1,
        1,
        2,
        1,
        1,
        1,
        3,
        2,
        2,
        1,
        0,
        0,
        4,
        0,
        0,
        2,
        2,
        1,
        1,
        1,
        0,
        1
    ],
    "makespan": 414,
    "normalized_makespan": 0.07652439024390244,
    "energy": 1585,
    "normalized_energy": 0.705648369132856,
    "tardiness": 397,
    "normalized_tardiness": 0.11530641882079581,
    "bestObjectiveFunction": 0.8974791781975543,
    "tiempo_por_iteracion": 0.30252902394249326
}