{
    "status": "OPTIMAL_SOLUTION",
    "solution": {
        "objective": 0.873149767027111,
        "start_time": [
            [
                209,
                313,
                391,
                181,
                80
            ],
            [
                77,
                363,
                298,
                258,
                175
            ],
            [
                379,
                131,
                268,
                99,
                313
            ],
            [
                142,
                182,
                333,
                0,
                42
            ],
            [
                35,
                88,
                122,
                304,
                10
            ]
        ],
        "SpeedScaling": [
            [
                1,
                1,
                2,
                2,
                1
            ],
            [
                2,
                2,
                2,
                2,
                2
            ],
            [
                2,
                2,
                2,
                2,
                2
            ],
            [
                2,
                1,
                2,
                2,
                2
            ],
            [
                2,
                2,
                1,
                1,
                1
            ]
        ],
        "_output_item": "Objective function normalized: M-0.07713414634146341 + E-0.6595067621320606 + T-0.136508858553587 = 0.873149767027111 \nObjective function: M-416.0 + E-1527.0 + T-470.0 = 0.873149767027111 \nStart Times: [209, 313, 391, 181, 80, 77, 363, 298, 258, 175, 379, 131, 268, 99, 313, 142, 182, 333, 0, 42, 35, 88, 122, 304, 10]\nSpeed Scaling; [1, 1, 2, 2, 1, 2, 2, 2, 2, 2, 2, 2, 2, 2, 2, 2, 1, 2, 2, 2, 2, 2, 1, 1, 1]\n",
        "_checker": ""
    },
    "statistics": {
        "paths": 0,
        "flatIntVars": 451,
        "flatFloatVars": 54,
        "flatIntConstraints": 576,
        "flatFloatConstraints": 54,
        "evaluatedHalfReifiedConstraints": 100,
        "method": "minimize",
        "flatTime": 138.441,
        "objective": 0.873149767027,
        "objectiveBound": 0.873149767027,
        "nodes": 14457,
        "solveTime": 23323.3,
        "time": 2838.0,
        "openNodes": 304,
        "nSolutions": 17
    }
}