{
    "bestSolution": [
        4,
        0,
        3,
        1,
        3,
        2,
        2,
        2,
        4,
        1,
        1,
        1,
        0,
        0,
        1,
        2,
        3,
        2,
        4,
        1,
        3,
        1,
        0,
        2,
        4,
        0,
        0,
        2,
        2,
        2,
        0,
        2,
        2,
        2,
        1,
        2,
        2,
        1,
        3,
        2,
        1,
        1,
        4,
        0,
        1,
        1,
        0,
        1,
        2,
        2
    ],
    "makespan": 414,
    "normalized_makespan": 0.07652439024390244,
    "energy": 1723,
    "normalized_energy": 0.8154335719968179,
    "tardiness": 281,
    "normalized_tardiness": 0.08161487075225095,
    "bestObjectiveFunction": 0.9735728329929713,
    "tiempo_por_iteracion": 0.46358399234548975
}