{
    "bestSolution": [
        3,
        2,
        2,
        1,
        2,
        0,
        4,
        2,
        0,
        0,
        1,
        0,
        0,
        1,
        0,
        2,
        4,
        4,
        1,
        4,
        0,
        2,
        0,
        1,
        1,
        3,
        2,
        2,
        3,
        0,
        3,
        4,
        2,
        1,
        3,
        1,
        1,
        0,
        4,
        3,
        4,
        0,
        4,
        2,
        0,
        2,
        3,
        1,
        3,
        1,
        3,
        0,
        2,
        1,
        2,
        3,
        4,
        0,
        2,
        0,
        3,
        2,
        0,
        0,
        1,
        3,
        1,
        1,
        0,
        0,
        4,
        4,
        3,
        0,
        4,
        1,
        2,
        0,
        1,
        4,
        4,
        1,
        1,
        1,
        3,
        2,
        1,
        1,
        1,
        0,
        0,
        1,
        4,
        0,
        0,
        2,
        2,
        1,
        2,
        0
    ],
    "makespan": 764,
    "normalized_makespan": 0.08084772370486656,
    "energy": 2914,
    "normalized_energy": 0.5798217179902755,
    "tardiness": 91,
    "normalized_tardiness": 0.013748300347484515,
    "bestObjectiveFunction": 0.6744177420426266,
    "tiempo_por_iteracion": 0.49831894785165787
}