{
    "bestSolution": [
        0,
        0,
        4,
        1,
        3,
        2,
        4,
        1,
        1,
        0,
        8,
        1,
        3,
        0,
        4,
        1,
        1,
        1,
        6,
        0,
        0,
        0,
        8,
        0,
        2,
        0,
        4,
        0,
        5,
        2,
        5,
        1,
        3,
        1,
        2,
        1,
        9,
        1,
        0,
        2,
        7,
        1,
        2,
        0,
        4,
        2,
        6,
        1,
        3,
        2,
        8,
        1,
        0,
        0,
        5,
        2,
        1,
        2,
        9,
        1,
        6,
        1,
        3,
        1,
        0,
        2,
        9,
        2,
        2,
        1,
        8,
        1,
        8,
        1,
        6,
        0,
        9,
        2,
        7,
        2,
        7,
        1,
        5,
        2,
        2,
        0,
        9,
        1,
        6,
        1,
        1,
        0,
        7,
        2,
        5,
        0,
        1,
        2,
        7,
        1
    ],
    "makespan": 639,
    "normalized_makespan": 0.0815729606759831,
    "energy": 3225,
    "normalized_energy": 0.6855268552685527,
    "tardiness": 1101,
    "normalized_tardiness": 0.17501192179303768,
    "bestObjectiveFunction": 0.9421117377375735,
    "tiempo_por_iteracion": 0.5653243586421013
}