{
    "bestSolution": [
        3,
        0,
        1,
        0,
        2,
        4,
        3,
        2,
        0,
        0,
        1,
        2,
        3,
        1,
        4,
        0,
        1,
        2,
        0,
        1,
        3,
        1,
        3,
        2,
        4,
        4,
        0,
        1,
        2,
        3,
        1,
        4,
        1,
        3,
        4,
        3,
        4,
        0,
        4,
        0,
        3,
        1,
        1,
        0,
        0,
        2,
        4,
        0,
        3,
        1,
        2,
        0,
        2,
        1,
        2,
        0,
        3,
        1,
        4,
        1,
        0,
        0,
        1,
        0,
        3,
        0,
        3,
        4,
        2,
        0,
        1,
        1,
        4,
        3,
        1,
        2,
        4,
        0,
        2,
        2,
        0,
        1,
        0,
        0,
        1,
        0,
        4,
        4,
        2,
        3,
        3,
        0,
        4,
        2,
        1,
        2,
        2,
        2,
        4,
        2,
        2,
        1,
        3,
        3,
        2,
        0,
        0,
        0,
        0,
        2,
        4,
        0,
        2,
        1,
        1,
        0,
        3,
        3,
        4,
        2,
        0,
        4,
        3,
        1,
        0,
        4,
        4,
        2,
        0,
        4,
        2,
        2,
        0,
        3,
        0,
        1,
        3,
        2,
        1,
        2,
        0,
        4,
        1,
        0,
        4,
        4,
        4,
        1,
        2,
        4,
        2,
        1,
        0,
        4,
        1,
        4,
        3,
        0,
        2,
        1,
        0,
        0,
        2,
        0,
        1,
        3,
        3,
        0,
        0,
        0,
        1,
        4,
        1,
        1,
        3,
        4,
        4,
        0,
        2,
        2,
        3,
        0,
        0,
        2,
        0,
        3,
        1,
        1,
        3,
        1,
        1,
        0,
        4,
        2,
        2,
        1,
        2,
        1,
        4,
        1
    ],
    "makespan": 1388,
    "normalized_makespan": 0.0683659822201243,
    "energy": 5937,
    "normalized_energy": 0.5964482547458665,
    "tardiness": 234,
    "normalized_tardiness": 0.017687074829931974,
    "bestObjectiveFunction": 0.6825013117959228,
    "tiempo_por_iteracion": 1.1239830193848446
}