{
    "bestSolution": [
        1,
        0,
        4,
        0,
        3,
        0,
        0,
        0,
        2,
        4,
        4,
        2,
        4,
        1,
        0,
        2,
        0,
        2,
        1,
        4,
        2,
        4,
        2,
        0,
        1,
        0,
        2,
        1,
        4,
        0,
        3,
        3,
        0,
        3,
        2,
        1,
        1,
        4,
        3,
        4,
        3,
        4,
        2,
        3,
        0,
        4,
        4,
        1,
        3,
        0,
        1,
        4,
        1,
        0,
        0,
        4,
        2,
        4,
        3,
        4,
        0,
        4,
        0,
        1,
        3,
        0,
        4,
        4,
        4,
        0,
        2,
        3,
        2,
        2,
        4,
        0,
        1,
        0,
        0,
        0,
        1,
        4,
        0,
        0,
        3,
        1,
        2,
        2,
        2,
        4,
        2,
        2,
        0,
        0,
        1,
        1,
        0,
        4,
        3,
        4,
        3,
        0,
        2,
        1,
        4,
        1,
        1,
        3,
        2,
        2,
        2,
        3,
        0,
        1,
        4,
        3,
        0,
        4,
        1,
        4,
        1,
        2,
        2,
        0,
        1,
        0,
        4,
        0,
        4,
        1,
        3,
        2,
        4,
        1,
        0,
        0,
        1,
        3,
        3,
        3,
        3,
        2,
        0,
        4,
        1,
        0,
        2,
        0,
        0,
        0,
        4,
        0,
        4,
        4,
        4,
        4,
        0,
        0,
        3,
        2,
        1,
        3,
        2,
        4,
        0,
        4,
        3,
        0,
        1,
        0,
        4,
        4,
        4,
        4,
        1,
        2,
        3,
        1,
        4,
        3,
        3,
        4,
        2,
        1,
        0,
        3,
        2,
        0,
        3,
        0,
        4,
        1,
        3,
        3,
        1,
        4,
        1,
        2,
        3,
        3
    ],
    "makespan": 1401,
    "normalized_makespan": 0.06938871843285344,
    "energy": 6057,
    "normalized_energy": 0.6209430496019596,
    "tardiness": 232,
    "normalized_tardiness": 0.017535903250188965,
    "bestObjectiveFunction": 0.7078676712850019,
    "tiempo_por_iteracion": 2.9432606968012722
}