{
    "bestSolution": [
        9,
        1,
        0,
        2,
        8,
        2,
        1,
        2,
        5,
        1,
        8,
        2,
        2,
        1,
        0,
        1,
        7,
        2,
        5,
        1,
        7,
        0,
        4,
        0,
        6,
        1,
        2,
        2,
        7,
        2,
        2,
        2,
        5,
        2,
        8,
        2,
        6,
        2,
        0,
        2,
        3,
        1,
        6,
        1,
        9,
        1,
        8,
        2,
        4,
        2,
        4,
        1,
        9,
        2,
        9,
        2,
        9,
        1,
        0,
        1,
        7,
        1,
        1,
        2,
        1,
        1,
        7,
        1,
        2,
        1,
        6,
        1,
        8,
        1,
        5,
        1,
        9,
        0,
        0,
        0,
        3,
        1,
        2,
        2,
        3,
        2,
        6,
        2,
        7,
        2,
        1,
        2,
        1,
        1,
        5,
        1,
        4,
        1,
        0,
        0,
        8,
        0,
        3,
        2,
        2,
        1,
        3,
        2,
        4,
        1,
        2,
        1,
        2,
        2,
        7,
        2,
        6,
        2,
        5,
        2,
        1,
        2,
        6,
        1,
        3,
        1,
        0,
        1,
        4,
        1,
        8,
        1,
        5,
        1,
        5,
        2,
        2,
        2,
        4,
        2,
        9,
        2,
        7,
        2,
        3,
        2,
        0,
        1,
        8,
        2,
        1,
        1,
        8,
        1,
        7,
        2,
        3,
        0,
        1,
        1,
        2,
        2,
        9,
        2,
        9,
        1,
        0,
        1,
        6,
        2,
        9,
        2,
        6,
        1,
        4,
        1,
        4,
        2,
        4,
        2,
        1,
        1,
        5,
        1,
        5,
        1,
        7,
        2,
        3,
        2,
        8,
        2,
        1,
        1,
        3,
        1,
        0,
        1,
        6,
        2
    ],
    "makespan": 857,
    "normalized_makespan": 0.03926921461570768,
    "energy": 7084,
    "normalized_energy": 0.8713768115942029,
    "tardiness": 1532,
    "normalized_tardiness": 0.10506103415169386,
    "bestObjectiveFunction": 1.0157070603616043,
    "tiempo_por_iteracion": 2.2458914079164205
}