{
    "bestSolution": [
        0,
        2,
        1,
        3,
        4,
        4,
        1,
        0,
        8,
        2,
        9,
        0,
        3,
        4,
        0,
        0,
        6,
        0,
        3,
        0,
        8,
        2,
        7,
        0,
        3,
        1,
        4,
        3,
        4,
        1,
        1,
        1,
        6,
        0,
        5,
        0,
        0,
        1,
        9,
        0,
        2,
        0,
        2,
        1,
        3,
        0,
        6,
        4,
        0,
        0,
        5,
        0,
        9,
        1,
        7,
        3,
        8,
        0,
        8,
        4,
        6,
        1,
        6,
        2,
        8,
        1,
        1,
        0,
        7,
        2,
        6,
        4,
        9,
        4,
        2,
        0,
        3,
        3,
        7,
        0,
        0,
        0,
        1,
        4,
        2,
        3,
        1,
        0,
        5,
        1,
        4,
        2,
        8,
        0,
        2,
        0,
        5,
        0,
        3,
        1,
        9,
        0,
        0,
        3,
        1,
        0,
        3,
        0,
        4,
        0,
        7,
        0,
        9,
        0,
        3,
        0,
        1,
        3,
        1,
        0,
        5,
        0,
        0,
        2,
        2,
        0,
        6,
        0,
        7,
        0,
        6,
        0,
        2,
        0,
        0,
        0,
        0,
        0,
        2,
        0,
        4,
        0,
        7,
        0,
        3,
        0,
        7,
        0,
        4,
        0,
        7,
        0,
        8,
        0,
        2,
        0,
        5,
        4,
        7,
        3,
        6,
        0,
        5,
        3,
        8,
        4,
        8,
        0,
        9,
        0,
        5,
        1,
        1,
        0,
        2,
        1,
        9,
        1,
        4,
        0,
        0,
        0,
        4,
        2,
        9,
        2,
        5,
        0,
        9,
        1,
        5,
        0,
        3,
        1,
        6,
        0,
        8,
        0,
        4,
        4
    ],
    "makespan": 1713,
    "normalized_makespan": 0.1040616661725467,
    "energy": 4690,
    "normalized_energy": 0.3487794786925941,
    "tardiness": 0,
    "normalized_tardiness": 0,
    "bestObjectiveFunction": 0.4528411448651408,
    "tiempo_por_iteracion": 1.1554201543331146
}