{
    "bestSolution": [
        9,
        0,
        6,
        0,
        0,
        0,
        3,
        0,
        2,
        0,
        10,
        0,
        13,
        0,
        0,
        0,
        5,
        0,
        7,
        0,
        15,
        0,
        8,
        0,
        15,
        0,
        19,
        0,
        13,
        0,
        16,
        0,
        15,
        0,
        14,
        0,
        6,
        0,
        17,
        0,
        11,
        0,
        10,
        0,
        1,
        0,
        11,
        0,
        10,
        0,
        9,
        0,
        19,
        0,
        5,
        0,
        12,
        0,
        14,
        0,
        5,
        0,
        7,
        0,
        16,
        0,
        9,
        0,
        11,
        0,
        18,
        0,
        12,
        0,
        10,
        0,
        11,
        0,
        13,
        0,
        14,
        0,
        6,
        0,
        2,
        0,
        14,
        0,
        16,
        0,
        12,
        0,
        3,
        0,
        16,
        0,
        4,
        0,
        1,
        0,
        4,
        0,
        3,
        0,
        7,
        0,
        12,
        0,
        19,
        0,
        5,
        0,
        18,
        0,
        2,
        0,
        17,
        0,
        5,
        0,
        7,
        0,
        14,
        0,
        15,
        0,
        4,
        0,
        10,
        0,
        6,
        0,
        11,
        0,
        18,
        0,
        2,
        0,
        8,
        0,
        7,
        0,
        12,
        0,
        0,
        0,
        6,
        0,
        17,
        0,
        3,
        0,
        18,
        0,
        8,
        0,
        4,
        0,
        18,
        0,
        13,
        0,
        4,
        0,
        13,
        0,
        19,
        0,
        0,
        0,
        1,
        0,
        16,
        0,
        8,
        0,
        17,
        0,
        2,
        0,
        9,
        0,
        1,
        0,
        0,
        0,
        19,
        0,
        8,
        0,
        3,
        0,
        1,
        0,
        9,
        0,
        15,
        0,
        17,
        0
    ],
    "makespan": 807,
    "normalized_makespan": 0.17403846153846153,
    "energy": 7190,
    "normalized_energy": 0,
    "tardiness": 2032,
    "normalized_tardiness": 0.6004728132387707,
    "bestObjectiveFunction": 0.7745112747772323,
    "tiempo_por_iteracion": 0.7521679861204965
}