{
    "bestSolution": [
        2,
        2,
        3,
        0,
        3,
        2,
        0,
        0,
        3,
        1,
        1,
        2,
        2,
        2,
        3,
        2,
        0,
        2,
        2,
        1,
        4,
        2,
        2,
        2,
        4,
        2,
        1,
        2,
        4,
        1,
        4,
        2,
        0,
        1,
        3,
        2,
        2,
        2,
        0,
        2,
        1,
        2,
        1,
        1,
        4,
        2,
        3,
        2,
        4,
        2,
        3,
        2,
        1,
        1,
        3,
        1,
        0,
        1,
        4,
        2,
        1,
        2,
        0,
        2,
        3,
        1,
        2,
        2,
        0,
        1,
        2,
        1,
        2,
        2,
        4,
        1,
        2,
        2,
        4,
        0,
        0,
        1,
        1,
        2,
        1,
        2,
        1,
        1,
        1,
        2,
        1,
        2,
        0,
        1,
        4,
        2,
        4,
        2,
        4,
        1,
        1,
        1,
        4,
        1,
        0,
        2,
        0,
        0,
        0,
        2,
        2,
        2,
        2,
        2,
        0,
        2,
        3,
        1,
        3,
        0,
        0,
        0,
        2,
        1,
        3,
        2,
        2,
        2,
        1,
        1,
        2,
        2,
        1,
        2,
        3,
        2,
        3,
        1,
        3,
        0,
        4,
        0,
        4,
        2,
        1,
        2,
        0,
        1,
        3,
        1,
        4,
        2,
        3,
        2,
        2,
        2,
        0,
        1,
        3,
        0,
        1,
        0,
        3,
        2,
        1,
        2,
        4,
        2,
        0,
        2,
        3,
        2,
        1,
        2,
        4,
        1,
        2,
        1,
        2,
        1,
        2,
        0,
        0,
        1,
        0,
        2,
        0,
        1,
        1,
        0,
        2,
        1,
        4,
        1,
        4,
        2,
        2,
        1,
        1,
        1
    ],
    "makespan": 1408,
    "normalized_makespan": 0.06859375,
    "energy": 7126,
    "normalized_energy": 0.8476151980598221,
    "tardiness": 1018,
    "normalized_tardiness": 0.07636909227306826,
    "bestObjectiveFunction": 0.9925780403328903,
    "tiempo_por_iteracion": 1.8619553565979003
}