{
    "bestSolution": [
        5,
        2,
        2,
        4,
        0,
        2,
        3,
        3,
        8,
        2,
        5,
        1,
        3,
        4,
        2,
        2,
        1,
        0,
        0,
        4,
        5,
        3,
        7,
        2,
        3,
        1,
        0,
        2,
        2,
        1,
        6,
        3,
        8,
        0,
        5,
        1,
        0,
        4,
        7,
        0,
        3,
        1,
        3,
        3,
        6,
        2,
        1,
        1,
        6,
        1,
        5,
        1,
        9,
        4,
        7,
        1,
        6,
        1,
        3,
        2,
        5,
        3,
        0,
        2,
        6,
        4,
        8,
        2,
        1,
        0,
        9,
        3,
        4,
        0,
        0,
        4,
        7,
        0,
        5,
        1,
        3,
        4,
        5,
        0,
        0,
        4,
        2,
        2,
        4,
        4,
        6,
        1,
        2,
        0,
        4,
        1,
        8,
        0,
        8,
        0,
        0,
        0,
        0,
        2,
        9,
        1,
        1,
        0,
        8,
        1,
        3,
        1,
        7,
        0,
        2,
        1,
        5,
        0,
        9,
        1,
        6,
        0,
        7,
        1,
        9,
        1,
        5,
        4,
        1,
        4,
        4,
        1,
        0,
        3,
        4,
        1,
        3,
        0,
        2,
        1,
        7,
        3,
        9,
        0,
        6,
        4,
        6,
        3,
        2,
        3,
        4,
        0,
        4,
        1,
        1,
        4,
        7,
        2,
        1,
        0,
        9,
        2,
        7,
        3,
        8,
        4,
        9,
        1,
        4,
        4,
        2,
        1,
        3,
        3,
        9,
        3,
        6,
        2,
        4,
        0,
        8,
        0,
        8,
        3,
        1,
        4,
        2,
        1,
        1,
        0,
        7,
        0,
        9,
        0,
        4,
        0,
        8,
        0,
        1,
        3
    ],
    "makespan": 273,
    "normalized_makespan": 0.07967667436489607,
    "energy": 8967,
    "normalized_energy": 0.6580946814728229,
    "tardiness": 768,
    "normalized_tardiness": 0.2882882882882883,
    "bestObjectiveFunction": 1.0260596441260073,
    "tiempo_por_iteracion": 1.1280272232161628
}