{
    "bestSolution": [
        11,
        0,
        8,
        2,
        8,
        0,
        16,
        4,
        7,
        0,
        5,
        1,
        16,
        0,
        7,
        0,
        13,
        1,
        15,
        1,
        14,
        0,
        1,
        3,
        7,
        3,
        4,
        1,
        13,
        1,
        9,
        1,
        8,
        2,
        11,
        2,
        10,
        1,
        17,
        2,
        19,
        3,
        12,
        0,
        2,
        0,
        17,
        3,
        9,
        0,
        3,
        2,
        19,
        1,
        1,
        0,
        3,
        2,
        18,
        0,
        14,
        0,
        0,
        1,
        17,
        0,
        9,
        1,
        2,
        0,
        3,
        1,
        6,
        1,
        10,
        3,
        3,
        1,
        11,
        0,
        4,
        0,
        16,
        1,
        4,
        3,
        15,
        4,
        8,
        0,
        5,
        1,
        15,
        0,
        4,
        2,
        13,
        1,
        7,
        0,
        18,
        1,
        0,
        4,
        6,
        3,
        5,
        3,
        2,
        0,
        17,
        1,
        0,
        2,
        18,
        3,
        11,
        2,
        18,
        4,
        9,
        1,
        12,
        3,
        15,
        2,
        6,
        0,
        4,
        4,
        14,
        4,
        16,
        3,
        1,
        0,
        12,
        2,
        13,
        1,
        0,
        1,
        17,
        2,
        10,
        2,
        19,
        1,
        5,
        3,
        2,
        3,
        6,
        0,
        5,
        3,
        19,
        4,
        9,
        1,
        0,
        4,
        14,
        1,
        11,
        2,
        15,
        1,
        8,
        2,
        1,
        0,
        6,
        3,
        19,
        4,
        16,
        1,
        2,
        1,
        12,
        3,
        10,
        0,
        3,
        0,
        10,
        3,
        7,
        1,
        1,
        0,
        12,
        3,
        18,
        1,
        13,
        1,
        14,
        2
    ],
    "makespan": 252,
    "normalized_makespan": 0.09502262443438914,
    "energy": 9163,
    "normalized_energy": 0.6981505944517834,
    "tardiness": 676,
    "normalized_tardiness": 0.30017761989342806,
    "bestObjectiveFunction": 1.0933508387796005,
    "tiempo_por_iteracion": 1.3446954771092063
}