{
    "bestSolution": [
        3,
        3,
        4,
        2,
        4,
        2,
        4,
        0,
        3,
        2,
        3,
        2,
        0,
        4,
        1,
        3,
        2,
        1,
        1,
        0,
        2,
        0,
        0,
        0,
        2,
        3,
        1,
        0,
        3,
        0,
        4,
        0,
        3,
        4,
        3,
        1,
        2,
        0,
        3,
        2,
        0,
        2,
        0,
        3,
        2,
        0,
        4,
        2,
        1,
        1,
        1,
        0,
        0,
        3,
        4,
        2,
        1,
        0,
        4,
        2,
        0,
        1,
        3,
        1,
        1,
        3,
        3,
        3,
        4,
        0,
        3,
        1,
        4,
        0,
        2,
        4,
        1,
        0,
        0,
        1,
        3,
        3,
        4,
        3,
        4,
        3,
        2,
        2,
        2,
        2,
        0,
        0,
        3,
        0,
        0,
        0,
        1,
        0,
        4,
        3,
        2,
        0,
        0,
        3,
        1,
        2,
        0,
        1,
        2,
        2,
        4,
        1,
        4,
        3,
        4,
        2,
        3,
        0,
        0,
        1,
        1,
        1,
        1,
        3,
        3,
        0,
        4,
        3,
        1,
        4,
        2,
        0,
        0,
        1,
        1,
        4,
        4,
        3,
        0,
        0,
        3,
        1,
        2,
        3,
        3,
        0,
        1,
        0,
        2,
        3,
        1,
        3,
        2,
        1,
        0,
        0,
        1,
        1,
        1,
        3,
        4,
        0,
        0,
        0,
        2,
        4,
        0,
        0,
        3,
        3,
        3,
        2,
        4,
        0,
        2,
        2,
        2,
        1,
        4,
        0,
        2,
        0,
        1,
        3,
        1,
        1,
        0,
        4,
        0,
        3,
        2,
        3,
        3,
        3,
        3,
        1,
        0,
        4,
        2,
        1
    ],
    "makespan": 1322,
    "normalized_makespan": 0.06578947368421052,
    "energy": 6052,
    "normalized_energy": 0.6143911439114391,
    "tardiness": 243,
    "normalized_tardiness": 0.01863925749789062,
    "bestObjectiveFunction": 0.6988198750935403,
    "tiempo_por_iteracion": 0.7970786894240031
}