{
    "bestSolution": [
        4,
        4,
        3,
        4,
        2,
        4,
        4,
        3,
        4,
        3,
        3,
        4,
        1,
        0,
        2,
        4,
        0,
        1,
        1,
        1,
        1,
        4,
        3,
        1,
        2,
        0,
        4,
        0,
        0,
        0,
        1,
        0,
        4,
        2,
        1,
        1,
        0,
        4,
        0,
        4,
        3,
        4,
        3,
        1,
        2,
        2,
        2,
        0,
        2,
        0,
        3,
        2,
        4,
        0,
        3,
        3,
        4,
        4,
        4,
        0,
        1,
        2,
        0,
        3,
        4,
        3,
        3,
        0,
        4,
        3,
        0,
        2,
        2,
        2,
        1,
        0,
        3,
        3,
        0,
        0,
        2,
        1,
        2,
        4,
        1,
        1,
        3,
        0,
        1,
        0,
        3,
        0,
        0,
        3,
        2,
        2,
        1,
        0,
        4,
        3,
        0,
        4,
        0,
        3,
        1,
        0,
        3,
        2,
        4,
        0,
        3,
        2,
        2,
        0,
        0,
        4,
        3,
        4,
        1,
        4,
        3,
        1,
        0,
        1,
        4,
        2,
        0,
        2,
        4,
        1,
        1,
        1,
        2,
        4,
        0,
        2,
        2,
        4,
        3,
        0,
        1,
        0,
        1,
        2,
        2,
        4,
        4,
        4,
        0,
        1,
        0,
        0,
        1,
        3,
        1,
        3,
        3,
        4,
        0,
        2,
        0,
        1,
        1,
        2,
        4,
        1,
        0,
        3,
        1,
        1,
        0,
        2,
        3,
        1,
        4,
        0,
        2,
        0,
        2,
        3,
        4,
        3,
        3,
        2,
        2,
        4,
        1,
        4,
        3,
        2,
        4,
        4,
        2,
        2,
        4,
        3,
        2,
        0,
        2,
        2
    ],
    "makespan": 1245,
    "normalized_makespan": 0.05964912280701754,
    "energy": 6338,
    "normalized_energy": 0.6730217302173022,
    "tardiness": 144,
    "normalized_tardiness": 0.011045485924675922,
    "bestObjectiveFunction": 0.7437163389489956,
    "tiempo_por_iteracion": 2.0910961743324035
}