{
    "bestSolution": [
        2,
        0,
        1,
        1,
        1,
        1,
        4,
        2,
        2,
        1,
        0,
        0,
        4,
        0,
        1,
        0,
        4,
        1,
        4,
        0,
        0,
        2,
        2,
        1,
        3,
        1,
        2,
        0,
        3,
        1,
        0,
        1,
        1,
        2,
        1,
        2,
        4,
        1,
        0,
        0,
        2,
        0,
        4,
        1,
        3,
        0,
        1,
        2,
        0,
        1,
        4,
        2,
        3,
        0,
        3,
        1,
        1,
        2,
        0,
        2,
        0,
        0,
        3,
        2,
        4,
        1,
        2,
        1,
        4,
        0,
        4,
        1,
        2,
        0,
        1,
        0,
        3,
        2,
        0,
        0,
        1,
        2,
        3,
        0,
        4,
        1,
        2,
        1,
        1,
        1,
        2,
        0,
        4,
        1,
        2,
        1,
        1,
        0,
        2,
        0,
        1,
        2,
        3,
        0,
        4,
        2,
        3,
        0,
        1,
        0,
        0,
        2,
        2,
        0,
        1,
        0,
        0,
        1,
        0,
        0,
        2,
        0,
        0,
        2,
        3,
        2,
        4,
        0,
        4,
        0,
        3,
        1,
        3,
        1,
        3,
        1,
        4,
        2,
        2,
        2,
        0,
        0,
        2,
        2,
        1,
        0,
        1,
        1,
        3,
        2,
        3,
        0,
        0,
        0,
        0,
        1,
        2,
        2,
        3,
        0,
        3,
        1,
        0,
        1,
        4,
        2,
        0,
        1,
        4,
        2,
        2,
        0,
        0,
        0,
        2,
        0,
        1,
        0,
        0,
        2,
        1,
        2,
        1,
        2,
        0,
        1,
        4,
        0,
        1,
        1,
        4,
        1,
        3,
        1,
        2,
        0,
        3,
        2,
        2,
        2
    ],
    "makespan": 1594,
    "normalized_makespan": 0.07554198018326752,
    "energy": 5744,
    "normalized_energy": 0.5786677564364529,
    "tardiness": 777,
    "normalized_tardiness": 0.055488109690780545,
    "bestObjectiveFunction": 0.7096978463105009,
    "tiempo_por_iteracion": 1.5537302236299257
}