{
    "bestSolution": [
        0,
        1,
        1,
        3,
        2,
        2,
        1,
        1,
        3,
        0,
        4,
        2,
        4,
        4,
        2,
        2,
        0,
        1,
        3,
        2,
        2,
        0,
        1,
        2,
        0,
        4,
        4,
        1,
        1,
        3,
        4,
        4,
        3,
        4,
        1,
        0,
        3,
        1,
        3,
        2,
        0,
        1,
        2,
        1,
        0,
        1,
        4,
        0,
        2,
        1
    ],
    "makespan": 413,
    "normalized_makespan": 0.06668651384340578,
    "energy": 1559,
    "normalized_energy": 0.6931637519872814,
    "tardiness": 49,
    "normalized_tardiness": 0.013810597519729425,
    "bestObjectiveFunction": 0.7736608633504166,
    "tiempo_por_iteracion": 0.6264750910277413
}