{
    "bestSolution": [
        15,
        4,
        11,
        2,
        8,
        2,
        18,
        0,
        5,
        2,
        11,
        0,
        12,
        4,
        16,
        2,
        10,
        1,
        15,
        3,
        17,
        2,
        12,
        2,
        16,
        4,
        19,
        1,
        8,
        3,
        15,
        1,
        13,
        4,
        7,
        4,
        18,
        3,
        12,
        1,
        16,
        4,
        12,
        1,
        0,
        2,
        1,
        4,
        1,
        1,
        14,
        4,
        1,
        2,
        7,
        4,
        9,
        4,
        16,
        1,
        10,
        4,
        14,
        3,
        3,
        1,
        9,
        1,
        14,
        3,
        5,
        2,
        2,
        1,
        2,
        4,
        9,
        2,
        6,
        1,
        5,
        1,
        4,
        4,
        16,
        2,
        7,
        0,
        6,
        2,
        17,
        4,
        8,
        0,
        3,
        4,
        17,
        4,
        2,
        2,
        12,
        3,
        13,
        2,
        9,
        3,
        8,
        4,
        1,
        0,
        5,
        0,
        0,
        0,
        0,
        3,
        3,
        4,
        13,
        4,
        6,
        4,
        6,
        4,
        2,
        1,
        11,
        3,
        4,
        4,
        0,
        4,
        4,
        1,
        1,
        1,
        3,
        4,
        19,
        1,
        7,
        4,
        19,
        4,
        18,
        2,
        4,
        0,
        13,
        2,
        10,
        2,
        7,
        3,
        18,
        1,
        9,
        1,
        4,
        3,
        0,
        0,
        14,
        3,
        3,
        3,
        2,
        0,
        11,
        1,
        19,
        1,
        10,
        1,
        5,
        0,
        17,
        3,
        19,
        4,
        15,
        1,
        11,
        2,
        8,
        2,
        14,
        1,
        15,
        1,
        6,
        4,
        13,
        2,
        18,
        3,
        17,
        4,
        10,
        2
    ],
    "makespan": 1196,
    "normalized_makespan": 0.07293748215815016,
    "energy": 6760,
    "normalized_energy": 0.7855657237936772,
    "tardiness": 3387,
    "normalized_tardiness": 0.238756520513182,
    "bestObjectiveFunction": 1.0972597264650095,
    "tiempo_por_iteracion": 2.9988859856829926
}