{
    "bestSolution": [
        11,
        1,
        7,
        0,
        6,
        0,
        11,
        1,
        7,
        2,
        0,
        2,
        1,
        2,
        7,
        0,
        10,
        2,
        11,
        2,
        15,
        1,
        19,
        1,
        9,
        1,
        3,
        1,
        2,
        1,
        0,
        1,
        12,
        2,
        18,
        1,
        13,
        0,
        9,
        2,
        12,
        0,
        4,
        1,
        3,
        2,
        4,
        1,
        3,
        1,
        3,
        2,
        16,
        2,
        16,
        2,
        8,
        2,
        11,
        1,
        11,
        2,
        9,
        2,
        14,
        1,
        10,
        0,
        8,
        1,
        15,
        1,
        10,
        2,
        13,
        0,
        18,
        2,
        19,
        1,
        1,
        1,
        16,
        1,
        4,
        2,
        0,
        1,
        13,
        2,
        19,
        1,
        18,
        0,
        6,
        0,
        9,
        1,
        3,
        1,
        0,
        1,
        0,
        0,
        14,
        0,
        6,
        1,
        10,
        1,
        12,
        1,
        8,
        0,
        17,
        0,
        5,
        0,
        5,
        2,
        19,
        1,
        17,
        1,
        5,
        1,
        17,
        0,
        8,
        0,
        12,
        1,
        18,
        0,
        2,
        2,
        15,
        0,
        14,
        1,
        1,
        2,
        1,
        2,
        4,
        2,
        16,
        0,
        7,
        0,
        12,
        0,
        2,
        2,
        19,
        0,
        16,
        1,
        8,
        1,
        13,
        2,
        9,
        1,
        17,
        0,
        18,
        0,
        1,
        2,
        15,
        0,
        17,
        0,
        6,
        0,
        5,
        1,
        6,
        0,
        15,
        1,
        14,
        0,
        5,
        1,
        10,
        2,
        14,
        2,
        7,
        1,
        13,
        0,
        2,
        0,
        2,
        2,
        4,
        2
    ],
    "makespan": 258,
    "normalized_makespan": 0.08972797401542834,
    "energy": 9123,
    "normalized_energy": 0.7259439707673568,
    "tardiness": 869,
    "normalized_tardiness": 0.3476,
    "bestObjectiveFunction": 1.1632719447827853,
    "tiempo_por_iteracion": 0.852328965913004
}