{
    "bestSolution": [
        0,
        1,
        3,
        2,
        3,
        4,
        1,
        1,
        2,
        1,
        4,
        2,
        0,
        0,
        4,
        4,
        3,
        1,
        1,
        1,
        1,
        3,
        4,
        4,
        4,
        0,
        1,
        1,
        1,
        2,
        2,
        2,
        3,
        1,
        2,
        2,
        1,
        0,
        0,
        0,
        3,
        1,
        4,
        2,
        2,
        2,
        2,
        0,
        1,
        2,
        4,
        4,
        1,
        0,
        0,
        2,
        0,
        0,
        4,
        1,
        3,
        1,
        2,
        0,
        1,
        3,
        3,
        2,
        0,
        3,
        0,
        0,
        4,
        0,
        3,
        1,
        2,
        2,
        0,
        3,
        4,
        2,
        2,
        1,
        3,
        0,
        0,
        3,
        2,
        4,
        0,
        3,
        4,
        3,
        3,
        1,
        1,
        1,
        2,
        3
    ],
    "makespan": 649,
    "normalized_makespan": 0.060376775787523165,
    "energy": 3089,
    "normalized_energy": 0.6671955573185244,
    "tardiness": 8,
    "normalized_tardiness": 0.001188001188001188,
    "bestObjectiveFunction": 0.7287603342940489,
    "tiempo_por_iteracion": 0.8208962363581503
}