{
    "bestSolution": [
        1,
        3,
        2,
        1,
        2,
        2,
        0,
        0,
        4,
        1,
        2,
        3,
        1,
        1,
        2,
        1,
        3,
        1,
        1,
        1,
        0,
        2,
        3,
        1,
        1,
        2,
        4,
        1,
        3,
        2,
        2,
        1,
        4,
        4,
        2,
        4,
        3,
        2,
        1,
        0,
        3,
        2,
        2,
        0,
        3,
        3,
        2,
        1,
        0,
        3,
        1,
        4,
        0,
        0,
        0,
        2,
        4,
        1,
        2,
        0,
        3,
        2,
        0,
        1,
        0,
        4,
        4,
        2,
        4,
        2,
        2,
        0,
        3,
        1,
        3,
        0,
        4,
        1,
        1,
        1,
        4,
        3,
        0,
        2,
        2,
        1,
        1,
        0,
        2,
        1,
        1,
        1,
        2,
        1,
        1,
        1,
        0,
        4,
        4,
        4,
        4,
        1,
        1,
        3,
        4,
        0,
        1,
        1,
        0,
        0,
        1,
        0,
        0,
        1,
        3,
        0,
        3,
        0,
        3,
        1,
        2,
        0,
        2,
        0,
        0,
        0,
        0,
        2,
        4,
        0,
        3,
        4,
        1,
        2,
        3,
        0,
        4,
        1,
        3,
        2,
        1,
        2,
        4,
        1,
        4,
        4,
        3,
        3,
        0,
        0,
        0,
        4,
        4,
        0,
        0,
        1,
        2,
        0,
        2,
        2,
        4,
        2,
        1,
        4,
        1,
        0,
        1,
        2,
        0,
        0,
        4,
        2,
        3,
        1,
        4,
        0,
        1,
        1,
        2,
        3,
        1,
        2,
        3,
        2,
        3,
        4,
        2,
        2,
        0,
        0,
        2,
        3,
        0,
        1,
        3,
        0,
        0,
        1,
        4,
        0
    ],
    "makespan": 1403,
    "normalized_makespan": 0.07004964147821291,
    "energy": 5996,
    "normalized_energy": 0.6104187946884576,
    "tardiness": 68,
    "normalized_tardiness": 0.005149564558879213,
    "bestObjectiveFunction": 0.6856180007255497,
    "tiempo_por_iteracion": 1.3646237899859746
}