{
    "bestSolution": [
        5,
        1,
        3,
        0,
        9,
        1,
        2,
        1,
        1,
        0,
        0,
        0,
        7,
        0,
        0,
        0,
        4,
        0,
        6,
        0,
        3,
        0,
        5,
        0,
        4,
        0,
        1,
        0,
        1,
        0,
        8,
        0,
        8,
        0,
        5,
        0,
        3,
        0,
        7,
        1,
        4,
        0,
        2,
        0,
        3,
        1,
        3,
        0,
        7,
        0,
        4,
        0,
        8,
        0,
        2,
        0,
        7,
        1,
        7,
        0,
        0,
        2,
        9,
        1,
        6,
        0,
        5,
        0,
        1,
        2,
        8,
        1,
        1,
        2,
        9,
        0,
        6,
        2,
        5,
        0,
        6,
        0,
        4,
        0,
        8,
        0,
        2,
        0,
        0,
        0,
        2,
        0,
        6,
        0,
        9,
        1,
        0,
        0,
        9,
        0
    ],
    "makespan": 237,
    "normalized_makespan": 0.21172638436482086,
    "energy": 4270,
    "normalized_energy": 0.14156626506024098,
    "tardiness": 0,
    "normalized_tardiness": 0,
    "bestObjectiveFunction": 0.35329264942506183,
    "tiempo_por_iteracion": 0.7476222515106201
}